This is pdfTeX, Version 3.141592653-2.6-1.40.29 (TeX Live 2026) (preloaded format=pdflatex 2026.5.28)  10 SEP 2026 13:03
entering extended mode
 restricted \write18 enabled.
 %&-line parsing enabled.
**societa_250.tex
(./societa_250.tex
LaTeX2e <2025-11-01>
L3 programming layer <2026-03-20>
(/usr/share/texlive/texmf-dist/tex/latex/base/article.cls
Document Class: article 2025/01/22 v1.4n Standard LaTeX document class
(/usr/share/texlive/texmf-dist/tex/latex/base/size10.clo
File: size10.clo 2025/01/22 v1.4n Standard LaTeX file (size option)
)
\c@part=\count275
\c@section=\count276
\c@subsection=\count277
\c@subsubsection=\count278
\c@paragraph=\count279
\c@subparagraph=\count280
\c@figure=\count281
\c@table=\count282
\abovecaptionskip=\skip49
\belowcaptionskip=\skip50
\bibindent=\dimen150
) (/usr/share/texlive/texmf-dist/tex/latex/base/inputenc.sty
Package: inputenc 2024/02/08 v1.3d Input encoding file
\inpenc@prehook=\toks17
\inpenc@posthook=\toks18
) (/usr/share/texlive/texmf-dist/tex/latex/geometry/geometry.sty
Package: geometry 2026/03/07 v6.0 Page Geometry
(/usr/share/texlive/texmf-dist/tex/latex/graphics/keyval.sty
Package: keyval 2022/05/29 v1.15 key=value parser (DPC)
\KV@toks@=\toks19
) (/usr/share/texlive/texmf-dist/tex/generic/iftex/ifvtex.sty
Package: ifvtex 2019/10/25 v1.7 ifvtex legacy package. Use iftex instead.
(/usr/share/texlive/texmf-dist/tex/generic/iftex/iftex.sty
Package: iftex 2024/12/12 v1.0g TeX engine tests
))
\Gm@cnth=\count283
\Gm@cntv=\count284
\c@Gm@tempcnt=\count285
\Gm@bindingoffset=\dimen151
\Gm@wd@mp=\dimen152
\Gm@odd@mp=\dimen153
\Gm@even@mp=\dimen154
\Gm@layoutwidth=\dimen155
\Gm@layoutheight=\dimen156
\Gm@layouthoffset=\dimen157
\Gm@layoutvoffset=\dimen158
\Gm@dimlist=\toks20
) (/usr/share/texlive/texmf-dist/tex/generic/babel/babel.sty
Package: babel 2026/04/15 v26.6 The multilingual framework for LuaLaTeX, pdfLaT
eX and XeLaTeX
\babel@savecnt=\count286
LaTeX Encoding Info:    Redeclaring text command \ij (encoding OT1) on input li
ne 2078.
LaTeX Encoding Info:    Redeclaring text command \IJ (encoding OT1) on input li
ne 2080.
LaTeX Encoding Info:    Redeclaring text command \ij (encoding T1) on input lin
e 2082.
LaTeX Encoding Info:    Redeclaring text command \IJ (encoding T1) on input lin
e 2083.
LaTeX Encoding Info:    Ignoring declaration for text command \ij (encoding ?) 
on input line 2084.
LaTeX Encoding Info:    Ignoring declaration for text command \IJ (encoding ?) 
on input line 2086.
LaTeX Encoding Info:    Ignoring declaration for text command \SS (encoding ?) 
on input line 2111.
\U@D=\dimen159
\l@unhyphenated=\language89
(/usr/share/texlive/texmf-dist/tex/generic/babel/txtbabel.def)
\bbl@readstream=\read2
\bbl@dirlevel=\count287
(/usr/share/texlive/texmf-dist/tex/generic/babel/locale/it/babel-italian.tex)
Package babel Info: Importing font and identification data for italian
(babel)             from babel-it.ini. Reported on input line 4330.
(/usr/share/texlive/texmf-dist/tex/generic/babel-italian/italian.ldf
Language: italian 2026/01/13 v.1.5.02 Italian support for the babel system
\it@lettering=\count288
\it@doublequoteactive=\count289
\it@ISOcompliance=\count290
)) (/usr/share/texlive/texmf-dist/tex/latex/etoolbox/etoolbox.sty
Package: etoolbox 2025/10/02 v2.5m e-TeX tools for LaTeX (JAW)
\etb@tempcnta=\count291
) (/usr/share/texlive/texmf-dist/tex/latex/graphics/graphicx.sty
Package: graphicx 2024/12/31 v1.2e Enhanced LaTeX Graphics (DPC,SPQR)
(/usr/share/texlive/texmf-dist/tex/latex/graphics/graphics.sty
Package: graphics 2024/08/06 v1.4g Standard LaTeX Graphics (DPC,SPQR)
(/usr/share/texlive/texmf-dist/tex/latex/graphics/trig.sty
Package: trig 2023/12/02 v1.11 sin cos tan (DPC)
) (/usr/share/texlive/texmf-dist/tex/latex/graphics-cfg/graphics.cfg
File: graphics.cfg 2016/06/04 v1.11 sample graphics configuration
)
Package graphics Info: Driver file: pdftex.def on input line 106.
(/usr/share/texlive/texmf-dist/tex/latex/graphics-def/pdftex.def
File: pdftex.def 2025/09/29 v1.2d Graphics/color driver for pdftex
))
\Gin@req@height=\dimen160
\Gin@req@width=\dimen161
) (/usr/share/texlive/texmf-dist/tex/latex/tocloft/tocloft.sty
Package: tocloft 2017/08/31 v2.3i parameterised ToC, etc., typesetting
Package tocloft Info: The document has section divisions on input line 51.
\cftparskip=\skip51
\cftbeforetoctitleskip=\skip52
\cftaftertoctitleskip=\skip53
\cftbeforepartskip=\skip54
\cftpartnumwidth=\skip55
\cftpartindent=\skip56
\cftbeforesecskip=\skip57
\cftsecindent=\skip58
\cftsecnumwidth=\skip59
\cftbeforesubsecskip=\skip60
\cftsubsecindent=\skip61
\cftsubsecnumwidth=\skip62
\cftbeforesubsubsecskip=\skip63
\cftsubsubsecindent=\skip64
\cftsubsubsecnumwidth=\skip65
\cftbeforeparaskip=\skip66
\cftparaindent=\skip67
\cftparanumwidth=\skip68
\cftbeforesubparaskip=\skip69
\cftsubparaindent=\skip70
\cftsubparanumwidth=\skip71
\cftbeforeloftitleskip=\skip72
\cftafterloftitleskip=\skip73
\cftbeforefigskip=\skip74
\cftfigindent=\skip75
\cftfignumwidth=\skip76
\c@lofdepth=\count292
\c@lotdepth=\count293
\cftbeforelottitleskip=\skip77
\cftafterlottitleskip=\skip78
\cftbeforetabskip=\skip79
\cfttabindent=\skip80
\cfttabnumwidth=\skip81
) (/usr/share/texlive/texmf-dist/tex/latex/hyperref/hyperref.sty
Package: hyperref 2026-04-24 v7.01q Hypertext links for LaTeX
(/usr/share/texlive/texmf-dist/tex/latex/kvsetkeys/kvsetkeys.sty
Package: kvsetkeys 2022-10-05 v1.19 Key value parser (HO)
) (/usr/share/texlive/texmf-dist/tex/generic/kvdefinekeys/kvdefinekeys.sty
Package: kvdefinekeys 2019-12-19 v1.6 Define keys (HO)
) (/usr/share/texlive/texmf-dist/tex/generic/pdfescape/pdfescape.sty
Package: pdfescape 2019/12/09 v1.15 Implements pdfTeX's escape features (HO)
(/usr/share/texlive/texmf-dist/tex/generic/ltxcmds/ltxcmds.sty
Package: ltxcmds 2023-12-04 v1.26 LaTeX kernel commands for general use (HO)
) (/usr/share/texlive/texmf-dist/tex/generic/pdftexcmds/pdftexcmds.sty
Package: pdftexcmds 2020-06-27 v0.33 Utility functions of pdfTeX for LuaTeX (HO
)
(/usr/share/texlive/texmf-dist/tex/generic/infwarerr/infwarerr.sty
Package: infwarerr 2019/12/03 v1.5 Providing info/warning/error messages (HO)
)
Package pdftexcmds Info: \pdf@primitive is available.
Package pdftexcmds Info: \pdf@ifprimitive is available.
Package pdftexcmds Info: \pdfdraftmode found.
)) (/usr/share/texlive/texmf-dist/tex/latex/hycolor/hycolor.sty
Package: hycolor 2020-01-27 v1.10 Color options for hyperref/bookmark (HO)
) (/usr/share/texlive/texmf-dist/tex/latex/hyperref/nameref.sty
Package: nameref 2026-01-29 v2.58 Cross-referencing by name of section
(/usr/share/texlive/texmf-dist/tex/latex/refcount/refcount.sty
Package: refcount 2019/12/15 v3.6 Data extraction from label references (HO)
) (/usr/share/texlive/texmf-dist/tex/generic/gettitlestring/gettitlestring.sty
Package: gettitlestring 2019/12/15 v1.6 Cleanup title references (HO)
(/usr/share/texlive/texmf-dist/tex/latex/kvoptions/kvoptions.sty
Package: kvoptions 2022-06-15 v3.15 Key value format for package options (HO)
))
\c@section@level=\count294
) (/usr/share/texlive/texmf-dist/tex/generic/stringenc/stringenc.sty
Package: stringenc 2019/11/29 v1.12 Convert strings between diff. encodings (HO
)
)
\@linkdim=\dimen162
\Hy@linkcounter=\count295
\Hy@pagecounter=\count296
(/usr/share/texlive/texmf-dist/tex/latex/hyperref/pd1enc.def
File: pd1enc.def 2026-04-24 v7.01q Hyperref: PDFDocEncoding definition (HO)
Now handling font encoding PD1 ...
... no UTF-8 mapping file for font encoding PD1
) (/usr/share/texlive/texmf-dist/tex/generic/intcalc/intcalc.sty
Package: intcalc 2019/12/15 v1.3 Expandable calculations with integers (HO)
)
\Hy@SavedSpaceFactor=\count297
(/usr/share/texlive/texmf-dist/tex/latex/hyperref/puenc.def
File: puenc.def 2026-04-24 v7.01q Hyperref: PDF Unicode definition (HO)
Now handling font encoding PU ...
... no UTF-8 mapping file for font encoding PU
)
Package hyperref Info: Hyper figures OFF on input line 4199.
Package hyperref Info: Link nesting OFF on input line 4204.
Package hyperref Info: Hyper index ON on input line 4207.
Package hyperref Info: Plain pages OFF on input line 4214.
Package hyperref Info: Backreferencing OFF on input line 4219.
Package hyperref Info: Implicit mode ON; LaTeX internals redefined.
Package hyperref Info: Bookmarks ON on input line 4466.
\c@Hy@tempcnt=\count298
(/usr/share/texlive/texmf-dist/tex/latex/url/url.sty
\Urlmuskip=\muskip17
Package: url 2013/09/16  ver 3.4  Verb mode for urls, etc.
)
LaTeX Info: Redefining \url on input line 4805.
\XeTeXLinkMargin=\dimen163
(/usr/share/texlive/texmf-dist/tex/generic/bitset/bitset.sty
Package: bitset 2019/12/09 v1.3 Handle bit-vector datatype (HO)
(/usr/share/texlive/texmf-dist/tex/generic/bigintcalc/bigintcalc.sty
Package: bigintcalc 2019/12/15 v1.5 Expandable calculations on big integers (HO
)
))
\Fld@menulength=\count299
\Field@Width=\dimen164
\Fld@charsize=\dimen165
Package hyperref Info: Hyper figures OFF on input line 6091.
Package hyperref Info: Link nesting OFF on input line 6096.
Package hyperref Info: Hyper index ON on input line 6099.
Package hyperref Info: backreferencing OFF on input line 6106.
Package hyperref Info: Link coloring OFF on input line 6111.
Package hyperref Info: Link coloring with OCG OFF on input line 6116.
Package hyperref Info: PDF/A mode OFF on input line 6121.
\Hy@abspage=\count300
\c@Item=\count301
\c@Hfootnote=\count302
)
Package hyperref Info: Driver (autodetected): hpdftex.
(/usr/share/texlive/texmf-dist/tex/latex/hyperref/hpdftex.def
File: hpdftex.def 2026-04-24 v7.01q Hyperref driver for pdfTeX
\Fld@listcount=\count303
\c@bookmark@seq@number=\count304
(/usr/share/texlive/texmf-dist/tex/latex/rerunfilecheck/rerunfilecheck.sty
Package: rerunfilecheck 2025-06-21 v1.11 Rerun checks for auxiliary files (HO)
(/usr/share/texlive/texmf-dist/tex/generic/uniquecounter/uniquecounter.sty
Package: uniquecounter 2019/12/15 v1.4 Provide unlimited unique counter (HO)
)
Package uniquecounter Info: New unique counter `rerunfilecheck' on input line 2
84.
)
\Hy@SectionHShift=\skip82
) (/usr/share/texlive/texmf-dist/tex/latex/amsmath/amsmath.sty
Package: amsmath 2025/07/09 v2.17z AMS math features
\@mathmargin=\skip83
For additional information on amsmath, use the `?' option.
(/usr/share/texlive/texmf-dist/tex/latex/amsmath/amstext.sty
Package: amstext 2024/11/17 v2.01 AMS text
(/usr/share/texlive/texmf-dist/tex/latex/amsmath/amsgen.sty
File: amsgen.sty 1999/11/30 v2.0 generic functions
\@emptytoks=\toks21
\ex@=\dimen166
)) (/usr/share/texlive/texmf-dist/tex/latex/amsmath/amsbsy.sty
Package: amsbsy 1999/11/29 v1.2d Bold Symbols
\pmbraise@=\dimen167
) (/usr/share/texlive/texmf-dist/tex/latex/amsmath/amsopn.sty
Package: amsopn 2022/04/08 v2.04 operator names
)
\inf@bad=\count305
LaTeX Info: Redefining \frac on input line 233.
\uproot@=\count306
\leftroot@=\count307
LaTeX Info: Redefining \overline on input line 398.
LaTeX Info: Redefining \colon on input line 409.
\classnum@=\count308
\DOTSCASE@=\count309
LaTeX Info: Redefining \ldots on input line 495.
LaTeX Info: Redefining \dots on input line 498.
LaTeX Info: Redefining \cdots on input line 619.
\Mathstrutbox@=\box53
\strutbox@=\box54
LaTeX Info: Redefining \big on input line 721.
LaTeX Info: Redefining \Big on input line 722.
LaTeX Info: Redefining \bigg on input line 723.
LaTeX Info: Redefining \Bigg on input line 724.
\big@size=\dimen168
LaTeX Font Info:    Redeclaring font encoding OML on input line 742.
LaTeX Font Info:    Redeclaring font encoding OMS on input line 743.
\macc@depth=\count310
LaTeX Info: Redefining \bmod on input line 904.
LaTeX Info: Redefining \pmod on input line 909.
LaTeX Info: Redefining \smash on input line 939.
LaTeX Info: Redefining \relbar on input line 969.
LaTeX Info: Redefining \Relbar on input line 970.
\c@MaxMatrixCols=\count311
\dotsspace@=\muskip18
\c@parentequation=\count312
\dspbrk@lvl=\count313
\tag@help=\toks22
\row@=\count314
\column@=\count315
\maxfields@=\count316
\andhelp@=\toks23
\eqnshift@=\dimen169
\alignsep@=\dimen170
\tagshift@=\dimen171
\tagwidth@=\dimen172
\totwidth@=\dimen173
\lineht@=\dimen174
\@envbody=\toks24
\multlinegap=\skip84
\multlinetaggap=\skip85
\mathdisplay@stack=\toks25
LaTeX Info: Redefining \[ on input line 2950.
LaTeX Info: Redefining \] on input line 2951.
)
Package hyperref Info: Option `colorlinks' set `true' on input line 19.
Package hyperref Info: Option `bookmarksopen' set `true' on input line 19.
(/usr/share/texlive/texmf-dist/tex/latex/fancyhdr/fancyhdr.sty
Package: fancyhdr 2025/02/07 v5.2 Extensive control of page headers and footers

\f@nch@headwidth=\skip86
\f@nch@offset@elh=\skip87
\f@nch@offset@erh=\skip88
\f@nch@offset@olh=\skip89
\f@nch@offset@orh=\skip90
\f@nch@offset@elf=\skip91
\f@nch@offset@erf=\skip92
\f@nch@offset@olf=\skip93
\f@nch@offset@orf=\skip94
\f@nch@height=\skip95
\f@nch@footalignment=\skip96
\f@nch@widthL=\skip97
\f@nch@widthC=\skip98
\f@nch@widthR=\skip99
\@temptokenb=\toks26
) (/usr/share/texlive/texmf-dist/tex/latex/l3backend/l3backend-pdftex.def
File: l3backend-pdftex.def 2026-02-18 L3 backend support: PDF output (pdfTeX)
\l__color_backend_stack_int=\count317
) (./societa_250.aux)
\openout1 = `societa_250.aux'.

LaTeX Font Info:    Checking defaults for OML/cmm/m/it on input line 40.
LaTeX Font Info:    ... okay on input line 40.
LaTeX Font Info:    Checking defaults for OMS/cmsy/m/n on input line 40.
LaTeX Font Info:    ... okay on input line 40.
LaTeX Font Info:    Checking defaults for OT1/cmr/m/n on input line 40.
LaTeX Font Info:    ... okay on input line 40.
LaTeX Font Info:    Checking defaults for T1/cmr/m/n on input line 40.
LaTeX Font Info:    ... okay on input line 40.
LaTeX Font Info:    Checking defaults for TS1/cmr/m/n on input line 40.
LaTeX Font Info:    ... okay on input line 40.
LaTeX Font Info:    Checking defaults for OMX/cmex/m/n on input line 40.
LaTeX Font Info:    ... okay on input line 40.
LaTeX Font Info:    Checking defaults for U/cmr/m/n on input line 40.
LaTeX Font Info:    ... okay on input line 40.
LaTeX Font Info:    Checking defaults for PD1/pdf/m/n on input line 40.
LaTeX Font Info:    ... okay on input line 40.
LaTeX Font Info:    Checking defaults for PU/pdf/m/n on input line 40.
LaTeX Font Info:    ... okay on input line 40.
*geometry* driver: auto-detecting
*geometry* detected driver: pdftex
*geometry* verbose mode - [ preamble ] result:
* driver: pdftex
* paper: a4paper
* layout: <same size as paper>
* layoutoffset:(h,v)=(0.0pt,0.0pt)
* modes: landscape 
* h-part:(L,W,R)=(80.21974pt, 684.60736pt, 80.21974pt)
* v-part:(T,H,B)=(79.49744pt, 438.513pt, 79.49744pt)
* \paperwidth=845.04684pt
* \paperheight=597.50787pt
* \textwidth=684.60736pt
* \textheight=438.513pt
* \oddsidemargin=7.94975pt
* \evensidemargin=7.94975pt
* \topmargin=-16.77255pt
* \headheight=14.0pt
* \headsep=10.0pt
* \topskip=10.0pt
* \footskip=30.0pt
* \marginparwidth=144.0pt
* \marginparsep=11.0pt
* \columnsep=10.0pt
* \skip\footins=9.0pt plus 4.0pt minus 2.0pt
* \hoffset=0.0pt
* \voffset=0.0pt
* \mag=1000
* \@twocolumnfalse
* \@twosidefalse
* \@mparswitchfalse
* \@reversemarginfalse
* (1in=72.27pt=25.4mm, 1cm=28.453pt)

LaTeX Info: Redefining \it@ocap on input line 40.
LaTeX Info: Redefining \it@ccap on input line 40.

File italian.ldf warning: 
italian.ldf    With OT1 encoding guillemets are poorly faked
italian.ldf    Use T1 encoding
italian.ldf    or specify a font with command \CaporaliFrom
italian.ldf    See the documentation concerning the babel-italian typesetting
italian.ldf    on input line 40.

(/usr/share/texlive/texmf-dist/tex/context/base/mkii/supp-pdf.mkii
[Loading MPS to PDF converter (version 2006.09.02).]
\scratchcounter=\count318
\scratchdimen=\dimen175
\scratchbox=\box55
\nofMPsegments=\count319
\nofMParguments=\count320
\everyMPshowfont=\toks27
\MPscratchCnt=\count321
\MPscratchDim=\dimen176
\MPnumerator=\count322
\makeMPintoPDFobject=\count323
\everyMPtoPDFconversion=\toks28
) (/usr/share/texlive/texmf-dist/tex/latex/epstopdf-pkg/epstopdf-base.sty
Package: epstopdf-base 2020-01-24 v2.11 Base part for package epstopdf
Package epstopdf-base Info: Redefining graphics rule for `.eps' on input line 4
85.
(/usr/share/texlive/texmf-dist/tex/latex/latexconfig/epstopdf-sys.cfg
File: epstopdf-sys.cfg 2010/07/13 v1.3 Configuration of (r)epstopdf for TeX Liv
e
)) (/usr/share/texlive/texmf-dist/tex/latex/graphics/color.sty
Package: color 2025/01/14 v1.3e Standard LaTeX Color (DPC)
(/usr/share/texlive/texmf-dist/tex/latex/graphics-cfg/color.cfg
File: color.cfg 2016/01/02 v1.6 sample color configuration
)
Package color Info: Driver file: pdftex.def on input line 149.
(/usr/share/texlive/texmf-dist/tex/latex/graphics/mathcolor.ltx))
Package hyperref Info: Link coloring ON on input line 40.
(./societa_250.out) (./societa_250.out)
\@outlinefile=\write3
\openout3 = `societa_250.out'.

[1{/var/lib/texmf/fonts/map/pdftex/updmap/pdftex.map}

]
pdfTeX warning (ext4): destination with the same identifier (name{page.1}) has 
been already used, duplicate ignored
<to be read again> 
                   \relax 
l.87 \clearpage
                [1

] (./societa_250.toc [2

] [3] [4] [5] [6] [7] [8] [9] [10] [11] [12] [13] [14] [15] [16] [17] [18] [19]
[20])
\tf@toc=\write4
\openout4 = `societa_250.toc'.

[21] [22

]
<../figures/Italia.pdf, id=2042, 1156.32pt x 650.43pt>
File: ../figures/Italia.pdf Graphic file (type pdf)
<use ../figures/Italia.pdf>
Package pdftex.def Info: ../figures/Italia.pdf  used on input line 148.
(pdftex.def)             Requested size: 684.60736pt x 385.09021pt.
(./figure.tex [23

 <../figures/Italia.pdf>]
<../figures/societa/AL001.pdf, id=2137, 1156.32pt x 650.43pt>
File: ../figures/societa/AL001.pdf Graphic file (type pdf)
<use ../figures/societa/AL001.pdf>
Package pdftex.def Info: ../figures/societa/AL001.pdf  used on input line 3.
(pdftex.def)             Requested size: 684.60736pt x 385.09021pt.
[24

 <../figures/societa/AL001.pdf>]
<../figures/societa/AL005.pdf, id=2242, 1156.32pt x 650.43pt>
File: ../figures/societa/AL005.pdf Graphic file (type pdf)
<use ../figures/societa/AL005.pdf>
Package pdftex.def Info: ../figures/societa/AL005.pdf  used on input line 8.
(pdftex.def)             Requested size: 684.60736pt x 385.09021pt.
[25

 <../figures/societa/AL005.pdf>]
<../figures/societa/AL006.pdf, id=2349, 1156.32pt x 650.43pt>
File: ../figures/societa/AL006.pdf Graphic file (type pdf)
<use ../figures/societa/AL006.pdf>
Package pdftex.def Info: ../figures/societa/AL006.pdf  used on input line 13.
(pdftex.def)             Requested size: 684.60736pt x 385.09021pt.
[26

 <../figures/societa/AL006.pdf>]
<../figures/societa/AN001.pdf, id=2453, 1156.32pt x 650.43pt>
File: ../figures/societa/AN001.pdf Graphic file (type pdf)
<use ../figures/societa/AN001.pdf>
Package pdftex.def Info: ../figures/societa/AN001.pdf  used on input line 18.
(pdftex.def)             Requested size: 684.60736pt x 385.09021pt.
[27

 <../figures/societa/AN001.pdf>]
<../figures/societa/AN010.pdf, id=2558, 1156.32pt x 650.43pt>
File: ../figures/societa/AN010.pdf Graphic file (type pdf)
<use ../figures/societa/AN010.pdf>
Package pdftex.def Info: ../figures/societa/AN010.pdf  used on input line 23.
(pdftex.def)             Requested size: 684.60736pt x 385.09021pt.
[28

 <../figures/societa/AN010.pdf>]
<../figures/societa/AN015.pdf, id=2665, 1156.32pt x 650.43pt>
File: ../figures/societa/AN015.pdf Graphic file (type pdf)
<use ../figures/societa/AN015.pdf>
Package pdftex.def Info: ../figures/societa/AN015.pdf  used on input line 28.
(pdftex.def)             Requested size: 684.60736pt x 385.09021pt.
[29

 <../figures/societa/AN015.pdf>]
<../figures/societa/AO001.pdf, id=2772, 1156.32pt x 650.43pt>
File: ../figures/societa/AO001.pdf Graphic file (type pdf)
<use ../figures/societa/AO001.pdf>
Package pdftex.def Info: ../figures/societa/AO001.pdf  used on input line 33.
(pdftex.def)             Requested size: 684.60736pt x 385.09021pt.
[30

 <../figures/societa/AO001.pdf>]
<../figures/societa/AO002.pdf, id=2877, 1156.32pt x 650.43pt>
File: ../figures/societa/AO002.pdf Graphic file (type pdf)
<use ../figures/societa/AO002.pdf>
Package pdftex.def Info: ../figures/societa/AO002.pdf  used on input line 38.
(pdftex.def)             Requested size: 684.60736pt x 385.09021pt.
[31

 <../figures/societa/AO002.pdf>]
<../figures/societa/AO004.pdf, id=2982, 1156.32pt x 650.43pt>
File: ../figures/societa/AO004.pdf Graphic file (type pdf)
<use ../figures/societa/AO004.pdf>
Package pdftex.def Info: ../figures/societa/AO004.pdf  used on input line 43.
(pdftex.def)             Requested size: 684.60736pt x 385.09021pt.
[32

 <../figures/societa/AO004.pdf>]
<../figures/societa/AP005.pdf, id=3088, 1156.32pt x 650.43pt>
File: ../figures/societa/AP005.pdf Graphic file (type pdf)
<use ../figures/societa/AP005.pdf>
Package pdftex.def Info: ../figures/societa/AP005.pdf  used on input line 48.
(pdftex.def)             Requested size: 684.60736pt x 385.09021pt.
[33

 <../figures/societa/AP005.pdf>]
<../figures/societa/AP007.pdf, id=3192, 1156.32pt x 650.43pt>
File: ../figures/societa/AP007.pdf Graphic file (type pdf)
<use ../figures/societa/AP007.pdf>
Package pdftex.def Info: ../figures/societa/AP007.pdf  used on input line 53.
(pdftex.def)             Requested size: 684.60736pt x 385.09021pt.
[34

 <../figures/societa/AP007.pdf>]
<../figures/societa/AP034.pdf, id=3298, 1156.32pt x 650.43pt>
File: ../figures/societa/AP034.pdf Graphic file (type pdf)
<use ../figures/societa/AP034.pdf>
Package pdftex.def Info: ../figures/societa/AP034.pdf  used on input line 58.
(pdftex.def)             Requested size: 684.60736pt x 385.09021pt.
[35

 <../figures/societa/AP034.pdf>]
<../figures/societa/AQ006.pdf, id=3406, 1156.32pt x 650.43pt>
File: ../figures/societa/AQ006.pdf Graphic file (type pdf)
<use ../figures/societa/AQ006.pdf>
Package pdftex.def Info: ../figures/societa/AQ006.pdf  used on input line 63.
(pdftex.def)             Requested size: 684.60736pt x 385.09021pt.
[36

 <../figures/societa/AQ006.pdf>]
<../figures/societa/AR053.pdf, id=3513, 1156.32pt x 650.43pt>
File: ../figures/societa/AR053.pdf Graphic file (type pdf)
<use ../figures/societa/AR053.pdf>
Package pdftex.def Info: ../figures/societa/AR053.pdf  used on input line 68.
(pdftex.def)             Requested size: 684.60736pt x 385.09021pt.
[37

 <../figures/societa/AR053.pdf>]
<../figures/societa/AR058.pdf, id=3618, 1156.32pt x 650.43pt>
File: ../figures/societa/AR058.pdf Graphic file (type pdf)
<use ../figures/societa/AR058.pdf>
Package pdftex.def Info: ../figures/societa/AR058.pdf  used on input line 73.
(pdftex.def)             Requested size: 684.60736pt x 385.09021pt.
[38

 <../figures/societa/AR058.pdf>]
<../figures/societa/AR505.pdf, id=3728, 1156.32pt x 650.43pt>
File: ../figures/societa/AR505.pdf Graphic file (type pdf)
<use ../figures/societa/AR505.pdf>
Package pdftex.def Info: ../figures/societa/AR505.pdf  used on input line 78.
(pdftex.def)             Requested size: 684.60736pt x 385.09021pt.
[39

 <../figures/societa/AR505.pdf>]
<../figures/societa/AT001.pdf, id=3823, 1156.32pt x 650.43pt>
File: ../figures/societa/AT001.pdf Graphic file (type pdf)
<use ../figures/societa/AT001.pdf>
Package pdftex.def Info: ../figures/societa/AT001.pdf  used on input line 83.
(pdftex.def)             Requested size: 684.60736pt x 385.09021pt.
[40

 <../figures/societa/AT001.pdf>]
<../figures/societa/AV208.pdf, id=3928, 1156.32pt x 650.43pt>
File: ../figures/societa/AV208.pdf Graphic file (type pdf)
<use ../figures/societa/AV208.pdf>
Package pdftex.def Info: ../figures/societa/AV208.pdf  used on input line 88.
(pdftex.def)             Requested size: 684.60736pt x 385.09021pt.
[41

 <../figures/societa/AV208.pdf>]
<../figures/societa/BA005.pdf, id=4036, 1156.32pt x 650.43pt>
File: ../figures/societa/BA005.pdf Graphic file (type pdf)
<use ../figures/societa/BA005.pdf>
Package pdftex.def Info: ../figures/societa/BA005.pdf  used on input line 93.
(pdftex.def)             Requested size: 684.60736pt x 385.09021pt.
[42

 <../figures/societa/BA005.pdf>]
<../figures/societa/BA006.pdf, id=4141, 1156.32pt x 650.43pt>
File: ../figures/societa/BA006.pdf Graphic file (type pdf)
<use ../figures/societa/BA006.pdf>
Package pdftex.def Info: ../figures/societa/BA006.pdf  used on input line 98.
(pdftex.def)             Requested size: 684.60736pt x 385.09021pt.
[43

 <../figures/societa/BA006.pdf>]
<../figures/societa/BA007.pdf, id=4250, 1156.32pt x 650.43pt>
File: ../figures/societa/BA007.pdf Graphic file (type pdf)
<use ../figures/societa/BA007.pdf>
Package pdftex.def Info: ../figures/societa/BA007.pdf  used on input line 103.
(pdftex.def)             Requested size: 684.60736pt x 385.09021pt.
[44

 <../figures/societa/BA007.pdf>]
<../figures/societa/BA008.pdf, id=4351, 1156.32pt x 650.43pt>
File: ../figures/societa/BA008.pdf Graphic file (type pdf)
<use ../figures/societa/BA008.pdf>
Package pdftex.def Info: ../figures/societa/BA008.pdf  used on input line 108.
(pdftex.def)             Requested size: 684.60736pt x 385.09021pt.
[45

 <../figures/societa/BA008.pdf>]
<../figures/societa/BA089.pdf, id=4458, 1156.32pt x 650.43pt>
File: ../figures/societa/BA089.pdf Graphic file (type pdf)
<use ../figures/societa/BA089.pdf>
Package pdftex.def Info: ../figures/societa/BA089.pdf  used on input line 113.
(pdftex.def)             Requested size: 684.60736pt x 385.09021pt.
[46

 <../figures/societa/BA089.pdf>]
<../figures/societa/BA772.pdf, id=4564, 1156.32pt x 650.43pt>
File: ../figures/societa/BA772.pdf Graphic file (type pdf)
<use ../figures/societa/BA772.pdf>
Package pdftex.def Info: ../figures/societa/BA772.pdf  used on input line 118.
(pdftex.def)             Requested size: 684.60736pt x 385.09021pt.
[47

 <../figures/societa/BA772.pdf>]
<../figures/societa/BG003.pdf, id=4662, 1156.32pt x 650.43pt>
File: ../figures/societa/BG003.pdf Graphic file (type pdf)
<use ../figures/societa/BG003.pdf>
Package pdftex.def Info: ../figures/societa/BG003.pdf  used on input line 123.
(pdftex.def)             Requested size: 684.60736pt x 385.09021pt.
[48

 <../figures/societa/BG003.pdf>]
<../figures/societa/BG036.pdf, id=4770, 1156.32pt x 650.43pt>
File: ../figures/societa/BG036.pdf Graphic file (type pdf)
<use ../figures/societa/BG036.pdf>
Package pdftex.def Info: ../figures/societa/BG036.pdf  used on input line 128.
(pdftex.def)             Requested size: 684.60736pt x 385.09021pt.
[49

 <../figures/societa/BG036.pdf>]
<../figures/societa/BG045.pdf, id=4874, 1156.32pt x 650.43pt>
File: ../figures/societa/BG045.pdf Graphic file (type pdf)
<use ../figures/societa/BG045.pdf>
Package pdftex.def Info: ../figures/societa/BG045.pdf  used on input line 133.
(pdftex.def)             Requested size: 684.60736pt x 385.09021pt.
[50

 <../figures/societa/BG045.pdf>]
<../figures/societa/BG135.pdf, id=4983, 1156.32pt x 650.43pt>
File: ../figures/societa/BG135.pdf Graphic file (type pdf)
<use ../figures/societa/BG135.pdf>
Package pdftex.def Info: ../figures/societa/BG135.pdf  used on input line 138.
(pdftex.def)             Requested size: 684.60736pt x 385.09021pt.
[51

 <../figures/societa/BG135.pdf>]
<../figures/societa/BG223.pdf, id=5094, 1156.32pt x 650.43pt>
File: ../figures/societa/BG223.pdf Graphic file (type pdf)
<use ../figures/societa/BG223.pdf>
Package pdftex.def Info: ../figures/societa/BG223.pdf  used on input line 143.
(pdftex.def)             Requested size: 684.60736pt x 385.09021pt.
[52

 <../figures/societa/BG223.pdf>]
<../figures/societa/BG228.pdf, id=5199, 1156.32pt x 650.43pt>
File: ../figures/societa/BG228.pdf Graphic file (type pdf)
<use ../figures/societa/BG228.pdf>
Package pdftex.def Info: ../figures/societa/BG228.pdf  used on input line 148.
(pdftex.def)             Requested size: 684.60736pt x 385.09021pt.
[53

 <../figures/societa/BG228.pdf>]
<../figures/societa/BG232.pdf, id=5301, 1156.32pt x 650.43pt>
File: ../figures/societa/BG232.pdf Graphic file (type pdf)
<use ../figures/societa/BG232.pdf>
Package pdftex.def Info: ../figures/societa/BG232.pdf  used on input line 153.
(pdftex.def)             Requested size: 684.60736pt x 385.09021pt.
[54

 <../figures/societa/BG232.pdf>]
<../figures/societa/BG248.pdf, id=5407, 1156.32pt x 650.43pt>
File: ../figures/societa/BG248.pdf Graphic file (type pdf)
<use ../figures/societa/BG248.pdf>
Package pdftex.def Info: ../figures/societa/BG248.pdf  used on input line 158.
(pdftex.def)             Requested size: 684.60736pt x 385.09021pt.
[55

 <../figures/societa/BG248.pdf>]
<../figures/societa/BG371.pdf, id=5512, 1156.32pt x 650.43pt>
File: ../figures/societa/BG371.pdf Graphic file (type pdf)
<use ../figures/societa/BG371.pdf>
Package pdftex.def Info: ../figures/societa/BG371.pdf  used on input line 163.
(pdftex.def)             Requested size: 684.60736pt x 385.09021pt.
[56

 <../figures/societa/BG371.pdf>]
<../figures/societa/BG542.pdf, id=5621, 1156.32pt x 650.43pt>
File: ../figures/societa/BG542.pdf Graphic file (type pdf)
<use ../figures/societa/BG542.pdf>
Package pdftex.def Info: ../figures/societa/BG542.pdf  used on input line 168.
(pdftex.def)             Requested size: 684.60736pt x 385.09021pt.
[57

 <../figures/societa/BG542.pdf>]
<../figures/societa/BG795.pdf, id=5728, 1156.32pt x 650.43pt>
File: ../figures/societa/BG795.pdf Graphic file (type pdf)
<use ../figures/societa/BG795.pdf>
Package pdftex.def Info: ../figures/societa/BG795.pdf  used on input line 173.
(pdftex.def)             Requested size: 684.60736pt x 385.09021pt.
[58

 <../figures/societa/BG795.pdf>]
<../figures/societa/BL001.pdf, id=5835, 1156.32pt x 650.43pt>
File: ../figures/societa/BL001.pdf Graphic file (type pdf)
<use ../figures/societa/BL001.pdf>
Package pdftex.def Info: ../figures/societa/BL001.pdf  used on input line 178.
(pdftex.def)             Requested size: 684.60736pt x 385.09021pt.
[59

 <../figures/societa/BL001.pdf>]
<../figures/societa/BL008.pdf, id=5942, 1156.32pt x 650.43pt>
File: ../figures/societa/BL008.pdf Graphic file (type pdf)
<use ../figures/societa/BL008.pdf>
Package pdftex.def Info: ../figures/societa/BL008.pdf  used on input line 183.
(pdftex.def)             Requested size: 684.60736pt x 385.09021pt.
[60

 <../figures/societa/BL008.pdf>]
<../figures/societa/BL009.pdf, id=6047, 1156.32pt x 650.43pt>
File: ../figures/societa/BL009.pdf Graphic file (type pdf)
<use ../figures/societa/BL009.pdf>
Package pdftex.def Info: ../figures/societa/BL009.pdf  used on input line 188.
(pdftex.def)             Requested size: 684.60736pt x 385.09021pt.
[61

 <../figures/societa/BL009.pdf>]
<../figures/societa/BL012.pdf, id=6155, 1156.32pt x 650.43pt>
File: ../figures/societa/BL012.pdf Graphic file (type pdf)
<use ../figures/societa/BL012.pdf>
Package pdftex.def Info: ../figures/societa/BL012.pdf  used on input line 193.
(pdftex.def)             Requested size: 684.60736pt x 385.09021pt.
[62

 <../figures/societa/BL012.pdf>]
<../figures/societa/BN800.pdf, id=6260, 1156.32pt x 650.43pt>
File: ../figures/societa/BN800.pdf Graphic file (type pdf)
<use ../figures/societa/BN800.pdf>
Package pdftex.def Info: ../figures/societa/BN800.pdf  used on input line 198.
(pdftex.def)             Requested size: 684.60736pt x 385.09021pt.
[63

 <../figures/societa/BN800.pdf>]
<../figures/societa/BO002.pdf, id=6367, 1156.32pt x 650.43pt>
File: ../figures/societa/BO002.pdf Graphic file (type pdf)
<use ../figures/societa/BO002.pdf>
Package pdftex.def Info: ../figures/societa/BO002.pdf  used on input line 203.
(pdftex.def)             Requested size: 684.60736pt x 385.09021pt.
[64

 <../figures/societa/BO002.pdf>]
<../figures/societa/BO007.pdf, id=6471, 1156.32pt x 650.43pt>
File: ../figures/societa/BO007.pdf Graphic file (type pdf)
<use ../figures/societa/BO007.pdf>
Package pdftex.def Info: ../figures/societa/BO007.pdf  used on input line 208.
(pdftex.def)             Requested size: 684.60736pt x 385.09021pt.
[65

 <../figures/societa/BO007.pdf>]
<../figures/societa/BO011.pdf, id=6580, 1156.32pt x 650.43pt>
File: ../figures/societa/BO011.pdf Graphic file (type pdf)
<use ../figures/societa/BO011.pdf>
Package pdftex.def Info: ../figures/societa/BO011.pdf  used on input line 213.
(pdftex.def)             Requested size: 684.60736pt x 385.09021pt.
[66

 <../figures/societa/BO011.pdf>]
<../figures/societa/BO014.pdf, id=6688, 1156.32pt x 650.43pt>
File: ../figures/societa/BO014.pdf Graphic file (type pdf)
<use ../figures/societa/BO014.pdf>
Package pdftex.def Info: ../figures/societa/BO014.pdf  used on input line 218.
(pdftex.def)             Requested size: 684.60736pt x 385.09021pt.
[67

 <../figures/societa/BO014.pdf>]
<../figures/societa/BO015.pdf, id=6794, 1156.32pt x 650.43pt>
File: ../figures/societa/BO015.pdf Graphic file (type pdf)
<use ../figures/societa/BO015.pdf>
Package pdftex.def Info: ../figures/societa/BO015.pdf  used on input line 223.
(pdftex.def)             Requested size: 684.60736pt x 385.09021pt.
[68

 <../figures/societa/BO015.pdf>]
<../figures/societa/BO506.pdf, id=6902, 1156.32pt x 650.43pt>
File: ../figures/societa/BO506.pdf Graphic file (type pdf)
<use ../figures/societa/BO506.pdf>
Package pdftex.def Info: ../figures/societa/BO506.pdf  used on input line 228.
(pdftex.def)             Requested size: 684.60736pt x 385.09021pt.
[69

 <../figures/societa/BO506.pdf>]
<../figures/societa/BO522.pdf, id=7013, 1156.32pt x 650.43pt>
File: ../figures/societa/BO522.pdf Graphic file (type pdf)
<use ../figures/societa/BO522.pdf>
Package pdftex.def Info: ../figures/societa/BO522.pdf  used on input line 233.
(pdftex.def)             Requested size: 684.60736pt x 385.09021pt.
[70

 <../figures/societa/BO522.pdf>]
<../figures/societa/BS179.pdf, id=7118, 1156.32pt x 650.43pt>
File: ../figures/societa/BS179.pdf Graphic file (type pdf)
<use ../figures/societa/BS179.pdf>
Package pdftex.def Info: ../figures/societa/BS179.pdf  used on input line 238.
(pdftex.def)             Requested size: 684.60736pt x 385.09021pt.
[71

 <../figures/societa/BS179.pdf>]
<../figures/societa/BS181.pdf, id=7224, 1156.32pt x 650.43pt>
File: ../figures/societa/BS181.pdf Graphic file (type pdf)
<use ../figures/societa/BS181.pdf>
Package pdftex.def Info: ../figures/societa/BS181.pdf  used on input line 243.
(pdftex.def)             Requested size: 684.60736pt x 385.09021pt.
[72

 <../figures/societa/BS181.pdf>]
<../figures/societa/BS199.pdf, id=7332, 1156.32pt x 650.43pt>
File: ../figures/societa/BS199.pdf Graphic file (type pdf)
<use ../figures/societa/BS199.pdf>
Package pdftex.def Info: ../figures/societa/BS199.pdf  used on input line 248.
(pdftex.def)             Requested size: 684.60736pt x 385.09021pt.
[73

 <../figures/societa/BS199.pdf>]
<../figures/societa/BS303.pdf, id=7439, 1156.32pt x 650.43pt>
File: ../figures/societa/BS303.pdf Graphic file (type pdf)
<use ../figures/societa/BS303.pdf>
Package pdftex.def Info: ../figures/societa/BS303.pdf  used on input line 253.
(pdftex.def)             Requested size: 684.60736pt x 385.09021pt.
[74

 <../figures/societa/BS303.pdf>]
<../figures/societa/BS318.pdf, id=7547, 1156.32pt x 650.43pt>
File: ../figures/societa/BS318.pdf Graphic file (type pdf)
<use ../figures/societa/BS318.pdf>
Package pdftex.def Info: ../figures/societa/BS318.pdf  used on input line 258.
(pdftex.def)             Requested size: 684.60736pt x 385.09021pt.
[75

 <../figures/societa/BS318.pdf>]
<../figures/societa/BS319.pdf, id=7655, 1156.32pt x 650.43pt>
File: ../figures/societa/BS319.pdf Graphic file (type pdf)
<use ../figures/societa/BS319.pdf>
Package pdftex.def Info: ../figures/societa/BS319.pdf  used on input line 263.
(pdftex.def)             Requested size: 684.60736pt x 385.09021pt.
[76

 <../figures/societa/BS319.pdf>]
<../figures/societa/BS355.pdf, id=7765, 1156.32pt x 650.43pt>
File: ../figures/societa/BS355.pdf Graphic file (type pdf)
<use ../figures/societa/BS355.pdf>
Package pdftex.def Info: ../figures/societa/BS355.pdf  used on input line 268.
(pdftex.def)             Requested size: 684.60736pt x 385.09021pt.
[77

 <../figures/societa/BS355.pdf>]
<../figures/societa/BS364.pdf, id=7872, 1156.32pt x 650.43pt>
File: ../figures/societa/BS364.pdf Graphic file (type pdf)
<use ../figures/societa/BS364.pdf>
Package pdftex.def Info: ../figures/societa/BS364.pdf  used on input line 273.
(pdftex.def)             Requested size: 684.60736pt x 385.09021pt.
[78

 <../figures/societa/BS364.pdf>]
<../figures/societa/BS575.pdf, id=7979, 1156.32pt x 650.43pt>
File: ../figures/societa/BS575.pdf Graphic file (type pdf)
<use ../figures/societa/BS575.pdf>
Package pdftex.def Info: ../figures/societa/BS575.pdf  used on input line 278.
(pdftex.def)             Requested size: 684.60736pt x 385.09021pt.
[79

 <../figures/societa/BS575.pdf>]
<../figures/societa/BS607.pdf, id=8088, 1156.32pt x 650.43pt>
File: ../figures/societa/BS607.pdf Graphic file (type pdf)
<use ../figures/societa/BS607.pdf>
Package pdftex.def Info: ../figures/societa/BS607.pdf  used on input line 283.
(pdftex.def)             Requested size: 684.60736pt x 385.09021pt.
[80

 <../figures/societa/BS607.pdf>]
<../figures/societa/BS692.pdf, id=8194, 1156.32pt x 650.43pt>
File: ../figures/societa/BS692.pdf Graphic file (type pdf)
<use ../figures/societa/BS692.pdf>
Package pdftex.def Info: ../figures/societa/BS692.pdf  used on input line 288.
(pdftex.def)             Requested size: 684.60736pt x 385.09021pt.
[81

 <../figures/societa/BS692.pdf>]
<../figures/societa/BZ008.pdf, id=8299, 1156.32pt x 650.43pt>
File: ../figures/societa/BZ008.pdf Graphic file (type pdf)
<use ../figures/societa/BZ008.pdf>
Package pdftex.def Info: ../figures/societa/BZ008.pdf  used on input line 293.
(pdftex.def)             Requested size: 684.60736pt x 385.09021pt.
[82

 <../figures/societa/BZ008.pdf>]
<../figures/societa/BZ011.pdf, id=8404, 1156.32pt x 650.43pt>
File: ../figures/societa/BZ011.pdf Graphic file (type pdf)
<use ../figures/societa/BZ011.pdf>
Package pdftex.def Info: ../figures/societa/BZ011.pdf  used on input line 298.
(pdftex.def)             Requested size: 684.60736pt x 385.09021pt.
[83

 <../figures/societa/BZ011.pdf>]
<../figures/societa/BZ013.pdf, id=8510, 1156.32pt x 650.43pt>
File: ../figures/societa/BZ013.pdf Graphic file (type pdf)
<use ../figures/societa/BZ013.pdf>
Package pdftex.def Info: ../figures/societa/BZ013.pdf  used on input line 303.
(pdftex.def)             Requested size: 684.60736pt x 385.09021pt.
[84

 <../figures/societa/BZ013.pdf>]
<../figures/societa/BZ023.pdf, id=8620, 1156.32pt x 650.43pt>
File: ../figures/societa/BZ023.pdf Graphic file (type pdf)
<use ../figures/societa/BZ023.pdf>
Package pdftex.def Info: ../figures/societa/BZ023.pdf  used on input line 308.
(pdftex.def)             Requested size: 684.60736pt x 385.09021pt.
[85

 <../figures/societa/BZ023.pdf>]
<../figures/societa/BZ066.pdf, id=8729, 1156.32pt x 650.43pt>
File: ../figures/societa/BZ066.pdf Graphic file (type pdf)
<use ../figures/societa/BZ066.pdf>
Package pdftex.def Info: ../figures/societa/BZ066.pdf  used on input line 313.
(pdftex.def)             Requested size: 684.60736pt x 385.09021pt.
[86

 <../figures/societa/BZ066.pdf>]
<../figures/societa/BZ068.pdf, id=8834, 1156.32pt x 650.43pt>
File: ../figures/societa/BZ068.pdf Graphic file (type pdf)
<use ../figures/societa/BZ068.pdf>
Package pdftex.def Info: ../figures/societa/BZ068.pdf  used on input line 318.
(pdftex.def)             Requested size: 684.60736pt x 385.09021pt.
[87

 <../figures/societa/BZ068.pdf>]
<../figures/societa/BZ071.pdf, id=8945, 1156.32pt x 650.43pt>
File: ../figures/societa/BZ071.pdf Graphic file (type pdf)
<use ../figures/societa/BZ071.pdf>
Package pdftex.def Info: ../figures/societa/BZ071.pdf  used on input line 323.
(pdftex.def)             Requested size: 684.60736pt x 385.09021pt.
[88

 <../figures/societa/BZ071.pdf>]
<../figures/societa/CA001.pdf, id=9054, 1156.32pt x 650.43pt>
File: ../figures/societa/CA001.pdf Graphic file (type pdf)
<use ../figures/societa/CA001.pdf>
Package pdftex.def Info: ../figures/societa/CA001.pdf  used on input line 328.
(pdftex.def)             Requested size: 684.60736pt x 385.09021pt.
[89

 <../figures/societa/CA001.pdf>]
<../figures/societa/CA002.pdf, id=9157, 1156.32pt x 650.43pt>
File: ../figures/societa/CA002.pdf Graphic file (type pdf)
<use ../figures/societa/CA002.pdf>
Package pdftex.def Info: ../figures/societa/CA002.pdf  used on input line 333.
(pdftex.def)             Requested size: 684.60736pt x 385.09021pt.
[90

 <../figures/societa/CA002.pdf>]
<../figures/societa/CA012.pdf, id=9260, 1156.32pt x 650.43pt>
File: ../figures/societa/CA012.pdf Graphic file (type pdf)
<use ../figures/societa/CA012.pdf>
Package pdftex.def Info: ../figures/societa/CA012.pdf  used on input line 338.
(pdftex.def)             Requested size: 684.60736pt x 385.09021pt.
[91

 <../figures/societa/CA012.pdf>]
<../figures/societa/CA032.pdf, id=9365, 1156.32pt x 650.43pt>
File: ../figures/societa/CA032.pdf Graphic file (type pdf)
<use ../figures/societa/CA032.pdf>
Package pdftex.def Info: ../figures/societa/CA032.pdf  used on input line 343.
(pdftex.def)             Requested size: 684.60736pt x 385.09021pt.
[92

 <../figures/societa/CA032.pdf>]
<../figures/societa/CA036.pdf, id=9472, 1156.32pt x 650.43pt>
File: ../figures/societa/CA036.pdf Graphic file (type pdf)
<use ../figures/societa/CA036.pdf>
Package pdftex.def Info: ../figures/societa/CA036.pdf  used on input line 348.
(pdftex.def)             Requested size: 684.60736pt x 385.09021pt.
[93

 <../figures/societa/CA036.pdf>]
<../figures/societa/CA198.pdf, id=9581, 1156.32pt x 650.43pt>
File: ../figures/societa/CA198.pdf Graphic file (type pdf)
<use ../figures/societa/CA198.pdf>
Package pdftex.def Info: ../figures/societa/CA198.pdf  used on input line 353.
(pdftex.def)             Requested size: 684.60736pt x 385.09021pt.
[94

 <../figures/societa/CA198.pdf>]
<../figures/societa/CB005.pdf, id=9687, 1156.32pt x 650.43pt>
File: ../figures/societa/CB005.pdf Graphic file (type pdf)
<use ../figures/societa/CB005.pdf>
Package pdftex.def Info: ../figures/societa/CB005.pdf  used on input line 358.
(pdftex.def)             Requested size: 684.60736pt x 385.09021pt.
[95

 <../figures/societa/CB005.pdf>]
<../figures/societa/CB006.pdf, id=9792, 1156.32pt x 650.43pt>
File: ../figures/societa/CB006.pdf Graphic file (type pdf)
<use ../figures/societa/CB006.pdf>
Package pdftex.def Info: ../figures/societa/CB006.pdf  used on input line 363.
(pdftex.def)             Requested size: 684.60736pt x 385.09021pt.
[96

 <../figures/societa/CB006.pdf>]
<../figures/societa/CB061.pdf, id=9900, 1156.32pt x 650.43pt>
File: ../figures/societa/CB061.pdf Graphic file (type pdf)
<use ../figures/societa/CB061.pdf>
Package pdftex.def Info: ../figures/societa/CB061.pdf  used on input line 368.
(pdftex.def)             Requested size: 684.60736pt x 385.09021pt.
[97

 <../figures/societa/CB061.pdf>]
<../figures/societa/CE035.pdf, id=10008, 1156.32pt x 650.43pt>
File: ../figures/societa/CE035.pdf Graphic file (type pdf)
<use ../figures/societa/CE035.pdf>
Package pdftex.def Info: ../figures/societa/CE035.pdf  used on input line 373.
(pdftex.def)             Requested size: 684.60736pt x 385.09021pt.
[98

 <../figures/societa/CE035.pdf>]
<../figures/societa/CH172.pdf, id=10104, 1156.32pt x 650.43pt>
File: ../figures/societa/CH172.pdf Graphic file (type pdf)
<use ../figures/societa/CH172.pdf>
Package pdftex.def Info: ../figures/societa/CH172.pdf  used on input line 378.
(pdftex.def)             Requested size: 684.60736pt x 385.09021pt.
[99

 <../figures/societa/CH172.pdf>]
<../figures/societa/CH183.pdf, id=10212, 1156.32pt x 650.43pt>
File: ../figures/societa/CH183.pdf Graphic file (type pdf)
<use ../figures/societa/CH183.pdf>
Package pdftex.def Info: ../figures/societa/CH183.pdf  used on input line 383.
(pdftex.def)             Requested size: 684.60736pt x 385.09021pt.
[100

 <../figures/societa/CH183.pdf>]
<../figures/societa/CN001.pdf, id=10320, 1156.32pt x 650.43pt>
File: ../figures/societa/CN001.pdf Graphic file (type pdf)
<use ../figures/societa/CN001.pdf>
Package pdftex.def Info: ../figures/societa/CN001.pdf  used on input line 388.
(pdftex.def)             Requested size: 684.60736pt x 385.09021pt.
[101

 <../figures/societa/CN001.pdf>]
<../figures/societa/CN005.pdf, id=10427, 1156.32pt x 650.43pt>
File: ../figures/societa/CN005.pdf Graphic file (type pdf)
<use ../figures/societa/CN005.pdf>
Package pdftex.def Info: ../figures/societa/CN005.pdf  used on input line 393.
(pdftex.def)             Requested size: 684.60736pt x 385.09021pt.
[102

 <../figures/societa/CN005.pdf>]
<../figures/societa/CN008.pdf, id=10541, 1156.32pt x 650.43pt>
File: ../figures/societa/CN008.pdf Graphic file (type pdf)
<use ../figures/societa/CN008.pdf>
Package pdftex.def Info: ../figures/societa/CN008.pdf  used on input line 398.
(pdftex.def)             Requested size: 684.60736pt x 385.09021pt.
[103

 <../figures/societa/CN008.pdf>]
<../figures/societa/CN020.pdf, id=10646, 1156.32pt x 650.43pt>
File: ../figures/societa/CN020.pdf Graphic file (type pdf)
<use ../figures/societa/CN020.pdf>
Package pdftex.def Info: ../figures/societa/CN020.pdf  used on input line 403.
(pdftex.def)             Requested size: 684.60736pt x 385.09021pt.
[104

 <../figures/societa/CN020.pdf>]
<../figures/societa/CO011.pdf, id=10755, 1156.32pt x 650.43pt>
File: ../figures/societa/CO011.pdf Graphic file (type pdf)
<use ../figures/societa/CO011.pdf>
Package pdftex.def Info: ../figures/societa/CO011.pdf  used on input line 408.
(pdftex.def)             Requested size: 684.60736pt x 385.09021pt.
[105

 <../figures/societa/CO011.pdf>]
<../figures/societa/CO015.pdf, id=10860, 1156.32pt x 650.43pt>
File: ../figures/societa/CO015.pdf Graphic file (type pdf)
<use ../figures/societa/CO015.pdf>
Package pdftex.def Info: ../figures/societa/CO015.pdf  used on input line 413.
(pdftex.def)             Requested size: 684.60736pt x 385.09021pt.
[106

 <../figures/societa/CO015.pdf>]
<../figures/societa/CO017.pdf, id=10967, 1156.32pt x 650.43pt>
File: ../figures/societa/CO017.pdf Graphic file (type pdf)
<use ../figures/societa/CO017.pdf>
Package pdftex.def Info: ../figures/societa/CO017.pdf  used on input line 418.
(pdftex.def)             Requested size: 684.60736pt x 385.09021pt.
[107

 <../figures/societa/CO017.pdf>]
<../figures/societa/CO023.pdf, id=11072, 1156.32pt x 650.43pt>
File: ../figures/societa/CO023.pdf Graphic file (type pdf)
<use ../figures/societa/CO023.pdf>
Package pdftex.def Info: ../figures/societa/CO023.pdf  used on input line 423.
(pdftex.def)             Requested size: 684.60736pt x 385.09021pt.
[108

 <../figures/societa/CO023.pdf>]
<../figures/societa/CO056.pdf, id=11178, 1156.32pt x 650.43pt>
File: ../figures/societa/CO056.pdf Graphic file (type pdf)
<use ../figures/societa/CO056.pdf>
Package pdftex.def Info: ../figures/societa/CO056.pdf  used on input line 428.
(pdftex.def)             Requested size: 684.60736pt x 385.09021pt.
[109

 <../figures/societa/CO056.pdf>]
<../figures/societa/CO208.pdf, id=11284, 1156.32pt x 650.43pt>
File: ../figures/societa/CO208.pdf Graphic file (type pdf)
<use ../figures/societa/CO208.pdf>
Package pdftex.def Info: ../figures/societa/CO208.pdf  used on input line 433.
(pdftex.def)             Requested size: 684.60736pt x 385.09021pt.
[110

 <../figures/societa/CO208.pdf>]
<../figures/societa/CO294.pdf, id=11394, 1156.32pt x 650.43pt>
File: ../figures/societa/CO294.pdf Graphic file (type pdf)
<use ../figures/societa/CO294.pdf>
Package pdftex.def Info: ../figures/societa/CO294.pdf  used on input line 438.
(pdftex.def)             Requested size: 684.60736pt x 385.09021pt.
[111

 <../figures/societa/CO294.pdf>]
<../figures/societa/CO487.pdf, id=11501, 1156.32pt x 650.43pt>
File: ../figures/societa/CO487.pdf Graphic file (type pdf)
<use ../figures/societa/CO487.pdf>
Package pdftex.def Info: ../figures/societa/CO487.pdf  used on input line 443.
(pdftex.def)             Requested size: 684.60736pt x 385.09021pt.
[112

 <../figures/societa/CO487.pdf>]
<../figures/societa/CO546.pdf, id=11603, 1156.32pt x 650.43pt>
File: ../figures/societa/CO546.pdf Graphic file (type pdf)
<use ../figures/societa/CO546.pdf>
Package pdftex.def Info: ../figures/societa/CO546.pdf  used on input line 448.
(pdftex.def)             Requested size: 684.60736pt x 385.09021pt.
[113

 <../figures/societa/CO546.pdf>]
<../figures/societa/CO744.pdf, id=11713, 1156.32pt x 650.43pt>
File: ../figures/societa/CO744.pdf Graphic file (type pdf)
<use ../figures/societa/CO744.pdf>
Package pdftex.def Info: ../figures/societa/CO744.pdf  used on input line 453.
(pdftex.def)             Requested size: 684.60736pt x 385.09021pt.
[114

 <../figures/societa/CO744.pdf>]
<../figures/societa/CO920.pdf, id=11818, 1156.32pt x 650.43pt>
File: ../figures/societa/CO920.pdf Graphic file (type pdf)
<use ../figures/societa/CO920.pdf>
Package pdftex.def Info: ../figures/societa/CO920.pdf  used on input line 458.
(pdftex.def)             Requested size: 684.60736pt x 385.09021pt.
[115

 <../figures/societa/CO920.pdf>]
<../figures/societa/CO976.pdf, id=11922, 1156.32pt x 650.43pt>
File: ../figures/societa/CO976.pdf Graphic file (type pdf)
<use ../figures/societa/CO976.pdf>
Package pdftex.def Info: ../figures/societa/CO976.pdf  used on input line 463.
(pdftex.def)             Requested size: 684.60736pt x 385.09021pt.
[116

 <../figures/societa/CO976.pdf>]
<../figures/societa/CR041.pdf, id=12028, 1156.32pt x 650.43pt>
File: ../figures/societa/CR041.pdf Graphic file (type pdf)
<use ../figures/societa/CR041.pdf>
Package pdftex.def Info: ../figures/societa/CR041.pdf  used on input line 468.
(pdftex.def)             Requested size: 684.60736pt x 385.09021pt.
[117

 <../figures/societa/CR041.pdf>]
<../figures/societa/CR150.pdf, id=12138, 1156.32pt x 650.43pt>
File: ../figures/societa/CR150.pdf Graphic file (type pdf)
<use ../figures/societa/CR150.pdf>
Package pdftex.def Info: ../figures/societa/CR150.pdf  used on input line 473.
(pdftex.def)             Requested size: 684.60736pt x 385.09021pt.
[118

 <../figures/societa/CR150.pdf>]
<../figures/societa/CR810.pdf, id=12249, 1156.32pt x 650.43pt>
File: ../figures/societa/CR810.pdf Graphic file (type pdf)
<use ../figures/societa/CR810.pdf>
Package pdftex.def Info: ../figures/societa/CR810.pdf  used on input line 478.
(pdftex.def)             Requested size: 684.60736pt x 385.09021pt.
[119

 <../figures/societa/CR810.pdf>]
<../figures/societa/CS361.pdf, id=12357, 1156.32pt x 650.43pt>
File: ../figures/societa/CS361.pdf Graphic file (type pdf)
<use ../figures/societa/CS361.pdf>
Package pdftex.def Info: ../figures/societa/CS361.pdf  used on input line 483.
(pdftex.def)             Requested size: 684.60736pt x 385.09021pt.
[120

 <../figures/societa/CS361.pdf>]
<../figures/societa/CT361.pdf, id=12463, 1156.32pt x 650.43pt>
File: ../figures/societa/CT361.pdf Graphic file (type pdf)
<use ../figures/societa/CT361.pdf>
Package pdftex.def Info: ../figures/societa/CT361.pdf  used on input line 488.
(pdftex.def)             Requested size: 684.60736pt x 385.09021pt.
[121

 <../figures/societa/CT361.pdf>]
<../figures/societa/CT734.pdf, id=12570, 1156.32pt x 650.43pt>
File: ../figures/societa/CT734.pdf Graphic file (type pdf)
<use ../figures/societa/CT734.pdf>
Package pdftex.def Info: ../figures/societa/CT734.pdf  used on input line 493.
(pdftex.def)             Requested size: 684.60736pt x 385.09021pt.
[122

 <../figures/societa/CT734.pdf>]
<../figures/societa/FC038.pdf, id=12672, 1156.32pt x 650.43pt>
File: ../figures/societa/FC038.pdf Graphic file (type pdf)
<use ../figures/societa/FC038.pdf>
Package pdftex.def Info: ../figures/societa/FC038.pdf  used on input line 498.
(pdftex.def)             Requested size: 684.60736pt x 385.09021pt.
[123

 <../figures/societa/FC038.pdf>]
<../figures/societa/FC049.pdf, id=12778, 1156.32pt x 650.43pt>
File: ../figures/societa/FC049.pdf Graphic file (type pdf)
<use ../figures/societa/FC049.pdf>
Package pdftex.def Info: ../figures/societa/FC049.pdf  used on input line 503.
(pdftex.def)             Requested size: 684.60736pt x 385.09021pt.
[124

 <../figures/societa/FC049.pdf>]
<../figures/societa/FC542.pdf, id=12883, 1156.32pt x 650.43pt>
File: ../figures/societa/FC542.pdf Graphic file (type pdf)
<use ../figures/societa/FC542.pdf>
Package pdftex.def Info: ../figures/societa/FC542.pdf  used on input line 508.
(pdftex.def)             Requested size: 684.60736pt x 385.09021pt.
[125

 <../figures/societa/FC542.pdf>]
<../figures/societa/FE025.pdf, id=12990, 1156.32pt x 650.43pt>
File: ../figures/societa/FE025.pdf Graphic file (type pdf)
<use ../figures/societa/FE025.pdf>
Package pdftex.def Info: ../figures/societa/FE025.pdf  used on input line 513.
(pdftex.def)             Requested size: 684.60736pt x 385.09021pt.
[126

 <../figures/societa/FE025.pdf>]
<../figures/societa/FE026.pdf, id=13096, 1156.32pt x 650.43pt>
File: ../figures/societa/FE026.pdf Graphic file (type pdf)
<use ../figures/societa/FE026.pdf>
Package pdftex.def Info: ../figures/societa/FE026.pdf  used on input line 518.
(pdftex.def)             Requested size: 684.60736pt x 385.09021pt.
[127

 <../figures/societa/FE026.pdf>]
<../figures/societa/FE378.pdf, id=13201, 1156.32pt x 650.43pt>
File: ../figures/societa/FE378.pdf Graphic file (type pdf)
<use ../figures/societa/FE378.pdf>
Package pdftex.def Info: ../figures/societa/FE378.pdf  used on input line 523.
(pdftex.def)             Requested size: 684.60736pt x 385.09021pt.
[128

 <../figures/societa/FE378.pdf>]
<../figures/societa/FE596.pdf, id=13305, 1156.32pt x 650.43pt>
File: ../figures/societa/FE596.pdf Graphic file (type pdf)
<use ../figures/societa/FE596.pdf>
Package pdftex.def Info: ../figures/societa/FE596.pdf  used on input line 528.
(pdftex.def)             Requested size: 684.60736pt x 385.09021pt.
[129

 <../figures/societa/FE596.pdf>]
<../figures/societa/FG202.pdf, id=13413, 1156.32pt x 650.43pt>
File: ../figures/societa/FG202.pdf Graphic file (type pdf)
<use ../figures/societa/FG202.pdf>
Package pdftex.def Info: ../figures/societa/FG202.pdf  used on input line 533.
(pdftex.def)             Requested size: 684.60736pt x 385.09021pt.
[130

 <../figures/societa/FG202.pdf>]
<../figures/societa/FG210.pdf, id=13519, 1156.32pt x 650.43pt>
File: ../figures/societa/FG210.pdf Graphic file (type pdf)
<use ../figures/societa/FG210.pdf>
Package pdftex.def Info: ../figures/societa/FG210.pdf  used on input line 538.
(pdftex.def)             Requested size: 684.60736pt x 385.09021pt.
[131

 <../figures/societa/FG210.pdf>]
<../figures/societa/FI001.pdf, id=13626, 1156.32pt x 650.43pt>
File: ../figures/societa/FI001.pdf Graphic file (type pdf)
<use ../figures/societa/FI001.pdf>
Package pdftex.def Info: ../figures/societa/FI001.pdf  used on input line 543.
(pdftex.def)             Requested size: 684.60736pt x 385.09021pt.
[132

 <../figures/societa/FI001.pdf>]
<../figures/societa/FI002.pdf, id=13732, 1156.32pt x 650.43pt>
File: ../figures/societa/FI002.pdf Graphic file (type pdf)
<use ../figures/societa/FI002.pdf>
Package pdftex.def Info: ../figures/societa/FI002.pdf  used on input line 548.
(pdftex.def)             Requested size: 684.60736pt x 385.09021pt.
[133

 <../figures/societa/FI002.pdf>]
<../figures/societa/FI005.pdf, id=13842, 1156.32pt x 650.43pt>
File: ../figures/societa/FI005.pdf Graphic file (type pdf)
<use ../figures/societa/FI005.pdf>
Package pdftex.def Info: ../figures/societa/FI005.pdf  used on input line 553.
(pdftex.def)             Requested size: 684.60736pt x 385.09021pt.
[134

 <../figures/societa/FI005.pdf>]
<../figures/societa/FI007.pdf, id=13940, 1156.32pt x 650.43pt>
File: ../figures/societa/FI007.pdf Graphic file (type pdf)
<use ../figures/societa/FI007.pdf>
Package pdftex.def Info: ../figures/societa/FI007.pdf  used on input line 558.
(pdftex.def)             Requested size: 684.60736pt x 385.09021pt.
[135

 <../figures/societa/FI007.pdf>]
<../figures/societa/FI009.pdf, id=14047, 1156.32pt x 650.43pt>
File: ../figures/societa/FI009.pdf Graphic file (type pdf)
<use ../figures/societa/FI009.pdf>
Package pdftex.def Info: ../figures/societa/FI009.pdf  used on input line 563.
(pdftex.def)             Requested size: 684.60736pt x 385.09021pt.
[136

 <../figures/societa/FI009.pdf>]
<../figures/societa/FI018.pdf, id=14153, 1156.32pt x 650.43pt>
File: ../figures/societa/FI018.pdf Graphic file (type pdf)
<use ../figures/societa/FI018.pdf>
Package pdftex.def Info: ../figures/societa/FI018.pdf  used on input line 568.
(pdftex.def)             Requested size: 684.60736pt x 385.09021pt.
[137

 <../figures/societa/FI018.pdf>]
<../figures/societa/FI023.pdf, id=14255, 1156.32pt x 650.43pt>
File: ../figures/societa/FI023.pdf Graphic file (type pdf)
<use ../figures/societa/FI023.pdf>
Package pdftex.def Info: ../figures/societa/FI023.pdf  used on input line 573.
(pdftex.def)             Requested size: 684.60736pt x 385.09021pt.
[138

 <../figures/societa/FI023.pdf>]
<../figures/societa/FI025.pdf, id=14354, 1156.32pt x 650.43pt>
File: ../figures/societa/FI025.pdf Graphic file (type pdf)
<use ../figures/societa/FI025.pdf>
Package pdftex.def Info: ../figures/societa/FI025.pdf  used on input line 578.
(pdftex.def)             Requested size: 684.60736pt x 385.09021pt.
[139

 <../figures/societa/FI025.pdf>]
<../figures/societa/FI029.pdf, id=14457, 1156.32pt x 650.43pt>
File: ../figures/societa/FI029.pdf Graphic file (type pdf)
<use ../figures/societa/FI029.pdf>
Package pdftex.def Info: ../figures/societa/FI029.pdf  used on input line 583.
(pdftex.def)             Requested size: 684.60736pt x 385.09021pt.
[140

 <../figures/societa/FI029.pdf>]
<../figures/societa/FM003.pdf, id=14562, 1156.32pt x 650.43pt>
File: ../figures/societa/FM003.pdf Graphic file (type pdf)
<use ../figures/societa/FM003.pdf>
Package pdftex.def Info: ../figures/societa/FM003.pdf  used on input line 588.
(pdftex.def)             Requested size: 684.60736pt x 385.09021pt.
[141

 <../figures/societa/FM003.pdf>]
<../figures/societa/FM050.pdf, id=14667, 1156.32pt x 650.43pt>
File: ../figures/societa/FM050.pdf Graphic file (type pdf)
<use ../figures/societa/FM050.pdf>
Package pdftex.def Info: ../figures/societa/FM050.pdf  used on input line 593.
(pdftex.def)             Requested size: 684.60736pt x 385.09021pt.
[142

 <../figures/societa/FM050.pdf>]
<../figures/societa/GE002.pdf, id=14768, 1156.32pt x 650.43pt>
File: ../figures/societa/GE002.pdf Graphic file (type pdf)
<use ../figures/societa/GE002.pdf>
Package pdftex.def Info: ../figures/societa/GE002.pdf  used on input line 598.
(pdftex.def)             Requested size: 684.60736pt x 385.09021pt.
[143

 <../figures/societa/GE002.pdf>]
<../figures/societa/GE012.pdf, id=14873, 1156.32pt x 650.43pt>
File: ../figures/societa/GE012.pdf Graphic file (type pdf)
<use ../figures/societa/GE012.pdf>
Package pdftex.def Info: ../figures/societa/GE012.pdf  used on input line 603.
(pdftex.def)             Requested size: 684.60736pt x 385.09021pt.
[144

 <../figures/societa/GE012.pdf>]
<../figures/societa/GE016.pdf, id=14978, 1156.32pt x 650.43pt>
File: ../figures/societa/GE016.pdf Graphic file (type pdf)
<use ../figures/societa/GE016.pdf>
Package pdftex.def Info: ../figures/societa/GE016.pdf  used on input line 608.
(pdftex.def)             Requested size: 684.60736pt x 385.09021pt.
[145

 <../figures/societa/GE016.pdf>]
<../figures/societa/GO047.pdf, id=15090, 1156.32pt x 650.43pt>
File: ../figures/societa/GO047.pdf Graphic file (type pdf)
<use ../figures/societa/GO047.pdf>
Package pdftex.def Info: ../figures/societa/GO047.pdf  used on input line 613.
(pdftex.def)             Requested size: 684.60736pt x 385.09021pt.
[146

 <../figures/societa/GO047.pdf>]
<../figures/societa/GO050.pdf, id=15196, 1156.32pt x 650.43pt>
File: ../figures/societa/GO050.pdf Graphic file (type pdf)
<use ../figures/societa/GO050.pdf>
Package pdftex.def Info: ../figures/societa/GO050.pdf  used on input line 618.
(pdftex.def)             Requested size: 684.60736pt x 385.09021pt.
[147

 <../figures/societa/GO050.pdf>]
<../figures/societa/GR065.pdf, id=15300, 1156.32pt x 650.43pt>
File: ../figures/societa/GR065.pdf Graphic file (type pdf)
<use ../figures/societa/GR065.pdf>
Package pdftex.def Info: ../figures/societa/GR065.pdf  used on input line 623.
(pdftex.def)             Requested size: 684.60736pt x 385.09021pt.
[148

 <../figures/societa/GR065.pdf>]
<../figures/societa/IM029.pdf, id=15408, 1156.32pt x 650.43pt>
File: ../figures/societa/IM029.pdf Graphic file (type pdf)
<use ../figures/societa/IM029.pdf>
Package pdftex.def Info: ../figures/societa/IM029.pdf  used on input line 628.
(pdftex.def)             Requested size: 684.60736pt x 385.09021pt.
[149

 <../figures/societa/IM029.pdf>]
<../figures/societa/IM038.pdf, id=15514, 1156.32pt x 650.43pt>
File: ../figures/societa/IM038.pdf Graphic file (type pdf)
<use ../figures/societa/IM038.pdf>
Package pdftex.def Info: ../figures/societa/IM038.pdf  used on input line 633.
(pdftex.def)             Requested size: 684.60736pt x 385.09021pt.
[150

 <../figures/societa/IM038.pdf>]
<../figures/societa/IS010.pdf, id=15626, 1156.32pt x 650.43pt>
File: ../figures/societa/IS010.pdf Graphic file (type pdf)
<use ../figures/societa/IS010.pdf>
Package pdftex.def Info: ../figures/societa/IS010.pdf  used on input line 638.
(pdftex.def)             Requested size: 684.60736pt x 385.09021pt.
[151

 <../figures/societa/IS010.pdf>]
<../figures/societa/LE658.pdf, id=15730, 1156.32pt x 650.43pt>
File: ../figures/societa/LE658.pdf Graphic file (type pdf)
<use ../figures/societa/LE658.pdf>
Package pdftex.def Info: ../figures/societa/LE658.pdf  used on input line 643.
(pdftex.def)             Requested size: 684.60736pt x 385.09021pt.
[152

 <../figures/societa/LE658.pdf>]
<../figures/societa/LI035.pdf, id=15832, 1156.32pt x 650.43pt>
File: ../figures/societa/LI035.pdf Graphic file (type pdf)
<use ../figures/societa/LI035.pdf>
Package pdftex.def Info: ../figures/societa/LI035.pdf  used on input line 648.
(pdftex.def)             Requested size: 684.60736pt x 385.09021pt.
[153

 <../figures/societa/LI035.pdf>]
<../figures/societa/LI036.pdf, id=15941, 1156.32pt x 650.43pt>
File: ../figures/societa/LI036.pdf Graphic file (type pdf)
<use ../figures/societa/LI036.pdf>
Package pdftex.def Info: ../figures/societa/LI036.pdf  used on input line 653.
(pdftex.def)             Requested size: 684.60736pt x 385.09021pt.
[154

 <../figures/societa/LI036.pdf>]
<../figures/societa/LI038.pdf, id=16046, 1156.32pt x 650.43pt>
File: ../figures/societa/LI038.pdf Graphic file (type pdf)
<use ../figures/societa/LI038.pdf>
Package pdftex.def Info: ../figures/societa/LI038.pdf  used on input line 658.
(pdftex.def)             Requested size: 684.60736pt x 385.09021pt.
[155

 <../figures/societa/LI038.pdf>]
<../figures/societa/LI332.pdf, id=16153, 1156.32pt x 650.43pt>
File: ../figures/societa/LI332.pdf Graphic file (type pdf)
<use ../figures/societa/LI332.pdf>
Package pdftex.def Info: ../figures/societa/LI332.pdf  used on input line 663.
(pdftex.def)             Requested size: 684.60736pt x 385.09021pt.
[156

 <../figures/societa/LI332.pdf>]
<../figures/societa/LT275.pdf, id=16260, 1156.32pt x 650.43pt>
File: ../figures/societa/LT275.pdf Graphic file (type pdf)
<use ../figures/societa/LT275.pdf>
Package pdftex.def Info: ../figures/societa/LT275.pdf  used on input line 668.
(pdftex.def)             Requested size: 684.60736pt x 385.09021pt.
[157

 <../figures/societa/LT275.pdf>]
<../figures/societa/LT302.pdf, id=16365, 1156.32pt x 650.43pt>
File: ../figures/societa/LT302.pdf Graphic file (type pdf)
<use ../figures/societa/LT302.pdf>
Package pdftex.def Info: ../figures/societa/LT302.pdf  used on input line 673.
(pdftex.def)             Requested size: 684.60736pt x 385.09021pt.
[158

 <../figures/societa/LT302.pdf>]
<../figures/societa/LU100.pdf, id=16470, 1156.32pt x 650.43pt>
File: ../figures/societa/LU100.pdf Graphic file (type pdf)
<use ../figures/societa/LU100.pdf>
Package pdftex.def Info: ../figures/societa/LU100.pdf  used on input line 678.
(pdftex.def)             Requested size: 684.60736pt x 385.09021pt.
[159

 <../figures/societa/LU100.pdf>]
<../figures/societa/LU104.pdf, id=16575, 1156.32pt x 650.43pt>
File: ../figures/societa/LU104.pdf Graphic file (type pdf)
<use ../figures/societa/LU104.pdf>
Package pdftex.def Info: ../figures/societa/LU104.pdf  used on input line 683.
(pdftex.def)             Requested size: 684.60736pt x 385.09021pt.
[160

 <../figures/societa/LU104.pdf>]
<../figures/societa/MC004.pdf, id=16682, 1156.32pt x 650.43pt>
File: ../figures/societa/MC004.pdf Graphic file (type pdf)
<use ../figures/societa/MC004.pdf>
Package pdftex.def Info: ../figures/societa/MC004.pdf  used on input line 688.
(pdftex.def)             Requested size: 684.60736pt x 385.09021pt.
[161

 <../figures/societa/MC004.pdf>]
<../figures/societa/MC007.pdf, id=16787, 1156.32pt x 650.43pt>
File: ../figures/societa/MC007.pdf Graphic file (type pdf)
<use ../figures/societa/MC007.pdf>
Package pdftex.def Info: ../figures/societa/MC007.pdf  used on input line 693.
(pdftex.def)             Requested size: 684.60736pt x 385.09021pt.
[162

 <../figures/societa/MC007.pdf>]
<../figures/societa/MC008.pdf, id=16895, 1156.32pt x 650.43pt>
File: ../figures/societa/MC008.pdf Graphic file (type pdf)
<use ../figures/societa/MC008.pdf>
Package pdftex.def Info: ../figures/societa/MC008.pdf  used on input line 698.
(pdftex.def)             Requested size: 684.60736pt x 385.09021pt.
[163

 <../figures/societa/MC008.pdf>]
<../figures/societa/MC011.pdf, id=16995, 1156.32pt x 650.43pt>
File: ../figures/societa/MC011.pdf Graphic file (type pdf)
<use ../figures/societa/MC011.pdf>
Package pdftex.def Info: ../figures/societa/MC011.pdf  used on input line 703.
(pdftex.def)             Requested size: 684.60736pt x 385.09021pt.
[164

 <../figures/societa/MC011.pdf>]
<../figures/societa/MC042.pdf, id=17099, 1156.32pt x 650.43pt>
File: ../figures/societa/MC042.pdf Graphic file (type pdf)
<use ../figures/societa/MC042.pdf>
Package pdftex.def Info: ../figures/societa/MC042.pdf  used on input line 708.
(pdftex.def)             Requested size: 684.60736pt x 385.09021pt.
[165

 <../figures/societa/MC042.pdf>]
<../figures/societa/ME112.pdf, id=17207, 1156.32pt x 650.43pt>
File: ../figures/societa/ME112.pdf Graphic file (type pdf)
<use ../figures/societa/ME112.pdf>
Package pdftex.def Info: ../figures/societa/ME112.pdf  used on input line 713.
(pdftex.def)             Requested size: 684.60736pt x 385.09021pt.
[166

 <../figures/societa/ME112.pdf>]
<../figures/societa/ME740.pdf, id=17317, 1156.32pt x 650.43pt>
File: ../figures/societa/ME740.pdf Graphic file (type pdf)
<use ../figures/societa/ME740.pdf>
Package pdftex.def Info: ../figures/societa/ME740.pdf  used on input line 718.
(pdftex.def)             Requested size: 684.60736pt x 385.09021pt.
[167

 <../figures/societa/ME740.pdf>]
<../figures/societa/MI008.pdf, id=17424, 1156.32pt x 650.43pt>
File: ../figures/societa/MI008.pdf Graphic file (type pdf)
<use ../figures/societa/MI008.pdf>
Package pdftex.def Info: ../figures/societa/MI008.pdf  used on input line 723.
(pdftex.def)             Requested size: 684.60736pt x 385.09021pt.
[168

 <../figures/societa/MI008.pdf>]
<../figures/societa/MI065.pdf, id=17522, 1156.32pt x 650.43pt>
File: ../figures/societa/MI065.pdf Graphic file (type pdf)
<use ../figures/societa/MI065.pdf>
Package pdftex.def Info: ../figures/societa/MI065.pdf  used on input line 728.
(pdftex.def)             Requested size: 684.60736pt x 385.09021pt.
[169

 <../figures/societa/MI065.pdf>]
<../figures/societa/MI066.pdf, id=17627, 1156.32pt x 650.43pt>
File: ../figures/societa/MI066.pdf Graphic file (type pdf)
<use ../figures/societa/MI066.pdf>
Package pdftex.def Info: ../figures/societa/MI066.pdf  used on input line 733.
(pdftex.def)             Requested size: 684.60736pt x 385.09021pt.
[170

 <../figures/societa/MI066.pdf>]
<../figures/societa/MI068.pdf, id=17735, 1156.32pt x 650.43pt>
File: ../figures/societa/MI068.pdf Graphic file (type pdf)
<use ../figures/societa/MI068.pdf>
Package pdftex.def Info: ../figures/societa/MI068.pdf  used on input line 738.
(pdftex.def)             Requested size: 684.60736pt x 385.09021pt.
[171

 <../figures/societa/MI068.pdf>]
<../figures/societa/MI077.pdf, id=17843, 1156.32pt x 650.43pt>
File: ../figures/societa/MI077.pdf Graphic file (type pdf)
<use ../figures/societa/MI077.pdf>
Package pdftex.def Info: ../figures/societa/MI077.pdf  used on input line 743.
(pdftex.def)             Requested size: 684.60736pt x 385.09021pt.
[172

 <../figures/societa/MI077.pdf>]
<../figures/societa/MI080.pdf, id=17949, 1156.32pt x 650.43pt>
File: ../figures/societa/MI080.pdf Graphic file (type pdf)
<use ../figures/societa/MI080.pdf>
Package pdftex.def Info: ../figures/societa/MI080.pdf  used on input line 748.
(pdftex.def)             Requested size: 684.60736pt x 385.09021pt.
[173

 <../figures/societa/MI080.pdf>]
<../figures/societa/MI087.pdf, id=18058, 1156.32pt x 650.43pt>
File: ../figures/societa/MI087.pdf Graphic file (type pdf)
<use ../figures/societa/MI087.pdf>
Package pdftex.def Info: ../figures/societa/MI087.pdf  used on input line 753.
(pdftex.def)             Requested size: 684.60736pt x 385.09021pt.
[174

 <../figures/societa/MI087.pdf>]
<../figures/societa/MI089.pdf, id=18162, 1156.32pt x 650.43pt>
File: ../figures/societa/MI089.pdf Graphic file (type pdf)
<use ../figures/societa/MI089.pdf>
Package pdftex.def Info: ../figures/societa/MI089.pdf  used on input line 758.
(pdftex.def)             Requested size: 684.60736pt x 385.09021pt.
[175

 <../figures/societa/MI089.pdf>]
<../figures/societa/MI093.pdf, id=18271, 1156.32pt x 650.43pt>
File: ../figures/societa/MI093.pdf Graphic file (type pdf)
<use ../figures/societa/MI093.pdf>
Package pdftex.def Info: ../figures/societa/MI093.pdf  used on input line 763.
(pdftex.def)             Requested size: 684.60736pt x 385.09021pt.
[176

 <../figures/societa/MI093.pdf>]
<../figures/societa/MI158.pdf, id=18380, 1156.32pt x 650.43pt>
File: ../figures/societa/MI158.pdf Graphic file (type pdf)
<use ../figures/societa/MI158.pdf>
Package pdftex.def Info: ../figures/societa/MI158.pdf  used on input line 768.
(pdftex.def)             Requested size: 684.60736pt x 385.09021pt.
[177

 <../figures/societa/MI158.pdf>]
<../figures/societa/MI160.pdf, id=18481, 1156.32pt x 650.43pt>
File: ../figures/societa/MI160.pdf Graphic file (type pdf)
<use ../figures/societa/MI160.pdf>
Package pdftex.def Info: ../figures/societa/MI160.pdf  used on input line 773.
(pdftex.def)             Requested size: 684.60736pt x 385.09021pt.
[178

 <../figures/societa/MI160.pdf>]
<../figures/societa/MI161.pdf, id=18586, 1156.32pt x 650.43pt>
File: ../figures/societa/MI161.pdf Graphic file (type pdf)
<use ../figures/societa/MI161.pdf>
Package pdftex.def Info: ../figures/societa/MI161.pdf  used on input line 778.
(pdftex.def)             Requested size: 684.60736pt x 385.09021pt.
[179

 <../figures/societa/MI161.pdf>]
<../figures/societa/MI214.pdf, id=18692, 1156.32pt x 650.43pt>
File: ../figures/societa/MI214.pdf Graphic file (type pdf)
<use ../figures/societa/MI214.pdf>
Package pdftex.def Info: ../figures/societa/MI214.pdf  used on input line 783.
(pdftex.def)             Requested size: 684.60736pt x 385.09021pt.
[180

 <../figures/societa/MI214.pdf>]
<../figures/societa/MI218.pdf, id=18801, 1156.32pt x 650.43pt>
File: ../figures/societa/MI218.pdf Graphic file (type pdf)
<use ../figures/societa/MI218.pdf>
Package pdftex.def Info: ../figures/societa/MI218.pdf  used on input line 788.
(pdftex.def)             Requested size: 684.60736pt x 385.09021pt.
[181

 <../figures/societa/MI218.pdf>]
<../figures/societa/MI221.pdf, id=18908, 1156.32pt x 650.43pt>
File: ../figures/societa/MI221.pdf Graphic file (type pdf)
<use ../figures/societa/MI221.pdf>
Package pdftex.def Info: ../figures/societa/MI221.pdf  used on input line 793.
(pdftex.def)             Requested size: 684.60736pt x 385.09021pt.
[182

 <../figures/societa/MI221.pdf>]
<../figures/societa/MI242.pdf, id=19012, 1156.32pt x 650.43pt>
File: ../figures/societa/MI242.pdf Graphic file (type pdf)
<use ../figures/societa/MI242.pdf>
Package pdftex.def Info: ../figures/societa/MI242.pdf  used on input line 798.
(pdftex.def)             Requested size: 684.60736pt x 385.09021pt.
[183

 <../figures/societa/MI242.pdf>]
<../figures/societa/MI244.pdf, id=19118, 1156.32pt x 650.43pt>
File: ../figures/societa/MI244.pdf Graphic file (type pdf)
<use ../figures/societa/MI244.pdf>
Package pdftex.def Info: ../figures/societa/MI244.pdf  used on input line 803.
(pdftex.def)             Requested size: 684.60736pt x 385.09021pt.
[184

 <../figures/societa/MI244.pdf>]
<../figures/societa/MI265.pdf, id=19223, 1156.32pt x 650.43pt>
File: ../figures/societa/MI265.pdf Graphic file (type pdf)
<use ../figures/societa/MI265.pdf>
Package pdftex.def Info: ../figures/societa/MI265.pdf  used on input line 808.
(pdftex.def)             Requested size: 684.60736pt x 385.09021pt.
[185

 <../figures/societa/MI265.pdf>]
<../figures/societa/MI330.pdf, id=19326, 1156.32pt x 650.43pt>
File: ../figures/societa/MI330.pdf Graphic file (type pdf)
<use ../figures/societa/MI330.pdf>
Package pdftex.def Info: ../figures/societa/MI330.pdf  used on input line 813.
(pdftex.def)             Requested size: 684.60736pt x 385.09021pt.
[186

 <../figures/societa/MI330.pdf>]
<../figures/societa/MI352.pdf, id=19431, 1156.32pt x 650.43pt>
File: ../figures/societa/MI352.pdf Graphic file (type pdf)
<use ../figures/societa/MI352.pdf>
Package pdftex.def Info: ../figures/societa/MI352.pdf  used on input line 818.
(pdftex.def)             Requested size: 684.60736pt x 385.09021pt.
[187

 <../figures/societa/MI352.pdf>]
<../figures/societa/MI710.pdf, id=19537, 1156.32pt x 650.43pt>
File: ../figures/societa/MI710.pdf Graphic file (type pdf)
<use ../figures/societa/MI710.pdf>
Package pdftex.def Info: ../figures/societa/MI710.pdf  used on input line 823.
(pdftex.def)             Requested size: 684.60736pt x 385.09021pt.
[188

 <../figures/societa/MI710.pdf>]
<../figures/societa/MI770.pdf, id=19644, 1156.32pt x 650.43pt>
File: ../figures/societa/MI770.pdf Graphic file (type pdf)
<use ../figures/societa/MI770.pdf>
Package pdftex.def Info: ../figures/societa/MI770.pdf  used on input line 828.
(pdftex.def)             Requested size: 684.60736pt x 385.09021pt.
[189

 <../figures/societa/MI770.pdf>]
<../figures/societa/MI774.pdf, id=19748, 1156.32pt x 650.43pt>
File: ../figures/societa/MI774.pdf Graphic file (type pdf)
<use ../figures/societa/MI774.pdf>
Package pdftex.def Info: ../figures/societa/MI774.pdf  used on input line 833.
(pdftex.def)             Requested size: 684.60736pt x 385.09021pt.
[190

 <../figures/societa/MI774.pdf>]
<../figures/societa/MI798.pdf, id=19850, 1156.32pt x 650.43pt>
File: ../figures/societa/MI798.pdf Graphic file (type pdf)
<use ../figures/societa/MI798.pdf>
Package pdftex.def Info: ../figures/societa/MI798.pdf  used on input line 838.
(pdftex.def)             Requested size: 684.60736pt x 385.09021pt.
[191

 <../figures/societa/MI798.pdf>]
<../figures/societa/MI820.pdf, id=19954, 1156.32pt x 650.43pt>
File: ../figures/societa/MI820.pdf Graphic file (type pdf)
<use ../figures/societa/MI820.pdf>
Package pdftex.def Info: ../figures/societa/MI820.pdf  used on input line 843.
(pdftex.def)             Requested size: 684.60736pt x 385.09021pt.
[192

 <../figures/societa/MI820.pdf>]
<../figures/societa/MI844.pdf, id=20060, 1156.32pt x 650.43pt>
File: ../figures/societa/MI844.pdf Graphic file (type pdf)
<use ../figures/societa/MI844.pdf>
Package pdftex.def Info: ../figures/societa/MI844.pdf  used on input line 848.
(pdftex.def)             Requested size: 684.60736pt x 385.09021pt.
[193

 <../figures/societa/MI844.pdf>]
<../figures/societa/MI922.pdf, id=20166, 1156.32pt x 650.43pt>
File: ../figures/societa/MI922.pdf Graphic file (type pdf)
<use ../figures/societa/MI922.pdf>
Package pdftex.def Info: ../figures/societa/MI922.pdf  used on input line 853.
(pdftex.def)             Requested size: 684.60736pt x 385.09021pt.
[194

 <../figures/societa/MI922.pdf>]
<../figures/societa/MN043.pdf, id=20269, 1156.32pt x 650.43pt>
File: ../figures/societa/MN043.pdf Graphic file (type pdf)
<use ../figures/societa/MN043.pdf>
Package pdftex.def Info: ../figures/societa/MN043.pdf  used on input line 858.
(pdftex.def)             Requested size: 684.60736pt x 385.09021pt.
[195

 <../figures/societa/MN043.pdf>]
<../figures/societa/MN406.pdf, id=20381, 1156.32pt x 650.43pt>
File: ../figures/societa/MN406.pdf Graphic file (type pdf)
<use ../figures/societa/MN406.pdf>
Package pdftex.def Info: ../figures/societa/MN406.pdf  used on input line 863.
(pdftex.def)             Requested size: 684.60736pt x 385.09021pt.
[196

 <../figures/societa/MN406.pdf>]
<../figures/societa/MO052.pdf, id=20487, 1156.32pt x 650.43pt>
File: ../figures/societa/MO052.pdf Graphic file (type pdf)
<use ../figures/societa/MO052.pdf>
Package pdftex.def Info: ../figures/societa/MO052.pdf  used on input line 868.
(pdftex.def)             Requested size: 684.60736pt x 385.09021pt.
[197

 <../figures/societa/MO052.pdf>]
<../figures/societa/MO057.pdf, id=20598, 1156.32pt x 650.43pt>
File: ../figures/societa/MO057.pdf Graphic file (type pdf)
<use ../figures/societa/MO057.pdf>
Package pdftex.def Info: ../figures/societa/MO057.pdf  used on input line 873.
(pdftex.def)             Requested size: 684.60736pt x 385.09021pt.
[198

 <../figures/societa/MO057.pdf>]
<../figures/societa/MO060.pdf, id=20710, 1156.32pt x 650.43pt>
File: ../figures/societa/MO060.pdf Graphic file (type pdf)
<use ../figures/societa/MO060.pdf>
Package pdftex.def Info: ../figures/societa/MO060.pdf  used on input line 878.
(pdftex.def)             Requested size: 684.60736pt x 385.09021pt.
[199

 <../figures/societa/MO060.pdf>]
<../figures/societa/MO497.pdf, id=20814, 1156.32pt x 650.43pt>
File: ../figures/societa/MO497.pdf Graphic file (type pdf)
<use ../figures/societa/MO497.pdf>
Package pdftex.def Info: ../figures/societa/MO497.pdf  used on input line 883.
(pdftex.def)             Requested size: 684.60736pt x 385.09021pt.
[200

 <../figures/societa/MO497.pdf>]
<../figures/societa/NA064.pdf, id=20917, 1156.32pt x 650.43pt>
File: ../figures/societa/NA064.pdf Graphic file (type pdf)
<use ../figures/societa/NA064.pdf>
Package pdftex.def Info: ../figures/societa/NA064.pdf  used on input line 888.
(pdftex.def)             Requested size: 684.60736pt x 385.09021pt.
[201

 <../figures/societa/NA064.pdf>]
<../figures/societa/NA965.pdf, id=21025, 1156.32pt x 650.43pt>
File: ../figures/societa/NA965.pdf Graphic file (type pdf)
<use ../figures/societa/NA965.pdf>
Package pdftex.def Info: ../figures/societa/NA965.pdf  used on input line 893.
(pdftex.def)             Requested size: 684.60736pt x 385.09021pt.
[202

 <../figures/societa/NA965.pdf>]
<../figures/societa/NO001.pdf, id=21131, 1156.32pt x 650.43pt>
File: ../figures/societa/NO001.pdf Graphic file (type pdf)
<use ../figures/societa/NO001.pdf>
Package pdftex.def Info: ../figures/societa/NO001.pdf  used on input line 898.
(pdftex.def)             Requested size: 684.60736pt x 385.09021pt.
[203

 <../figures/societa/NO001.pdf>]
<../figures/societa/NO004.pdf, id=21238, 1156.32pt x 650.43pt>
File: ../figures/societa/NO004.pdf Graphic file (type pdf)
<use ../figures/societa/NO004.pdf>
Package pdftex.def Info: ../figures/societa/NO004.pdf  used on input line 903.
(pdftex.def)             Requested size: 684.60736pt x 385.09021pt.
[204

 <../figures/societa/NO004.pdf>]
<../figures/societa/NO020.pdf, id=21343, 1156.32pt x 650.43pt>
File: ../figures/societa/NO020.pdf Graphic file (type pdf)
<use ../figures/societa/NO020.pdf>
Package pdftex.def Info: ../figures/societa/NO020.pdf  used on input line 908.
(pdftex.def)             Requested size: 684.60736pt x 385.09021pt.
[205

 <../figures/societa/NO020.pdf>]
<../figures/societa/PA001.pdf, id=21450, 1156.32pt x 650.43pt>
File: ../figures/societa/PA001.pdf Graphic file (type pdf)
<use ../figures/societa/PA001.pdf>
Package pdftex.def Info: ../figures/societa/PA001.pdf  used on input line 913.
(pdftex.def)             Requested size: 684.60736pt x 385.09021pt.
[206

 <../figures/societa/PA001.pdf>]
<../figures/societa/PA749.pdf, id=21556, 1156.32pt x 650.43pt>
File: ../figures/societa/PA749.pdf Graphic file (type pdf)
<use ../figures/societa/PA749.pdf>
Package pdftex.def Info: ../figures/societa/PA749.pdf  used on input line 918.
(pdftex.def)             Requested size: 684.60736pt x 385.09021pt.
[207

 <../figures/societa/PA749.pdf>]
<../figures/societa/PC084.pdf, id=21663, 1156.32pt x 650.43pt>
File: ../figures/societa/PC084.pdf Graphic file (type pdf)
<use ../figures/societa/PC084.pdf>
Package pdftex.def Info: ../figures/societa/PC084.pdf  used on input line 923.
(pdftex.def)             Requested size: 684.60736pt x 385.09021pt.
[208

 <../figures/societa/PC084.pdf>]
<../figures/societa/PC461.pdf, id=21768, 1156.32pt x 650.43pt>
File: ../figures/societa/PC461.pdf Graphic file (type pdf)
<use ../figures/societa/PC461.pdf>
Package pdftex.def Info: ../figures/societa/PC461.pdf  used on input line 928.
(pdftex.def)             Requested size: 684.60736pt x 385.09021pt.
[209

 <../figures/societa/PC461.pdf>]
<../figures/societa/PD131.pdf, id=21878, 1156.32pt x 650.43pt>
File: ../figures/societa/PD131.pdf Graphic file (type pdf)
<use ../figures/societa/PD131.pdf>
Package pdftex.def Info: ../figures/societa/PD131.pdf  used on input line 933.
(pdftex.def)             Requested size: 684.60736pt x 385.09021pt.
[210

 <../figures/societa/PD131.pdf>]
<../figures/societa/PD137.pdf, id=21987, 1156.32pt x 650.43pt>
File: ../figures/societa/PD137.pdf Graphic file (type pdf)
<use ../figures/societa/PD137.pdf>
Package pdftex.def Info: ../figures/societa/PD137.pdf  used on input line 938.
(pdftex.def)             Requested size: 684.60736pt x 385.09021pt.
[211

 <../figures/societa/PD137.pdf>]
<../figures/societa/PD140.pdf, id=22090, 1156.32pt x 650.43pt>
File: ../figures/societa/PD140.pdf Graphic file (type pdf)
<use ../figures/societa/PD140.pdf>
Package pdftex.def Info: ../figures/societa/PD140.pdf  used on input line 943.
(pdftex.def)             Requested size: 684.60736pt x 385.09021pt.
[212

 <../figures/societa/PD140.pdf>]
<../figures/societa/PD141.pdf, id=22195, 1156.32pt x 650.43pt>
File: ../figures/societa/PD141.pdf Graphic file (type pdf)
<use ../figures/societa/PD141.pdf>
Package pdftex.def Info: ../figures/societa/PD141.pdf  used on input line 948.
(pdftex.def)             Requested size: 684.60736pt x 385.09021pt.
[213

 <../figures/societa/PD141.pdf>]
<../figures/societa/PD143.pdf, id=22302, 1156.32pt x 650.43pt>
File: ../figures/societa/PD143.pdf Graphic file (type pdf)
<use ../figures/societa/PD143.pdf>
Package pdftex.def Info: ../figures/societa/PD143.pdf  used on input line 953.
(pdftex.def)             Requested size: 684.60736pt x 385.09021pt.
[214

 <../figures/societa/PD143.pdf>]
<../figures/societa/PD146.pdf, id=22406, 1156.32pt x 650.43pt>
File: ../figures/societa/PD146.pdf Graphic file (type pdf)
<use ../figures/societa/PD146.pdf>
Package pdftex.def Info: ../figures/societa/PD146.pdf  used on input line 958.
(pdftex.def)             Requested size: 684.60736pt x 385.09021pt.
[215

 <../figures/societa/PD146.pdf>]
<../figures/societa/PD161.pdf, id=22514, 1156.32pt x 650.43pt>
File: ../figures/societa/PD161.pdf Graphic file (type pdf)
<use ../figures/societa/PD161.pdf>
Package pdftex.def Info: ../figures/societa/PD161.pdf  used on input line 963.
(pdftex.def)             Requested size: 684.60736pt x 385.09021pt.
[216

 <../figures/societa/PD161.pdf>]
<../figures/societa/PD197.pdf, id=22621, 1156.32pt x 650.43pt>
File: ../figures/societa/PD197.pdf Graphic file (type pdf)
<use ../figures/societa/PD197.pdf>
Package pdftex.def Info: ../figures/societa/PD197.pdf  used on input line 968.
(pdftex.def)             Requested size: 684.60736pt x 385.09021pt.
[217

 <../figures/societa/PD197.pdf>]
<../figures/societa/PE001.pdf, id=22727, 1156.32pt x 650.43pt>
File: ../figures/societa/PE001.pdf Graphic file (type pdf)
<use ../figures/societa/PE001.pdf>
Package pdftex.def Info: ../figures/societa/PE001.pdf  used on input line 973.
(pdftex.def)             Requested size: 684.60736pt x 385.09021pt.
[218

 <../figures/societa/PE001.pdf>]
<../figures/societa/PE175.pdf, id=22833, 1156.32pt x 650.43pt>
File: ../figures/societa/PE175.pdf Graphic file (type pdf)
<use ../figures/societa/PE175.pdf>
Package pdftex.def Info: ../figures/societa/PE175.pdf  used on input line 978.
(pdftex.def)             Requested size: 684.60736pt x 385.09021pt.
[219

 <../figures/societa/PE175.pdf>]
<../figures/societa/PG018.pdf, id=22937, 1156.32pt x 650.43pt>
File: ../figures/societa/PG018.pdf Graphic file (type pdf)
<use ../figures/societa/PG018.pdf>
Package pdftex.def Info: ../figures/societa/PG018.pdf  used on input line 983.
(pdftex.def)             Requested size: 684.60736pt x 385.09021pt.
[220

 <../figures/societa/PG018.pdf>]
<../figures/societa/PG070.pdf, id=23044, 1156.32pt x 650.43pt>
File: ../figures/societa/PG070.pdf Graphic file (type pdf)
<use ../figures/societa/PG070.pdf>
Package pdftex.def Info: ../figures/societa/PG070.pdf  used on input line 988.
(pdftex.def)             Requested size: 684.60736pt x 385.09021pt.
[221

 <../figures/societa/PG070.pdf>]
<../figures/societa/PG089.pdf, id=23152, 1156.32pt x 650.43pt>
File: ../figures/societa/PG089.pdf Graphic file (type pdf)
<use ../figures/societa/PG089.pdf>
Package pdftex.def Info: ../figures/societa/PG089.pdf  used on input line 993.
(pdftex.def)             Requested size: 684.60736pt x 385.09021pt.
[222

 <../figures/societa/PG089.pdf>]
<../figures/societa/PG109.pdf, id=23265, 1156.32pt x 650.43pt>
File: ../figures/societa/PG109.pdf Graphic file (type pdf)
<use ../figures/societa/PG109.pdf>
Package pdftex.def Info: ../figures/societa/PG109.pdf  used on input line 998.
(pdftex.def)             Requested size: 684.60736pt x 385.09021pt.
[223

 <../figures/societa/PG109.pdf>]
<../figures/societa/PI071.pdf, id=23359, 1156.32pt x 650.43pt>
File: ../figures/societa/PI071.pdf Graphic file (type pdf)
<use ../figures/societa/PI071.pdf>
Package pdftex.def Info: ../figures/societa/PI071.pdf  used on input line 1003.

(pdftex.def)             Requested size: 684.60736pt x 385.09021pt.
[224

 <../figures/societa/PI071.pdf>]
<../figures/societa/PI081.pdf, id=23460, 1156.32pt x 650.43pt>
File: ../figures/societa/PI081.pdf Graphic file (type pdf)
<use ../figures/societa/PI081.pdf>
Package pdftex.def Info: ../figures/societa/PI081.pdf  used on input line 1008.

(pdftex.def)             Requested size: 684.60736pt x 385.09021pt.
[225

 <../figures/societa/PI081.pdf>]
<../figures/societa/PI144.pdf, id=23564, 1156.32pt x 650.43pt>
File: ../figures/societa/PI144.pdf Graphic file (type pdf)
<use ../figures/societa/PI144.pdf>
Package pdftex.def Info: ../figures/societa/PI144.pdf  used on input line 1013.

(pdftex.def)             Requested size: 684.60736pt x 385.09021pt.
[226

 <../figures/societa/PI144.pdf>]
<../figures/societa/PI473.pdf, id=23670, 1156.32pt x 650.43pt>
File: ../figures/societa/PI473.pdf Graphic file (type pdf)
<use ../figures/societa/PI473.pdf>
Package pdftex.def Info: ../figures/societa/PI473.pdf  used on input line 1018.

(pdftex.def)             Requested size: 684.60736pt x 385.09021pt.
[227

 <../figures/societa/PI473.pdf>]
<../figures/societa/PN002.pdf, id=23778, 1156.32pt x 650.43pt>
File: ../figures/societa/PN002.pdf Graphic file (type pdf)
<use ../figures/societa/PN002.pdf>
Package pdftex.def Info: ../figures/societa/PN002.pdf  used on input line 1023.

(pdftex.def)             Requested size: 684.60736pt x 385.09021pt.
[228

 <../figures/societa/PN002.pdf>]
<../figures/societa/PN024.pdf, id=23885, 1156.32pt x 650.43pt>
File: ../figures/societa/PN024.pdf Graphic file (type pdf)
<use ../figures/societa/PN024.pdf>
Package pdftex.def Info: ../figures/societa/PN024.pdf  used on input line 1028.

(pdftex.def)             Requested size: 684.60736pt x 385.09021pt.
[229

 <../figures/societa/PN024.pdf>]
<../figures/societa/PN025.pdf, id=23994, 1156.32pt x 650.43pt>
File: ../figures/societa/PN025.pdf Graphic file (type pdf)
<use ../figures/societa/PN025.pdf>
Package pdftex.def Info: ../figures/societa/PN025.pdf  used on input line 1033.

(pdftex.def)             Requested size: 684.60736pt x 385.09021pt.
[230

 <../figures/societa/PN025.pdf>]
<../figures/societa/PN039.pdf, id=24100, 1156.32pt x 650.43pt>
File: ../figures/societa/PN039.pdf Graphic file (type pdf)
<use ../figures/societa/PN039.pdf>
Package pdftex.def Info: ../figures/societa/PN039.pdf  used on input line 1038.

(pdftex.def)             Requested size: 684.60736pt x 385.09021pt.
[231

 <../figures/societa/PN039.pdf>]
<../figures/societa/PN049.pdf, id=24207, 1156.32pt x 650.43pt>
File: ../figures/societa/PN049.pdf Graphic file (type pdf)
<use ../figures/societa/PN049.pdf>
Package pdftex.def Info: ../figures/societa/PN049.pdf  used on input line 1043.

(pdftex.def)             Requested size: 684.60736pt x 385.09021pt.
[232

 <../figures/societa/PN049.pdf>]
<../figures/societa/PN088.pdf, id=24309, 1156.32pt x 650.43pt>
File: ../figures/societa/PN088.pdf Graphic file (type pdf)
<use ../figures/societa/PN088.pdf>
Package pdftex.def Info: ../figures/societa/PN088.pdf  used on input line 1048.

(pdftex.def)             Requested size: 684.60736pt x 385.09021pt.
[233

 <../figures/societa/PN088.pdf>]
<../figures/societa/PN528.pdf, id=24417, 1156.32pt x 650.43pt>
File: ../figures/societa/PN528.pdf Graphic file (type pdf)
<use ../figures/societa/PN528.pdf>
Package pdftex.def Info: ../figures/societa/PN528.pdf  used on input line 1053.

(pdftex.def)             Requested size: 684.60736pt x 385.09021pt.
[234

 <../figures/societa/PN528.pdf>]
<../figures/societa/PO149.pdf, id=24522, 1156.32pt x 650.43pt>
File: ../figures/societa/PO149.pdf Graphic file (type pdf)
<use ../figures/societa/PO149.pdf>
Package pdftex.def Info: ../figures/societa/PO149.pdf  used on input line 1058.

(pdftex.def)             Requested size: 684.60736pt x 385.09021pt.
[235

 <../figures/societa/PO149.pdf>]
<../figures/societa/PR068.pdf, id=24628, 1156.32pt x 650.43pt>
File: ../figures/societa/PR068.pdf Graphic file (type pdf)
<use ../figures/societa/PR068.pdf>
Package pdftex.def Info: ../figures/societa/PR068.pdf  used on input line 1063.

(pdftex.def)             Requested size: 684.60736pt x 385.09021pt.
[236

 <../figures/societa/PR068.pdf>]
<../figures/societa/PR077.pdf, id=24731, 1156.32pt x 650.43pt>
File: ../figures/societa/PR077.pdf Graphic file (type pdf)
<use ../figures/societa/PR077.pdf>
Package pdftex.def Info: ../figures/societa/PR077.pdf  used on input line 1068.

(pdftex.def)             Requested size: 684.60736pt x 385.09021pt.
[237

 <../figures/societa/PR077.pdf>]
<../figures/societa/PR436.pdf, id=24828, 1156.32pt x 650.43pt>
File: ../figures/societa/PR436.pdf Graphic file (type pdf)
<use ../figures/societa/PR436.pdf>
Package pdftex.def Info: ../figures/societa/PR436.pdf  used on input line 1073.

(pdftex.def)             Requested size: 684.60736pt x 385.09021pt.
[238

 <../figures/societa/PR436.pdf>]
<../figures/societa/PT115.pdf, id=24936, 1156.32pt x 650.43pt>
File: ../figures/societa/PT115.pdf Graphic file (type pdf)
<use ../figures/societa/PT115.pdf>
Package pdftex.def Info: ../figures/societa/PT115.pdf  used on input line 1078.

(pdftex.def)             Requested size: 684.60736pt x 385.09021pt.
[239

 <../figures/societa/PT115.pdf>]
<../figures/societa/PT118.pdf, id=25043, 1156.32pt x 650.43pt>
File: ../figures/societa/PT118.pdf Graphic file (type pdf)
<use ../figures/societa/PT118.pdf>
Package pdftex.def Info: ../figures/societa/PT118.pdf  used on input line 1083.

(pdftex.def)             Requested size: 684.60736pt x 385.09021pt.
[240

 <../figures/societa/PT118.pdf>]
<../figures/societa/PU001.pdf, id=25143, 1156.32pt x 650.43pt>
File: ../figures/societa/PU001.pdf Graphic file (type pdf)
<use ../figures/societa/PU001.pdf>
Package pdftex.def Info: ../figures/societa/PU001.pdf  used on input line 1088.

(pdftex.def)             Requested size: 684.60736pt x 385.09021pt.
[241

 <../figures/societa/PU001.pdf>]
<../figures/societa/PU027.pdf, id=25250, 1156.32pt x 650.43pt>
File: ../figures/societa/PU027.pdf Graphic file (type pdf)
<use ../figures/societa/PU027.pdf>
Package pdftex.def Info: ../figures/societa/PU027.pdf  used on input line 1093.

(pdftex.def)             Requested size: 684.60736pt x 385.09021pt.
[242

 <../figures/societa/PU027.pdf>]
<../figures/societa/PV108.pdf, id=25359, 1156.32pt x 650.43pt>
File: ../figures/societa/PV108.pdf Graphic file (type pdf)
<use ../figures/societa/PV108.pdf>
Package pdftex.def Info: ../figures/societa/PV108.pdf  used on input line 1098.

(pdftex.def)             Requested size: 684.60736pt x 385.09021pt.
[243

 <../figures/societa/PV108.pdf>]
<../figures/societa/PV110.pdf, id=25462, 1156.32pt x 650.43pt>
File: ../figures/societa/PV110.pdf Graphic file (type pdf)
<use ../figures/societa/PV110.pdf>
Package pdftex.def Info: ../figures/societa/PV110.pdf  used on input line 1103.

(pdftex.def)             Requested size: 684.60736pt x 385.09021pt.
[244

 <../figures/societa/PV110.pdf>]
<../figures/societa/PV245.pdf, id=25568, 1156.32pt x 650.43pt>
File: ../figures/societa/PV245.pdf Graphic file (type pdf)
<use ../figures/societa/PV245.pdf>
Package pdftex.def Info: ../figures/societa/PV245.pdf  used on input line 1108.

(pdftex.def)             Requested size: 684.60736pt x 385.09021pt.
[245

 <../figures/societa/PV245.pdf>]
<../figures/societa/PV410.pdf, id=25678, 1156.32pt x 650.43pt>
File: ../figures/societa/PV410.pdf Graphic file (type pdf)
<use ../figures/societa/PV410.pdf>
Package pdftex.def Info: ../figures/societa/PV410.pdf  used on input line 1113.

(pdftex.def)             Requested size: 684.60736pt x 385.09021pt.
[246

 <../figures/societa/PV410.pdf>]
<../figures/societa/RA093.pdf, id=25783, 1156.32pt x 650.43pt>
File: ../figures/societa/RA093.pdf Graphic file (type pdf)
<use ../figures/societa/RA093.pdf>
Package pdftex.def Info: ../figures/societa/RA093.pdf  used on input line 1118.

(pdftex.def)             Requested size: 684.60736pt x 385.09021pt.
[247

 <../figures/societa/RA093.pdf>]
<../figures/societa/RA094.pdf, id=25888, 1156.32pt x 650.43pt>
File: ../figures/societa/RA094.pdf Graphic file (type pdf)
<use ../figures/societa/RA094.pdf>
Package pdftex.def Info: ../figures/societa/RA094.pdf  used on input line 1123.

(pdftex.def)             Requested size: 684.60736pt x 385.09021pt.
[248

 <../figures/societa/RA094.pdf>]
<../figures/societa/RA095.pdf, id=25995, 1156.32pt x 650.43pt>
File: ../figures/societa/RA095.pdf Graphic file (type pdf)
<use ../figures/societa/RA095.pdf>
Package pdftex.def Info: ../figures/societa/RA095.pdf  used on input line 1128.

(pdftex.def)             Requested size: 684.60736pt x 385.09021pt.
[249

 <../figures/societa/RA095.pdf>]
<../figures/societa/RE105.pdf, id=26101, 1156.32pt x 650.43pt>
File: ../figures/societa/RE105.pdf Graphic file (type pdf)
<use ../figures/societa/RE105.pdf>
Package pdftex.def Info: ../figures/societa/RE105.pdf  used on input line 1133.

(pdftex.def)             Requested size: 684.60736pt x 385.09021pt.
[250

 <../figures/societa/RE105.pdf>]
<../figures/societa/RE106.pdf, id=26211, 1156.32pt x 650.43pt>
File: ../figures/societa/RE106.pdf Graphic file (type pdf)
<use ../figures/societa/RE106.pdf>
Package pdftex.def Info: ../figures/societa/RE106.pdf  used on input line 1138.

(pdftex.def)             Requested size: 684.60736pt x 385.09021pt.
[251

 <../figures/societa/RE106.pdf>]
<../figures/societa/RE107.pdf, id=26322, 1156.32pt x 650.43pt>
File: ../figures/societa/RE107.pdf Graphic file (type pdf)
<use ../figures/societa/RE107.pdf>
Package pdftex.def Info: ../figures/societa/RE107.pdf  used on input line 1143.

(pdftex.def)             Requested size: 684.60736pt x 385.09021pt.
[252

 <../figures/societa/RE107.pdf>]
<../figures/societa/RE128.pdf, id=26429, 1156.32pt x 650.43pt>
File: ../figures/societa/RE128.pdf Graphic file (type pdf)
<use ../figures/societa/RE128.pdf>
Package pdftex.def Info: ../figures/societa/RE128.pdf  used on input line 1148.

(pdftex.def)             Requested size: 684.60736pt x 385.09021pt.
[253

 <../figures/societa/RE128.pdf>]
<../figures/societa/RE346.pdf, id=26535, 1156.32pt x 650.43pt>
File: ../figures/societa/RE346.pdf Graphic file (type pdf)
<use ../figures/societa/RE346.pdf>
Package pdftex.def Info: ../figures/societa/RE346.pdf  used on input line 1153.

(pdftex.def)             Requested size: 684.60736pt x 385.09021pt.
[254

 <../figures/societa/RE346.pdf>]
<../figures/societa/RI223.pdf, id=26643, 1156.32pt x 650.43pt>
File: ../figures/societa/RI223.pdf Graphic file (type pdf)
<use ../figures/societa/RI223.pdf>
Package pdftex.def Info: ../figures/societa/RI223.pdf  used on input line 1158.

(pdftex.def)             Requested size: 684.60736pt x 385.09021pt.
[255

 <../figures/societa/RI223.pdf>]
<../figures/societa/RM002.pdf, id=26749, 1156.32pt x 650.43pt>
File: ../figures/societa/RM002.pdf Graphic file (type pdf)
<use ../figures/societa/RM002.pdf>
Package pdftex.def Info: ../figures/societa/RM002.pdf  used on input line 1163.

(pdftex.def)             Requested size: 684.60736pt x 385.09021pt.
[256

 <../figures/societa/RM002.pdf>]
<../figures/societa/RM005.pdf, id=26854, 1156.32pt x 650.43pt>
File: ../figures/societa/RM005.pdf Graphic file (type pdf)
<use ../figures/societa/RM005.pdf>
Package pdftex.def Info: ../figures/societa/RM005.pdf  used on input line 1168.

(pdftex.def)             Requested size: 684.60736pt x 385.09021pt.
[257

 <../figures/societa/RM005.pdf>]
<../figures/societa/RM014.pdf, id=26959, 1156.32pt x 650.43pt>
File: ../figures/societa/RM014.pdf Graphic file (type pdf)
<use ../figures/societa/RM014.pdf>
Package pdftex.def Info: ../figures/societa/RM014.pdf  used on input line 1173.

(pdftex.def)             Requested size: 684.60736pt x 385.09021pt.
[258

 <../figures/societa/RM014.pdf>]
<../figures/societa/RM046.pdf, id=27064, 1156.32pt x 650.43pt>
File: ../figures/societa/RM046.pdf Graphic file (type pdf)
<use ../figures/societa/RM046.pdf>
Package pdftex.def Info: ../figures/societa/RM046.pdf  used on input line 1178.

(pdftex.def)             Requested size: 684.60736pt x 385.09021pt.
[259

 <../figures/societa/RM046.pdf>]
<../figures/societa/RM050.pdf, id=27172, 1156.32pt x 650.43pt>
File: ../figures/societa/RM050.pdf Graphic file (type pdf)
<use ../figures/societa/RM050.pdf>
Package pdftex.def Info: ../figures/societa/RM050.pdf  used on input line 1183.

(pdftex.def)             Requested size: 684.60736pt x 385.09021pt.
[260

 <../figures/societa/RM050.pdf>]
<../figures/societa/RM052.pdf, id=27279, 1156.32pt x 650.43pt>
File: ../figures/societa/RM052.pdf Graphic file (type pdf)
<use ../figures/societa/RM052.pdf>
Package pdftex.def Info: ../figures/societa/RM052.pdf  used on input line 1188.

(pdftex.def)             Requested size: 684.60736pt x 385.09021pt.
[261

 <../figures/societa/RM052.pdf>]
<../figures/societa/RM056.pdf, id=27379, 1156.32pt x 650.43pt>
File: ../figures/societa/RM056.pdf Graphic file (type pdf)
<use ../figures/societa/RM056.pdf>
Package pdftex.def Info: ../figures/societa/RM056.pdf  used on input line 1193.

(pdftex.def)             Requested size: 684.60736pt x 385.09021pt.
[262

 <../figures/societa/RM056.pdf>]
<../figures/societa/RM057.pdf, id=27481, 1156.32pt x 650.43pt>
File: ../figures/societa/RM057.pdf Graphic file (type pdf)
<use ../figures/societa/RM057.pdf>
Package pdftex.def Info: ../figures/societa/RM057.pdf  used on input line 1198.

(pdftex.def)             Requested size: 684.60736pt x 385.09021pt.
[263

 <../figures/societa/RM057.pdf>]
<../figures/societa/RM068.pdf, id=27588, 1156.32pt x 650.43pt>
File: ../figures/societa/RM068.pdf Graphic file (type pdf)
<use ../figures/societa/RM068.pdf>
Package pdftex.def Info: ../figures/societa/RM068.pdf  used on input line 1203.

(pdftex.def)             Requested size: 684.60736pt x 385.09021pt.
[264

 <../figures/societa/RM068.pdf>]
<../figures/societa/RM071.pdf, id=27696, 1156.32pt x 650.43pt>
File: ../figures/societa/RM071.pdf Graphic file (type pdf)
<use ../figures/societa/RM071.pdf>
Package pdftex.def Info: ../figures/societa/RM071.pdf  used on input line 1208.

(pdftex.def)             Requested size: 684.60736pt x 385.09021pt.
[265

 <../figures/societa/RM071.pdf>]
<../figures/societa/RM113.pdf, id=27800, 1156.32pt x 650.43pt>
File: ../figures/societa/RM113.pdf Graphic file (type pdf)
<use ../figures/societa/RM113.pdf>
Package pdftex.def Info: ../figures/societa/RM113.pdf  used on input line 1213.

(pdftex.def)             Requested size: 684.60736pt x 385.09021pt.
[266

 <../figures/societa/RM113.pdf>]
<../figures/societa/RM115.pdf, id=27906, 1156.32pt x 650.43pt>
File: ../figures/societa/RM115.pdf Graphic file (type pdf)
<use ../figures/societa/RM115.pdf>
Package pdftex.def Info: ../figures/societa/RM115.pdf  used on input line 1218.

(pdftex.def)             Requested size: 684.60736pt x 385.09021pt.
[267

 <../figures/societa/RM115.pdf>]
<../figures/societa/RM131.pdf, id=28010, 1156.32pt x 650.43pt>
File: ../figures/societa/RM131.pdf Graphic file (type pdf)
<use ../figures/societa/RM131.pdf>
Package pdftex.def Info: ../figures/societa/RM131.pdf  used on input line 1223.

(pdftex.def)             Requested size: 684.60736pt x 385.09021pt.
[268

 <../figures/societa/RM131.pdf>]
<../figures/societa/RM161.pdf, id=28118, 1156.32pt x 650.43pt>
File: ../figures/societa/RM161.pdf Graphic file (type pdf)
<use ../figures/societa/RM161.pdf>
Package pdftex.def Info: ../figures/societa/RM161.pdf  used on input line 1228.

(pdftex.def)             Requested size: 684.60736pt x 385.09021pt.
[269

 <../figures/societa/RM161.pdf>]
<../figures/societa/RM218.pdf, id=28224, 1156.32pt x 650.43pt>
File: ../figures/societa/RM218.pdf Graphic file (type pdf)
<use ../figures/societa/RM218.pdf>
Package pdftex.def Info: ../figures/societa/RM218.pdf  used on input line 1233.

(pdftex.def)             Requested size: 684.60736pt x 385.09021pt.
[270

 <../figures/societa/RM218.pdf>]
<../figures/societa/RM232.pdf, id=28332, 1156.32pt x 650.43pt>
File: ../figures/societa/RM232.pdf Graphic file (type pdf)
<use ../figures/societa/RM232.pdf>
Package pdftex.def Info: ../figures/societa/RM232.pdf  used on input line 1238.

(pdftex.def)             Requested size: 684.60736pt x 385.09021pt.
[271

 <../figures/societa/RM232.pdf>]
<../figures/societa/RM243.pdf, id=28437, 1156.32pt x 650.43pt>
File: ../figures/societa/RM243.pdf Graphic file (type pdf)
<use ../figures/societa/RM243.pdf>
Package pdftex.def Info: ../figures/societa/RM243.pdf  used on input line 1243.

(pdftex.def)             Requested size: 684.60736pt x 385.09021pt.
[272

 <../figures/societa/RM243.pdf>]
<../figures/societa/RM342.pdf, id=28544, 1156.32pt x 650.43pt>
File: ../figures/societa/RM342.pdf Graphic file (type pdf)
<use ../figures/societa/RM342.pdf>
Package pdftex.def Info: ../figures/societa/RM342.pdf  used on input line 1248.

(pdftex.def)             Requested size: 684.60736pt x 385.09021pt.
[273

 <../figures/societa/RM342.pdf>]
<../figures/societa/RM362.pdf, id=28649, 1156.32pt x 650.43pt>
File: ../figures/societa/RM362.pdf Graphic file (type pdf)
<use ../figures/societa/RM362.pdf>
Package pdftex.def Info: ../figures/societa/RM362.pdf  used on input line 1253.

(pdftex.def)             Requested size: 684.60736pt x 385.09021pt.
[274

 <../figures/societa/RM362.pdf>]
<../figures/societa/RM363.pdf, id=28757, 1156.32pt x 650.43pt>
File: ../figures/societa/RM363.pdf Graphic file (type pdf)
<use ../figures/societa/RM363.pdf>
Package pdftex.def Info: ../figures/societa/RM363.pdf  used on input line 1258.

(pdftex.def)             Requested size: 684.60736pt x 385.09021pt.
[275

 <../figures/societa/RM363.pdf>]
<../figures/societa/RM364.pdf, id=28863, 1156.32pt x 650.43pt>
File: ../figures/societa/RM364.pdf Graphic file (type pdf)
<use ../figures/societa/RM364.pdf>
Package pdftex.def Info: ../figures/societa/RM364.pdf  used on input line 1263.

(pdftex.def)             Requested size: 684.60736pt x 385.09021pt.
[276

 <../figures/societa/RM364.pdf>]
<../figures/societa/RM367.pdf, id=28968, 1156.32pt x 650.43pt>
File: ../figures/societa/RM367.pdf Graphic file (type pdf)
<use ../figures/societa/RM367.pdf>
Package pdftex.def Info: ../figures/societa/RM367.pdf  used on input line 1268.

(pdftex.def)             Requested size: 684.60736pt x 385.09021pt.
[277

 <../figures/societa/RM367.pdf>]
<../figures/societa/RM404.pdf, id=29073, 1156.32pt x 650.43pt>
File: ../figures/societa/RM404.pdf Graphic file (type pdf)
<use ../figures/societa/RM404.pdf>
Package pdftex.def Info: ../figures/societa/RM404.pdf  used on input line 1273.

(pdftex.def)             Requested size: 684.60736pt x 385.09021pt.
[278

 <../figures/societa/RM404.pdf>]
<../figures/societa/RM416.pdf, id=29179, 1156.32pt x 650.43pt>
File: ../figures/societa/RM416.pdf Graphic file (type pdf)
<use ../figures/societa/RM416.pdf>
Package pdftex.def Info: ../figures/societa/RM416.pdf  used on input line 1278.

(pdftex.def)             Requested size: 684.60736pt x 385.09021pt.
[279

 <../figures/societa/RM416.pdf>]
<../figures/societa/RN037.pdf, id=29285, 1156.32pt x 650.43pt>
File: ../figures/societa/RN037.pdf Graphic file (type pdf)
<use ../figures/societa/RN037.pdf>
Package pdftex.def Info: ../figures/societa/RN037.pdf  used on input line 1283.

(pdftex.def)             Requested size: 684.60736pt x 385.09021pt.
[280

 <../figures/societa/RN037.pdf>]
<../figures/societa/RN273.pdf, id=29394, 1156.32pt x 650.43pt>
File: ../figures/societa/RN273.pdf Graphic file (type pdf)
<use ../figures/societa/RN273.pdf>
Package pdftex.def Info: ../figures/societa/RN273.pdf  used on input line 1288.

(pdftex.def)             Requested size: 684.60736pt x 385.09021pt.
[281

 <../figures/societa/RN273.pdf>]
<../figures/societa/RN471.pdf, id=29503, 1156.32pt x 650.43pt>
File: ../figures/societa/RN471.pdf Graphic file (type pdf)
<use ../figures/societa/RN471.pdf>
Package pdftex.def Info: ../figures/societa/RN471.pdf  used on input line 1293.

(pdftex.def)             Requested size: 684.60736pt x 385.09021pt.
[282

 <../figures/societa/RN471.pdf>]
<../figures/societa/RO313.pdf, id=29610, 1156.32pt x 650.43pt>
File: ../figures/societa/RO313.pdf Graphic file (type pdf)
<use ../figures/societa/RO313.pdf>
Package pdftex.def Info: ../figures/societa/RO313.pdf  used on input line 1298.

(pdftex.def)             Requested size: 684.60736pt x 385.09021pt.
[283

 <../figures/societa/RO313.pdf>]
<../figures/societa/RS010.pdf, id=29717, 1156.32pt x 650.43pt>
File: ../figures/societa/RS010.pdf Graphic file (type pdf)
<use ../figures/societa/RS010.pdf>
Package pdftex.def Info: ../figures/societa/RS010.pdf  used on input line 1303.

(pdftex.def)             Requested size: 684.60736pt x 385.09021pt.
[284

 <../figures/societa/RS010.pdf>]
<../figures/societa/RS050.pdf, id=29824, 1156.32pt x 650.43pt>
File: ../figures/societa/RS050.pdf Graphic file (type pdf)
<use ../figures/societa/RS050.pdf>
Package pdftex.def Info: ../figures/societa/RS050.pdf  used on input line 1308.

(pdftex.def)             Requested size: 684.60736pt x 385.09021pt.
[285

 <../figures/societa/RS050.pdf>]
<../figures/societa/RS067.pdf, id=29931, 1156.32pt x 650.43pt>
File: ../figures/societa/RS067.pdf Graphic file (type pdf)
<use ../figures/societa/RS067.pdf>
Package pdftex.def Info: ../figures/societa/RS067.pdf  used on input line 1313.

(pdftex.def)             Requested size: 684.60736pt x 385.09021pt.
[286

 <../figures/societa/RS067.pdf>]
<../figures/societa/RS082.pdf, id=30040, 1156.32pt x 650.43pt>
File: ../figures/societa/RS082.pdf Graphic file (type pdf)
<use ../figures/societa/RS082.pdf>
Package pdftex.def Info: ../figures/societa/RS082.pdf  used on input line 1318.

(pdftex.def)             Requested size: 684.60736pt x 385.09021pt.
[287

 <../figures/societa/RS082.pdf>]
<../figures/societa/RS521.pdf, id=30148, 1156.32pt x 650.43pt>
File: ../figures/societa/RS521.pdf Graphic file (type pdf)
<use ../figures/societa/RS521.pdf>
Package pdftex.def Info: ../figures/societa/RS521.pdf  used on input line 1323.

(pdftex.def)             Requested size: 684.60736pt x 385.09021pt.
[288

 <../figures/societa/RS521.pdf>]
<../figures/societa/SA126.pdf, id=30256, 1156.32pt x 650.43pt>
File: ../figures/societa/SA126.pdf Graphic file (type pdf)
<use ../figures/societa/SA126.pdf>
Package pdftex.def Info: ../figures/societa/SA126.pdf  used on input line 1328.

(pdftex.def)             Requested size: 684.60736pt x 385.09021pt.
[289

 <../figures/societa/SA126.pdf>]
<../figures/societa/SA127.pdf, id=30362, 1156.32pt x 650.43pt>
File: ../figures/societa/SA127.pdf Graphic file (type pdf)
<use ../figures/societa/SA127.pdf>
Package pdftex.def Info: ../figures/societa/SA127.pdf  used on input line 1333.

(pdftex.def)             Requested size: 684.60736pt x 385.09021pt.
[290

 <../figures/societa/SA127.pdf>]
<../figures/societa/SA128.pdf, id=30468, 1156.32pt x 650.43pt>
File: ../figures/societa/SA128.pdf Graphic file (type pdf)
<use ../figures/societa/SA128.pdf>
Package pdftex.def Info: ../figures/societa/SA128.pdf  used on input line 1338.

(pdftex.def)             Requested size: 684.60736pt x 385.09021pt.
[291

 <../figures/societa/SA128.pdf>]
<../figures/societa/SA645.pdf, id=30574, 1156.32pt x 650.43pt>
File: ../figures/societa/SA645.pdf Graphic file (type pdf)
<use ../figures/societa/SA645.pdf>
Package pdftex.def Info: ../figures/societa/SA645.pdf  used on input line 1343.

(pdftex.def)             Requested size: 684.60736pt x 385.09021pt.
[292

 <../figures/societa/SA645.pdf>]
<../figures/societa/SI043.pdf, id=30675, 1156.32pt x 650.43pt>
File: ../figures/societa/SI043.pdf Graphic file (type pdf)
<use ../figures/societa/SI043.pdf>
Package pdftex.def Info: ../figures/societa/SI043.pdf  used on input line 1348.

(pdftex.def)             Requested size: 684.60736pt x 385.09021pt.
[293

 <../figures/societa/SI043.pdf>]
<../figures/societa/SI361.pdf, id=30780, 1156.32pt x 650.43pt>
File: ../figures/societa/SI361.pdf Graphic file (type pdf)
<use ../figures/societa/SI361.pdf>
Package pdftex.def Info: ../figures/societa/SI361.pdf  used on input line 1353.

(pdftex.def)             Requested size: 684.60736pt x 385.09021pt.
[294

 <../figures/societa/SI361.pdf>]
<../figures/societa/SM278.pdf, id=30883, 1156.32pt x 650.43pt>
File: ../figures/societa/SM278.pdf Graphic file (type pdf)
<use ../figures/societa/SM278.pdf>
Package pdftex.def Info: ../figures/societa/SM278.pdf  used on input line 1358.

(pdftex.def)             Requested size: 684.60736pt x 385.09021pt.
[295

 <../figures/societa/SM278.pdf>]
<../figures/societa/SP042.pdf, id=30991, 1156.32pt x 650.43pt>
File: ../figures/societa/SP042.pdf Graphic file (type pdf)
<use ../figures/societa/SP042.pdf>
Package pdftex.def Info: ../figures/societa/SP042.pdf  used on input line 1363.

(pdftex.def)             Requested size: 684.60736pt x 385.09021pt.
[296

 <../figures/societa/SP042.pdf>]
<../figures/societa/SP573.pdf, id=31098, 1156.32pt x 650.43pt>
File: ../figures/societa/SP573.pdf Graphic file (type pdf)
<use ../figures/societa/SP573.pdf>
Package pdftex.def Info: ../figures/societa/SP573.pdf  used on input line 1368.

(pdftex.def)             Requested size: 684.60736pt x 385.09021pt.
[297

 <../figures/societa/SP573.pdf>]
<../figures/societa/SR128.pdf, id=31207, 1156.32pt x 650.43pt>
File: ../figures/societa/SR128.pdf Graphic file (type pdf)
<use ../figures/societa/SR128.pdf>
Package pdftex.def Info: ../figures/societa/SR128.pdf  used on input line 1373.

(pdftex.def)             Requested size: 684.60736pt x 385.09021pt.
[298

 <../figures/societa/SR128.pdf>]
<../figures/societa/SR130.pdf, id=31314, 1156.32pt x 650.43pt>
File: ../figures/societa/SR130.pdf Graphic file (type pdf)
<use ../figures/societa/SR130.pdf>
Package pdftex.def Info: ../figures/societa/SR130.pdf  used on input line 1378.

(pdftex.def)             Requested size: 684.60736pt x 385.09021pt.
[299

 <../figures/societa/SR130.pdf>]
<../figures/societa/SR248.pdf, id=31420, 1156.32pt x 650.43pt>
File: ../figures/societa/SR248.pdf Graphic file (type pdf)
<use ../figures/societa/SR248.pdf>
Package pdftex.def Info: ../figures/societa/SR248.pdf  used on input line 1383.

(pdftex.def)             Requested size: 684.60736pt x 385.09021pt.
[300

 <../figures/societa/SR248.pdf>]
<../figures/societa/SS220.pdf, id=31525, 1156.32pt x 650.43pt>
File: ../figures/societa/SS220.pdf Graphic file (type pdf)
<use ../figures/societa/SS220.pdf>
Package pdftex.def Info: ../figures/societa/SS220.pdf  used on input line 1388.

(pdftex.def)             Requested size: 684.60736pt x 385.09021pt.
[301

 <../figures/societa/SS220.pdf>]
<../figures/societa/SS228.pdf, id=31629, 1156.32pt x 650.43pt>
File: ../figures/societa/SS228.pdf Graphic file (type pdf)
<use ../figures/societa/SS228.pdf>
Package pdftex.def Info: ../figures/societa/SS228.pdf  used on input line 1393.

(pdftex.def)             Requested size: 684.60736pt x 385.09021pt.
[302

 <../figures/societa/SS228.pdf>]
<../figures/societa/SS284.pdf, id=31729, 1156.32pt x 650.43pt>
File: ../figures/societa/SS284.pdf Graphic file (type pdf)
<use ../figures/societa/SS284.pdf>
Package pdftex.def Info: ../figures/societa/SS284.pdf  used on input line 1398.

(pdftex.def)             Requested size: 684.60736pt x 385.09021pt.
[303

 <../figures/societa/SS284.pdf>]
<../figures/societa/SV019.pdf, id=31837, 1156.32pt x 650.43pt>
File: ../figures/societa/SV019.pdf Graphic file (type pdf)
<use ../figures/societa/SV019.pdf>
Package pdftex.def Info: ../figures/societa/SV019.pdf  used on input line 1403.

(pdftex.def)             Requested size: 684.60736pt x 385.09021pt.
[304

 <../figures/societa/SV019.pdf>]
<../figures/societa/SV022.pdf, id=31940, 1156.32pt x 650.43pt>
File: ../figures/societa/SV022.pdf Graphic file (type pdf)
<use ../figures/societa/SV022.pdf>
Package pdftex.def Info: ../figures/societa/SV022.pdf  used on input line 1408.

(pdftex.def)             Requested size: 684.60736pt x 385.09021pt.
[305

 <../figures/societa/SV022.pdf>]
<../figures/societa/SV026.pdf, id=32039, 1156.32pt x 650.43pt>
File: ../figures/societa/SV026.pdf Graphic file (type pdf)
<use ../figures/societa/SV026.pdf>
Package pdftex.def Info: ../figures/societa/SV026.pdf  used on input line 1413.

(pdftex.def)             Requested size: 684.60736pt x 385.09021pt.
[306

 <../figures/societa/SV026.pdf>]
<../figures/societa/SV070.pdf, id=32147, 1156.32pt x 650.43pt>
File: ../figures/societa/SV070.pdf Graphic file (type pdf)
<use ../figures/societa/SV070.pdf>
Package pdftex.def Info: ../figures/societa/SV070.pdf  used on input line 1418.

(pdftex.def)             Requested size: 684.60736pt x 385.09021pt.
[307

 <../figures/societa/SV070.pdf>]
<../figures/societa/TA408.pdf, id=32251, 1156.32pt x 650.43pt>
File: ../figures/societa/TA408.pdf Graphic file (type pdf)
<use ../figures/societa/TA408.pdf>
Package pdftex.def Info: ../figures/societa/TA408.pdf  used on input line 1423.

(pdftex.def)             Requested size: 684.60736pt x 385.09021pt.
[308

 <../figures/societa/TA408.pdf>]
<../figures/societa/TE138.pdf, id=32356, 1156.32pt x 650.43pt>
File: ../figures/societa/TE138.pdf Graphic file (type pdf)
<use ../figures/societa/TE138.pdf>
Package pdftex.def Info: ../figures/societa/TE138.pdf  used on input line 1428.

(pdftex.def)             Requested size: 684.60736pt x 385.09021pt.
[309

 <../figures/societa/TE138.pdf>]
<../figures/societa/TN101.pdf, id=32464, 1156.32pt x 650.43pt>
File: ../figures/societa/TN101.pdf Graphic file (type pdf)
<use ../figures/societa/TN101.pdf>
Package pdftex.def Info: ../figures/societa/TN101.pdf  used on input line 1433.

(pdftex.def)             Requested size: 684.60736pt x 385.09021pt.
[310

 <../figures/societa/TN101.pdf>]
<../figures/societa/TN102.pdf, id=32568, 1156.32pt x 650.43pt>
File: ../figures/societa/TN102.pdf Graphic file (type pdf)
<use ../figures/societa/TN102.pdf>
Package pdftex.def Info: ../figures/societa/TN102.pdf  used on input line 1438.

(pdftex.def)             Requested size: 684.60736pt x 385.09021pt.
[311

 <../figures/societa/TN102.pdf>]
<../figures/societa/TN104.pdf, id=32674, 1156.32pt x 650.43pt>
File: ../figures/societa/TN104.pdf Graphic file (type pdf)
<use ../figures/societa/TN104.pdf>
Package pdftex.def Info: ../figures/societa/TN104.pdf  used on input line 1443.

(pdftex.def)             Requested size: 684.60736pt x 385.09021pt.
[312

 <../figures/societa/TN104.pdf>]
<../figures/societa/TN109.pdf, id=32782, 1156.32pt x 650.43pt>
File: ../figures/societa/TN109.pdf Graphic file (type pdf)
<use ../figures/societa/TN109.pdf>
Package pdftex.def Info: ../figures/societa/TN109.pdf  used on input line 1448.

(pdftex.def)             Requested size: 684.60736pt x 385.09021pt.
[313

 <../figures/societa/TN109.pdf>]
<../figures/societa/TN131.pdf, id=32890, 1156.32pt x 650.43pt>
File: ../figures/societa/TN131.pdf Graphic file (type pdf)
<use ../figures/societa/TN131.pdf>
Package pdftex.def Info: ../figures/societa/TN131.pdf  used on input line 1453.

(pdftex.def)             Requested size: 684.60736pt x 385.09021pt.
[314

 <../figures/societa/TN131.pdf>]
<../figures/societa/TN135.pdf, id=32996, 1156.32pt x 650.43pt>
File: ../figures/societa/TN135.pdf Graphic file (type pdf)
<use ../figures/societa/TN135.pdf>
Package pdftex.def Info: ../figures/societa/TN135.pdf  used on input line 1458.

(pdftex.def)             Requested size: 684.60736pt x 385.09021pt.
[315

 <../figures/societa/TN135.pdf>]
<../figures/societa/TN500.pdf, id=33103, 1156.32pt x 650.43pt>
File: ../figures/societa/TN500.pdf Graphic file (type pdf)
<use ../figures/societa/TN500.pdf>
Package pdftex.def Info: ../figures/societa/TN500.pdf  used on input line 1463.

(pdftex.def)             Requested size: 684.60736pt x 385.09021pt.
[316

 <../figures/societa/TN500.pdf>]
<../figures/societa/TN524.pdf, id=33209, 1156.32pt x 650.43pt>
File: ../figures/societa/TN524.pdf Graphic file (type pdf)
<use ../figures/societa/TN524.pdf>
Package pdftex.def Info: ../figures/societa/TN524.pdf  used on input line 1468.

(pdftex.def)             Requested size: 684.60736pt x 385.09021pt.
[317

 <../figures/societa/TN524.pdf>]
<../figures/societa/TN527.pdf, id=33316, 1156.32pt x 650.43pt>
File: ../figures/societa/TN527.pdf Graphic file (type pdf)
<use ../figures/societa/TN527.pdf>
Package pdftex.def Info: ../figures/societa/TN527.pdf  used on input line 1473.

(pdftex.def)             Requested size: 684.60736pt x 385.09021pt.
[318

 <../figures/societa/TN527.pdf>]
<../figures/societa/TO001.pdf, id=33421, 1156.32pt x 650.43pt>
File: ../figures/societa/TO001.pdf Graphic file (type pdf)
<use ../figures/societa/TO001.pdf>
Package pdftex.def Info: ../figures/societa/TO001.pdf  used on input line 1478.

(pdftex.def)             Requested size: 684.60736pt x 385.09021pt.
[319

 <../figures/societa/TO001.pdf>]
<../figures/societa/TO002.pdf, id=33528, 1156.32pt x 650.43pt>
File: ../figures/societa/TO002.pdf Graphic file (type pdf)
<use ../figures/societa/TO002.pdf>
Package pdftex.def Info: ../figures/societa/TO002.pdf  used on input line 1483.

(pdftex.def)             Requested size: 684.60736pt x 385.09021pt.
[320

 <../figures/societa/TO002.pdf>]
<../figures/societa/TO015.pdf, id=33629, 1156.32pt x 650.43pt>
File: ../figures/societa/TO015.pdf Graphic file (type pdf)
<use ../figures/societa/TO015.pdf>
Package pdftex.def Info: ../figures/societa/TO015.pdf  used on input line 1488.

(pdftex.def)             Requested size: 684.60736pt x 385.09021pt.
[321

 <../figures/societa/TO015.pdf>]
<../figures/societa/TO016.pdf, id=33732, 1156.32pt x 650.43pt>
File: ../figures/societa/TO016.pdf Graphic file (type pdf)
<use ../figures/societa/TO016.pdf>
Package pdftex.def Info: ../figures/societa/TO016.pdf  used on input line 1493.

(pdftex.def)             Requested size: 684.60736pt x 385.09021pt.
[322

 <../figures/societa/TO016.pdf>]
<../figures/societa/TO036.pdf, id=33839, 1156.32pt x 650.43pt>
File: ../figures/societa/TO036.pdf Graphic file (type pdf)
<use ../figures/societa/TO036.pdf>
Package pdftex.def Info: ../figures/societa/TO036.pdf  used on input line 1498.

(pdftex.def)             Requested size: 684.60736pt x 385.09021pt.
[323

 <../figures/societa/TO036.pdf>]
<../figures/societa/TO037.pdf, id=33943, 1156.32pt x 650.43pt>
File: ../figures/societa/TO037.pdf Graphic file (type pdf)
<use ../figures/societa/TO037.pdf>
Package pdftex.def Info: ../figures/societa/TO037.pdf  used on input line 1503.

(pdftex.def)             Requested size: 684.60736pt x 385.09021pt.
[324

 <../figures/societa/TO037.pdf>]
<../figures/societa/TO047.pdf, id=34040, 1156.32pt x 650.43pt>
File: ../figures/societa/TO047.pdf Graphic file (type pdf)
<use ../figures/societa/TO047.pdf>
Package pdftex.def Info: ../figures/societa/TO047.pdf  used on input line 1508.

(pdftex.def)             Requested size: 684.60736pt x 385.09021pt.
[325

 <../figures/societa/TO047.pdf>]
<../figures/societa/TO076.pdf, id=34146, 1156.32pt x 650.43pt>
File: ../figures/societa/TO076.pdf Graphic file (type pdf)
<use ../figures/societa/TO076.pdf>
Package pdftex.def Info: ../figures/societa/TO076.pdf  used on input line 1513.

(pdftex.def)             Requested size: 684.60736pt x 385.09021pt.
[326

 <../figures/societa/TO076.pdf>]
<../figures/societa/TO164.pdf, id=34255, 1156.32pt x 650.43pt>
File: ../figures/societa/TO164.pdf Graphic file (type pdf)
<use ../figures/societa/TO164.pdf>
Package pdftex.def Info: ../figures/societa/TO164.pdf  used on input line 1518.

(pdftex.def)             Requested size: 684.60736pt x 385.09021pt.
[327

 <../figures/societa/TO164.pdf>]
<../figures/societa/TO226.pdf, id=34365, 1156.32pt x 650.43pt>
File: ../figures/societa/TO226.pdf Graphic file (type pdf)
<use ../figures/societa/TO226.pdf>
Package pdftex.def Info: ../figures/societa/TO226.pdf  used on input line 1523.

(pdftex.def)             Requested size: 684.60736pt x 385.09021pt.
[328

 <../figures/societa/TO226.pdf>]
<../figures/societa/TO247.pdf, id=34470, 1156.32pt x 650.43pt>
File: ../figures/societa/TO247.pdf Graphic file (type pdf)
<use ../figures/societa/TO247.pdf>
Package pdftex.def Info: ../figures/societa/TO247.pdf  used on input line 1528.

(pdftex.def)             Requested size: 684.60736pt x 385.09021pt.
[329

 <../figures/societa/TO247.pdf>]
<../figures/societa/TR024.pdf, id=34570, 1156.32pt x 650.43pt>
File: ../figures/societa/TR024.pdf Graphic file (type pdf)
<use ../figures/societa/TR024.pdf>
Package pdftex.def Info: ../figures/societa/TR024.pdf  used on input line 1533.

(pdftex.def)             Requested size: 684.60736pt x 385.09021pt.
[330

 <../figures/societa/TR024.pdf>]
<../figures/societa/TR040.pdf, id=34677, 1156.32pt x 650.43pt>
File: ../figures/societa/TR040.pdf Graphic file (type pdf)
<use ../figures/societa/TR040.pdf>
Package pdftex.def Info: ../figures/societa/TR040.pdf  used on input line 1538.

(pdftex.def)             Requested size: 684.60736pt x 385.09021pt.
[331

 <../figures/societa/TR040.pdf>]
<../figures/societa/TS044.pdf, id=34784, 1156.32pt x 650.43pt>
File: ../figures/societa/TS044.pdf Graphic file (type pdf)
<use ../figures/societa/TS044.pdf>
Package pdftex.def Info: ../figures/societa/TS044.pdf  used on input line 1543.

(pdftex.def)             Requested size: 684.60736pt x 385.09021pt.
[332

 <../figures/societa/TS044.pdf>]
<../figures/societa/TS099.pdf, id=34886, 1156.32pt x 650.43pt>
File: ../figures/societa/TS099.pdf Graphic file (type pdf)
<use ../figures/societa/TS099.pdf>
Package pdftex.def Info: ../figures/societa/TS099.pdf  used on input line 1548.

(pdftex.def)             Requested size: 684.60736pt x 385.09021pt.
[333

 <../figures/societa/TS099.pdf>]
<../figures/societa/TS100.pdf, id=34992, 1156.32pt x 650.43pt>
File: ../figures/societa/TS100.pdf Graphic file (type pdf)
<use ../figures/societa/TS100.pdf>
Package pdftex.def Info: ../figures/societa/TS100.pdf  used on input line 1553.

(pdftex.def)             Requested size: 684.60736pt x 385.09021pt.
[334

 <../figures/societa/TS100.pdf>]
<../figures/societa/TS536.pdf, id=35093, 1156.32pt x 650.43pt>
File: ../figures/societa/TS536.pdf Graphic file (type pdf)
<use ../figures/societa/TS536.pdf>
Package pdftex.def Info: ../figures/societa/TS536.pdf  used on input line 1558.

(pdftex.def)             Requested size: 684.60736pt x 385.09021pt.
[335

 <../figures/societa/TS536.pdf>]
<../figures/societa/TV335.pdf, id=35197, 1156.32pt x 650.43pt>
File: ../figures/societa/TV335.pdf Graphic file (type pdf)
<use ../figures/societa/TV335.pdf>
Package pdftex.def Info: ../figures/societa/TV335.pdf  used on input line 1563.

(pdftex.def)             Requested size: 684.60736pt x 385.09021pt.
[336

 <../figures/societa/TV335.pdf>]
<../figures/societa/TV339.pdf, id=35303, 1156.32pt x 650.43pt>
File: ../figures/societa/TV339.pdf Graphic file (type pdf)
<use ../figures/societa/TV339.pdf>
Package pdftex.def Info: ../figures/societa/TV339.pdf  used on input line 1568.

(pdftex.def)             Requested size: 684.60736pt x 385.09021pt.
[337

 <../figures/societa/TV339.pdf>]
<../figures/societa/TV340.pdf, id=35408, 1156.32pt x 650.43pt>
File: ../figures/societa/TV340.pdf Graphic file (type pdf)
<use ../figures/societa/TV340.pdf>
Package pdftex.def Info: ../figures/societa/TV340.pdf  used on input line 1573.

(pdftex.def)             Requested size: 684.60736pt x 385.09021pt.
[338

 <../figures/societa/TV340.pdf>]
<../figures/societa/TV341.pdf, id=35513, 1156.32pt x 650.43pt>
File: ../figures/societa/TV341.pdf Graphic file (type pdf)
<use ../figures/societa/TV341.pdf>
Package pdftex.def Info: ../figures/societa/TV341.pdf  used on input line 1578.

(pdftex.def)             Requested size: 684.60736pt x 385.09021pt.
[339

 <../figures/societa/TV341.pdf>]
<../figures/societa/TV342.pdf, id=35620, 1156.32pt x 650.43pt>
File: ../figures/societa/TV342.pdf Graphic file (type pdf)
<use ../figures/societa/TV342.pdf>
Package pdftex.def Info: ../figures/societa/TV342.pdf  used on input line 1583.

(pdftex.def)             Requested size: 684.60736pt x 385.09021pt.
[340

 <../figures/societa/TV342.pdf>]
<../figures/societa/TV349.pdf, id=35725, 1156.32pt x 650.43pt>
File: ../figures/societa/TV349.pdf Graphic file (type pdf)
<use ../figures/societa/TV349.pdf>
Package pdftex.def Info: ../figures/societa/TV349.pdf  used on input line 1588.

(pdftex.def)             Requested size: 684.60736pt x 385.09021pt.
[341

 <../figures/societa/TV349.pdf>]
<../figures/societa/TV352.pdf, id=35831, 1156.32pt x 650.43pt>
File: ../figures/societa/TV352.pdf Graphic file (type pdf)
<use ../figures/societa/TV352.pdf>
Package pdftex.def Info: ../figures/societa/TV352.pdf  used on input line 1593.

(pdftex.def)             Requested size: 684.60736pt x 385.09021pt.
[342

 <../figures/societa/TV352.pdf>]
<../figures/societa/TV354.pdf, id=35941, 1156.32pt x 650.43pt>
File: ../figures/societa/TV354.pdf Graphic file (type pdf)
<use ../figures/societa/TV354.pdf>
Package pdftex.def Info: ../figures/societa/TV354.pdf  used on input line 1598.

(pdftex.def)             Requested size: 684.60736pt x 385.09021pt.
[343

 <../figures/societa/TV354.pdf>]
<../figures/societa/TV359.pdf, id=36045, 1156.32pt x 650.43pt>
File: ../figures/societa/TV359.pdf Graphic file (type pdf)
<use ../figures/societa/TV359.pdf>
Package pdftex.def Info: ../figures/societa/TV359.pdf  used on input line 1603.

(pdftex.def)             Requested size: 684.60736pt x 385.09021pt.
[344

 <../figures/societa/TV359.pdf>]
<../figures/societa/TV360.pdf, id=36154, 1156.32pt x 650.43pt>
File: ../figures/societa/TV360.pdf Graphic file (type pdf)
<use ../figures/societa/TV360.pdf>
Package pdftex.def Info: ../figures/societa/TV360.pdf  used on input line 1608.

(pdftex.def)             Requested size: 684.60736pt x 385.09021pt.
[345

 <../figures/societa/TV360.pdf>]
<../figures/societa/TV398.pdf, id=36262, 1156.32pt x 650.43pt>
File: ../figures/societa/TV398.pdf Graphic file (type pdf)
<use ../figures/societa/TV398.pdf>
Package pdftex.def Info: ../figures/societa/TV398.pdf  used on input line 1613.

(pdftex.def)             Requested size: 684.60736pt x 385.09021pt.
[346

 <../figures/societa/TV398.pdf>]
<../figures/societa/TV406.pdf, id=36365, 1156.32pt x 650.43pt>
File: ../figures/societa/TV406.pdf Graphic file (type pdf)
<use ../figures/societa/TV406.pdf>
Package pdftex.def Info: ../figures/societa/TV406.pdf  used on input line 1618.

(pdftex.def)             Requested size: 684.60736pt x 385.09021pt.
[347

 <../figures/societa/TV406.pdf>]
<../figures/societa/TV409.pdf, id=36474, 1156.32pt x 650.43pt>
File: ../figures/societa/TV409.pdf Graphic file (type pdf)
<use ../figures/societa/TV409.pdf>
Package pdftex.def Info: ../figures/societa/TV409.pdf  used on input line 1623.

(pdftex.def)             Requested size: 684.60736pt x 385.09021pt.
[348

 <../figures/societa/TV409.pdf>]
<../figures/societa/UD018.pdf, id=36582, 1156.32pt x 650.43pt>
File: ../figures/societa/UD018.pdf Graphic file (type pdf)
<use ../figures/societa/UD018.pdf>
Package pdftex.def Info: ../figures/societa/UD018.pdf  used on input line 1628.

(pdftex.def)             Requested size: 684.60736pt x 385.09021pt.
[349

 <../figures/societa/UD018.pdf>]
<../figures/societa/UD026.pdf, id=36693, 1156.32pt x 650.43pt>
File: ../figures/societa/UD026.pdf Graphic file (type pdf)
<use ../figures/societa/UD026.pdf>
Package pdftex.def Info: ../figures/societa/UD026.pdf  used on input line 1633.

(pdftex.def)             Requested size: 684.60736pt x 385.09021pt.
[350

 <../figures/societa/UD026.pdf>]
<../figures/societa/UD030.pdf, id=36793, 1156.32pt x 650.43pt>
File: ../figures/societa/UD030.pdf Graphic file (type pdf)
<use ../figures/societa/UD030.pdf>
Package pdftex.def Info: ../figures/societa/UD030.pdf  used on input line 1638.

(pdftex.def)             Requested size: 684.60736pt x 385.09021pt.
[351

 <../figures/societa/UD030.pdf>]
<../figures/societa/UD110.pdf, id=36902, 1156.32pt x 650.43pt>
File: ../figures/societa/UD110.pdf Graphic file (type pdf)
<use ../figures/societa/UD110.pdf>
Package pdftex.def Info: ../figures/societa/UD110.pdf  used on input line 1643.

(pdftex.def)             Requested size: 684.60736pt x 385.09021pt.
[352

 <../figures/societa/UD110.pdf>]
<../figures/societa/UD121.pdf, id=37005, 1156.32pt x 650.43pt>
File: ../figures/societa/UD121.pdf Graphic file (type pdf)
<use ../figures/societa/UD121.pdf>
Package pdftex.def Info: ../figures/societa/UD121.pdf  used on input line 1648.

(pdftex.def)             Requested size: 684.60736pt x 385.09021pt.
[353

 <../figures/societa/UD121.pdf>]
<../figures/societa/UD503.pdf, id=37115, 1156.32pt x 650.43pt>
File: ../figures/societa/UD503.pdf Graphic file (type pdf)
<use ../figures/societa/UD503.pdf>
Package pdftex.def Info: ../figures/societa/UD503.pdf  used on input line 1653.

(pdftex.def)             Requested size: 684.60736pt x 385.09021pt.
[354

 <../figures/societa/UD503.pdf>]
<../figures/societa/VA050.pdf, id=37226, 1156.32pt x 650.43pt>
File: ../figures/societa/VA050.pdf Graphic file (type pdf)
<use ../figures/societa/VA050.pdf>
Package pdftex.def Info: ../figures/societa/VA050.pdf  used on input line 1658.

(pdftex.def)             Requested size: 684.60736pt x 385.09021pt.
[355

 <../figures/societa/VA050.pdf>]
<../figures/societa/VA117.pdf, id=37330, 1156.32pt x 650.43pt>
File: ../figures/societa/VA117.pdf Graphic file (type pdf)
<use ../figures/societa/VA117.pdf>
Package pdftex.def Info: ../figures/societa/VA117.pdf  used on input line 1663.

(pdftex.def)             Requested size: 684.60736pt x 385.09021pt.
[356

 <../figures/societa/VA117.pdf>]
<../figures/societa/VA119.pdf, id=37429, 1156.32pt x 650.43pt>
File: ../figures/societa/VA119.pdf Graphic file (type pdf)
<use ../figures/societa/VA119.pdf>
Package pdftex.def Info: ../figures/societa/VA119.pdf  used on input line 1668.

(pdftex.def)             Requested size: 684.60736pt x 385.09021pt.
[357

 <../figures/societa/VA119.pdf>]
<../figures/societa/VA121.pdf, id=37535, 1156.32pt x 650.43pt>
File: ../figures/societa/VA121.pdf Graphic file (type pdf)
<use ../figures/societa/VA121.pdf>
Package pdftex.def Info: ../figures/societa/VA121.pdf  used on input line 1673.

(pdftex.def)             Requested size: 684.60736pt x 385.09021pt.
[358

 <../figures/societa/VA121.pdf>]
<../figures/societa/VA123.pdf, id=37641, 1156.32pt x 650.43pt>
File: ../figures/societa/VA123.pdf Graphic file (type pdf)
<use ../figures/societa/VA123.pdf>
Package pdftex.def Info: ../figures/societa/VA123.pdf  used on input line 1678.

(pdftex.def)             Requested size: 684.60736pt x 385.09021pt.
[359

 <../figures/societa/VA123.pdf>]
<../figures/societa/VA129.pdf, id=37748, 1156.32pt x 650.43pt>
File: ../figures/societa/VA129.pdf Graphic file (type pdf)
<use ../figures/societa/VA129.pdf>
Package pdftex.def Info: ../figures/societa/VA129.pdf  used on input line 1683.

(pdftex.def)             Requested size: 684.60736pt x 385.09021pt.
[360

 <../figures/societa/VA129.pdf>]
<../figures/societa/VA130.pdf, id=37852, 1156.32pt x 650.43pt>
File: ../figures/societa/VA130.pdf Graphic file (type pdf)
<use ../figures/societa/VA130.pdf>
Package pdftex.def Info: ../figures/societa/VA130.pdf  used on input line 1688.

(pdftex.def)             Requested size: 684.60736pt x 385.09021pt.
[361

 <../figures/societa/VA130.pdf>]
<../figures/societa/VA133.pdf, id=37956, 1156.32pt x 650.43pt>
File: ../figures/societa/VA133.pdf Graphic file (type pdf)
<use ../figures/societa/VA133.pdf>
Package pdftex.def Info: ../figures/societa/VA133.pdf  used on input line 1693.

(pdftex.def)             Requested size: 684.60736pt x 385.09021pt.
[362

 <../figures/societa/VA133.pdf>]
<../figures/societa/VA394.pdf, id=38053, 1156.32pt x 650.43pt>
File: ../figures/societa/VA394.pdf Graphic file (type pdf)
<use ../figures/societa/VA394.pdf>
Package pdftex.def Info: ../figures/societa/VA394.pdf  used on input line 1698.

(pdftex.def)             Requested size: 684.60736pt x 385.09021pt.
[363

 <../figures/societa/VA394.pdf>]
<../figures/societa/VA476.pdf, id=38158, 1156.32pt x 650.43pt>
File: ../figures/societa/VA476.pdf Graphic file (type pdf)
<use ../figures/societa/VA476.pdf>
Package pdftex.def Info: ../figures/societa/VA476.pdf  used on input line 1703.

(pdftex.def)             Requested size: 684.60736pt x 385.09021pt.
[364

 <../figures/societa/VA476.pdf>]
<../figures/societa/VA550.pdf, id=38261, 1156.32pt x 650.43pt>
File: ../figures/societa/VA550.pdf Graphic file (type pdf)
<use ../figures/societa/VA550.pdf>
Package pdftex.def Info: ../figures/societa/VA550.pdf  used on input line 1708.

(pdftex.def)             Requested size: 684.60736pt x 385.09021pt.
[365

 <../figures/societa/VA550.pdf>]
<../figures/societa/VA731.pdf, id=38364, 1156.32pt x 650.43pt>
File: ../figures/societa/VA731.pdf Graphic file (type pdf)
<use ../figures/societa/VA731.pdf>
Package pdftex.def Info: ../figures/societa/VA731.pdf  used on input line 1713.

(pdftex.def)             Requested size: 684.60736pt x 385.09021pt.
[366

 <../figures/societa/VA731.pdf>]
<../figures/societa/VA918.pdf, id=38469, 1156.32pt x 650.43pt>
File: ../figures/societa/VA918.pdf Graphic file (type pdf)
<use ../figures/societa/VA918.pdf>
Package pdftex.def Info: ../figures/societa/VA918.pdf  used on input line 1718.

(pdftex.def)             Requested size: 684.60736pt x 385.09021pt.
[367

 <../figures/societa/VA918.pdf>]
<../figures/societa/VC002.pdf, id=38574, 1156.32pt x 650.43pt>
File: ../figures/societa/VC002.pdf Graphic file (type pdf)
<use ../figures/societa/VC002.pdf>
Package pdftex.def Info: ../figures/societa/VC002.pdf  used on input line 1723.

(pdftex.def)             Requested size: 684.60736pt x 385.09021pt.
[368

 <../figures/societa/VC002.pdf>]
<../figures/societa/VC019.pdf, id=38680, 1156.32pt x 650.43pt>
File: ../figures/societa/VC019.pdf Graphic file (type pdf)
<use ../figures/societa/VC019.pdf>
Package pdftex.def Info: ../figures/societa/VC019.pdf  used on input line 1728.

(pdftex.def)             Requested size: 684.60736pt x 385.09021pt.
[369

 <../figures/societa/VC019.pdf>]
<../figures/societa/VC020.pdf, id=38791, 1156.32pt x 650.43pt>
File: ../figures/societa/VC020.pdf Graphic file (type pdf)
<use ../figures/societa/VC020.pdf>
Package pdftex.def Info: ../figures/societa/VC020.pdf  used on input line 1733.

(pdftex.def)             Requested size: 684.60736pt x 385.09021pt.
[370

 <../figures/societa/VC020.pdf>]
<../figures/societa/VC073.pdf, id=38900, 1156.32pt x 650.43pt>
File: ../figures/societa/VC073.pdf Graphic file (type pdf)
<use ../figures/societa/VC073.pdf>
Package pdftex.def Info: ../figures/societa/VC073.pdf  used on input line 1738.

(pdftex.def)             Requested size: 684.60736pt x 385.09021pt.
[371

 <../figures/societa/VC073.pdf>]
<../figures/societa/VE464.pdf, id=38998, 1156.32pt x 650.43pt>
File: ../figures/societa/VE464.pdf Graphic file (type pdf)
<use ../figures/societa/VE464.pdf>
Package pdftex.def Info: ../figures/societa/VE464.pdf  used on input line 1743.

(pdftex.def)             Requested size: 684.60736pt x 385.09021pt.
[372

 <../figures/societa/VE464.pdf>]
<../figures/societa/VE471.pdf, id=39105, 1156.32pt x 650.43pt>
File: ../figures/societa/VE471.pdf Graphic file (type pdf)
<use ../figures/societa/VE471.pdf>
Package pdftex.def Info: ../figures/societa/VE471.pdf  used on input line 1748.

(pdftex.def)             Requested size: 684.60736pt x 385.09021pt.
[373

 <../figures/societa/VE471.pdf>]
<../figures/societa/VE472.pdf, id=39213, 1156.32pt x 650.43pt>
File: ../figures/societa/VE472.pdf Graphic file (type pdf)
<use ../figures/societa/VE472.pdf>
Package pdftex.def Info: ../figures/societa/VE472.pdf  used on input line 1753.

(pdftex.def)             Requested size: 684.60736pt x 385.09021pt.
[374

 <../figures/societa/VE472.pdf>]
<../figures/societa/VE473.pdf, id=39321, 1156.32pt x 650.43pt>
File: ../figures/societa/VE473.pdf Graphic file (type pdf)
<use ../figures/societa/VE473.pdf>
Package pdftex.def Info: ../figures/societa/VE473.pdf  used on input line 1758.

(pdftex.def)             Requested size: 684.60736pt x 385.09021pt.
[375

 <../figures/societa/VE473.pdf>]
<../figures/societa/VE474.pdf, id=39427, 1156.32pt x 650.43pt>
File: ../figures/societa/VE474.pdf Graphic file (type pdf)
<use ../figures/societa/VE474.pdf>
Package pdftex.def Info: ../figures/societa/VE474.pdf  used on input line 1763.

(pdftex.def)             Requested size: 684.60736pt x 385.09021pt.
[376

 <../figures/societa/VE474.pdf>]
<../figures/societa/VE528.pdf, id=39536, 1156.32pt x 650.43pt>
File: ../figures/societa/VE528.pdf Graphic file (type pdf)
<use ../figures/societa/VE528.pdf>
Package pdftex.def Info: ../figures/societa/VE528.pdf  used on input line 1768.

(pdftex.def)             Requested size: 684.60736pt x 385.09021pt.
[377

 <../figures/societa/VE528.pdf>]
<../figures/societa/VE539.pdf, id=39645, 1156.32pt x 650.43pt>
File: ../figures/societa/VE539.pdf Graphic file (type pdf)
<use ../figures/societa/VE539.pdf>
Package pdftex.def Info: ../figures/societa/VE539.pdf  used on input line 1773.

(pdftex.def)             Requested size: 684.60736pt x 385.09021pt.
[378

 <../figures/societa/VE539.pdf>]
<../figures/societa/VE542.pdf, id=39752, 1156.32pt x 650.43pt>
File: ../figures/societa/VE542.pdf Graphic file (type pdf)
<use ../figures/societa/VE542.pdf>
Package pdftex.def Info: ../figures/societa/VE542.pdf  used on input line 1778.

(pdftex.def)             Requested size: 684.60736pt x 385.09021pt.
[379

 <../figures/societa/VE542.pdf>]
<../figures/societa/VI614.pdf, id=39860, 1156.32pt x 650.43pt>
File: ../figures/societa/VI614.pdf Graphic file (type pdf)
<use ../figures/societa/VI614.pdf>
Package pdftex.def Info: ../figures/societa/VI614.pdf  used on input line 1783.

(pdftex.def)             Requested size: 684.60736pt x 385.09021pt.
[380

 <../figures/societa/VI614.pdf>]
<../figures/societa/VI616.pdf, id=39973, 1156.32pt x 650.43pt>
File: ../figures/societa/VI616.pdf Graphic file (type pdf)
<use ../figures/societa/VI616.pdf>
Package pdftex.def Info: ../figures/societa/VI616.pdf  used on input line 1788.

(pdftex.def)             Requested size: 684.60736pt x 385.09021pt.
[381

 <../figures/societa/VI616.pdf>]
<../figures/societa/VI617.pdf, id=40072, 1156.32pt x 650.43pt>
File: ../figures/societa/VI617.pdf Graphic file (type pdf)
<use ../figures/societa/VI617.pdf>
Package pdftex.def Info: ../figures/societa/VI617.pdf  used on input line 1793.

(pdftex.def)             Requested size: 684.60736pt x 385.09021pt.
[382

 <../figures/societa/VI617.pdf>]
<../figures/societa/VI619.pdf, id=40177, 1156.32pt x 650.43pt>
File: ../figures/societa/VI619.pdf Graphic file (type pdf)
<use ../figures/societa/VI619.pdf>
Package pdftex.def Info: ../figures/societa/VI619.pdf  used on input line 1798.

(pdftex.def)             Requested size: 684.60736pt x 385.09021pt.
[383

 <../figures/societa/VI619.pdf>]
<../figures/societa/VI621.pdf, id=40285, 1156.32pt x 650.43pt>
File: ../figures/societa/VI621.pdf Graphic file (type pdf)
<use ../figures/societa/VI621.pdf>
Package pdftex.def Info: ../figures/societa/VI621.pdf  used on input line 1803.

(pdftex.def)             Requested size: 684.60736pt x 385.09021pt.
[384

 <../figures/societa/VI621.pdf>]
<../figures/societa/VI622.pdf, id=40390, 1156.32pt x 650.43pt>
File: ../figures/societa/VI622.pdf Graphic file (type pdf)
<use ../figures/societa/VI622.pdf>
Package pdftex.def Info: ../figures/societa/VI622.pdf  used on input line 1808.

(pdftex.def)             Requested size: 684.60736pt x 385.09021pt.
[385

 <../figures/societa/VI622.pdf>]
<../figures/societa/VI623.pdf, id=40491, 1156.32pt x 650.43pt>
File: ../figures/societa/VI623.pdf Graphic file (type pdf)
<use ../figures/societa/VI623.pdf>
Package pdftex.def Info: ../figures/societa/VI623.pdf  used on input line 1813.

(pdftex.def)             Requested size: 684.60736pt x 385.09021pt.
[386

 <../figures/societa/VI623.pdf>]
<../figures/societa/VI624.pdf, id=40599, 1156.32pt x 650.43pt>
File: ../figures/societa/VI624.pdf Graphic file (type pdf)
<use ../figures/societa/VI624.pdf>
Package pdftex.def Info: ../figures/societa/VI624.pdf  used on input line 1818.

(pdftex.def)             Requested size: 684.60736pt x 385.09021pt.
[387

 <../figures/societa/VI624.pdf>]
<../figures/societa/VI626.pdf, id=40703, 1156.32pt x 650.43pt>
File: ../figures/societa/VI626.pdf Graphic file (type pdf)
<use ../figures/societa/VI626.pdf>
Package pdftex.def Info: ../figures/societa/VI626.pdf  used on input line 1823.

(pdftex.def)             Requested size: 684.60736pt x 385.09021pt.
[388

 <../figures/societa/VI626.pdf>]
<../figures/societa/VI632.pdf, id=40803, 1156.32pt x 650.43pt>
File: ../figures/societa/VI632.pdf Graphic file (type pdf)
<use ../figures/societa/VI632.pdf>
Package pdftex.def Info: ../figures/societa/VI632.pdf  used on input line 1828.

(pdftex.def)             Requested size: 684.60736pt x 385.09021pt.
[389

 <../figures/societa/VI632.pdf>]
<../figures/societa/VI644.pdf, id=40912, 1156.32pt x 650.43pt>
File: ../figures/societa/VI644.pdf Graphic file (type pdf)
<use ../figures/societa/VI644.pdf>
Package pdftex.def Info: ../figures/societa/VI644.pdf  used on input line 1833.

(pdftex.def)             Requested size: 684.60736pt x 385.09021pt.
[390

 <../figures/societa/VI644.pdf>]
<../figures/societa/VI656.pdf, id=41014, 1156.32pt x 650.43pt>
File: ../figures/societa/VI656.pdf Graphic file (type pdf)
<use ../figures/societa/VI656.pdf>
Package pdftex.def Info: ../figures/societa/VI656.pdf  used on input line 1838.

(pdftex.def)             Requested size: 684.60736pt x 385.09021pt.
[391

 <../figures/societa/VI656.pdf>]
<../figures/societa/VI686.pdf, id=41113, 1156.32pt x 650.43pt>
File: ../figures/societa/VI686.pdf Graphic file (type pdf)
<use ../figures/societa/VI686.pdf>
Package pdftex.def Info: ../figures/societa/VI686.pdf  used on input line 1843.

(pdftex.def)             Requested size: 684.60736pt x 385.09021pt.
[392

 <../figures/societa/VI686.pdf>]
<../figures/societa/VR761.pdf, id=41208, 1156.32pt x 650.43pt>
File: ../figures/societa/VR761.pdf Graphic file (type pdf)
<use ../figures/societa/VR761.pdf>
Package pdftex.def Info: ../figures/societa/VR761.pdf  used on input line 1848.

(pdftex.def)             Requested size: 684.60736pt x 385.09021pt.
[393

 <../figures/societa/VR761.pdf>]
<../figures/societa/VR762.pdf, id=41315, 1156.32pt x 650.43pt>
File: ../figures/societa/VR762.pdf Graphic file (type pdf)
<use ../figures/societa/VR762.pdf>
Package pdftex.def Info: ../figures/societa/VR762.pdf  used on input line 1853.

(pdftex.def)             Requested size: 684.60736pt x 385.09021pt.
[394

 <../figures/societa/VR762.pdf>]
<../figures/societa/VR769.pdf, id=41424, 1156.32pt x 650.43pt>
File: ../figures/societa/VR769.pdf Graphic file (type pdf)
<use ../figures/societa/VR769.pdf>
Package pdftex.def Info: ../figures/societa/VR769.pdf  used on input line 1858.

(pdftex.def)             Requested size: 684.60736pt x 385.09021pt.
[395

 <../figures/societa/VR769.pdf>]
<../figures/societa/VR775.pdf, id=41533, 1156.32pt x 650.43pt>
File: ../figures/societa/VR775.pdf Graphic file (type pdf)
<use ../figures/societa/VR775.pdf>
Package pdftex.def Info: ../figures/societa/VR775.pdf  used on input line 1863.

(pdftex.def)             Requested size: 684.60736pt x 385.09021pt.
[396

 <../figures/societa/VR775.pdf>]
<../figures/societa/VR777.pdf, id=41639, 1156.32pt x 650.43pt>
File: ../figures/societa/VR777.pdf Graphic file (type pdf)
<use ../figures/societa/VR777.pdf>
Package pdftex.def Info: ../figures/societa/VR777.pdf  used on input line 1868.

(pdftex.def)             Requested size: 684.60736pt x 385.09021pt.
[397

 <../figures/societa/VR777.pdf>]
<../figures/societa/VR781.pdf, id=41744, 1156.32pt x 650.43pt>
File: ../figures/societa/VR781.pdf Graphic file (type pdf)
<use ../figures/societa/VR781.pdf>
Package pdftex.def Info: ../figures/societa/VR781.pdf  used on input line 1873.

(pdftex.def)             Requested size: 684.60736pt x 385.09021pt.
[398

 <../figures/societa/VR781.pdf>]
<../figures/societa/VR784.pdf, id=41853, 1156.32pt x 650.43pt>
File: ../figures/societa/VR784.pdf Graphic file (type pdf)
<use ../figures/societa/VR784.pdf>
Package pdftex.def Info: ../figures/societa/VR784.pdf  used on input line 1878.

(pdftex.def)             Requested size: 684.60736pt x 385.09021pt.
[399

 <../figures/societa/VR784.pdf>]
<../figures/societa/VR825.pdf, id=41963, 1156.32pt x 650.43pt>
File: ../figures/societa/VR825.pdf Graphic file (type pdf)
<use ../figures/societa/VR825.pdf>
Package pdftex.def Info: ../figures/societa/VR825.pdf  used on input line 1883.

(pdftex.def)             Requested size: 684.60736pt x 385.09021pt.
[400

 <../figures/societa/VR825.pdf>]
<../figures/societa/VR846.pdf, id=42070, 1156.32pt x 650.43pt>
File: ../figures/societa/VR846.pdf Graphic file (type pdf)
<use ../figures/societa/VR846.pdf>
Package pdftex.def Info: ../figures/societa/VR846.pdf  used on input line 1888.

(pdftex.def)             Requested size: 684.60736pt x 385.09021pt.
[401

 <../figures/societa/VR846.pdf>]
<../figures/societa/VT207.pdf, id=42176, 1156.32pt x 650.43pt>
File: ../figures/societa/VT207.pdf Graphic file (type pdf)
<use ../figures/societa/VT207.pdf>
Package pdftex.def Info: ../figures/societa/VT207.pdf  used on input line 1893.

(pdftex.def)             Requested size: 684.60736pt x 385.09021pt.
) [402

 <../figures/societa/VT207.pdf>] (./societa_250.aux)
 ***********
LaTeX2e <2025-11-01>
L3 programming layer <2026-03-20>
 ***********
Package rerunfilecheck Info: File `societa_250.out' has not changed.
(rerunfilecheck)             Checksum: 8E92E43DA71E993533C6E0A0FF787006;75631.
 ) 
Here is how much of TeX's memory you used:
 15352 strings out of 467363
 295510 string characters out of 5419001
 625281 words of memory out of 6000000
 43517 multiletter control sequences out of 15000+600000
 634697 words of font info for 65 fonts, out of 8000000 for 9000
 1141 hyphenation exceptions out of 8191
 75i,12n,79p,297b,636s stack positions out of 10000i,1000n,20000p,200000b,200000s
</usr/share/texlive/texmf-dist/fonts/type1/public/amsfonts/cm/cmbx10.pfb></us
r/share/texlive/texmf-dist/fonts/type1/public/amsfonts/cm/cmbx12.pfb></usr/shar
e/texlive/texmf-dist/fonts/type1/public/amsfonts/cm/cmbx9.pfb></usr/share/texli
ve/texmf-dist/fonts/type1/public/amsfonts/cm/cmex10.pfb></usr/share/texlive/tex
mf-dist/fonts/type1/public/amsfonts/cm/cmmi10.pfb></usr/share/texlive/texmf-dis
t/fonts/type1/public/amsfonts/cm/cmmi6.pfb></usr/share/texlive/texmf-dist/fonts
/type1/public/amsfonts/cm/cmmi7.pfb></usr/share/texlive/texmf-dist/fonts/type1/
public/amsfonts/cm/cmmi8.pfb></usr/share/texlive/texmf-dist/fonts/type1/public/
amsfonts/cm/cmr10.pfb></usr/share/texlive/texmf-dist/fonts/type1/public/amsfont
s/cm/cmr12.pfb></usr/share/texlive/texmf-dist/fonts/type1/public/amsfonts/cm/cm
r6.pfb></usr/share/texlive/texmf-dist/fonts/type1/public/amsfonts/cm/cmr7.pfb><
/usr/share/texlive/texmf-dist/fonts/type1/public/amsfonts/cm/cmr8.pfb></usr/sha
re/texlive/texmf-dist/fonts/type1/public/amsfonts/cm/cmr9.pfb></usr/share/texli
ve/texmf-dist/fonts/type1/public/amsfonts/cm/cmsy10.pfb></usr/share/texlive/tex
mf-dist/fonts/type1/public/amsfonts/cm/cmsy8.pfb></usr/share/texlive/texmf-dist
/fonts/type1/public/amsfonts/cm/cmti9.pfb></usr/share/texlive/texmf-dist/fonts/
type1/public/amsfonts/cm/cmtt10.pfb></usr/share/texlive/texmf-dist/fonts/type1/
public/amsfonts/cm/cmtt9.pfb>
Output written on societa_250.pdf (403 pages, 12133194 bytes).
PDF statistics:
 42544 PDF objects out of 45951 (max. 8388607)
 8363 compressed objects within 84 object streams
 786 named destinations out of 1000 (max. 500000)
 4949 words of extra memory for PDF output out of 10000 (max. 10000000)

