"COD","Società"
"AG051","A.S.D. POL. ATHLON RIBERA"
"AG052","A.S.D. POL. AGATOCLE SCIACCA"
"AG075","A.S.D.G.S. VALLE DEI TEMPLI AG"
"AG200","A.S.D. SCIACCA RUNNING"
"AG228","A.S.D. OLIMPUS KERKENT RUNNERS"
"AG239","A.S.ATL. ARCOBALENO MONTAL."
"AG289","A.S.D. AIRONE CASTELTERMINI"
"AG300","A.S.D. FLG GRANDI EVENTI"
"AG331","ASS. CULT. S.D. PROMOTOR"
"AG350","A.C.S.D. NEW TIME CANICATTI'"
"AG407","A.S. DIL. POL.  MENFI '95"
"AG447","A.S.D. PRO SPORT RAVANUSA"
"AG463","A.S.D. ATLETICA CANICATTI"
"AG487","A.S.D. PASSIONE CORSA RIBERA"
"AG489","ATLETICAROSAMARIA"
"AG495","ATLETICA LICATA"
"AG503","A.S. DILETT. LA TARTARUGA"
"AG505","A.S.D.PROSPORT CASTROFILIPPO"
"AG639","A.S.D. MARATHON TEAM CANICATTI"
"AG641","A.S.D. CAMPOBELLO CORRE"
"AG644","A.S. DILETT. AMATORI ARAGONA"
"AL001","ATL. ALESSANDRIA"
"AL002","A.T.A."
"AL003","DERTHONA ATLETICA"
"AL004","A.S.D. ATL. SERRAVALLESE"
"AL005","ATL. OVADESE ORMIG"
"AL006","A.S.D. ACCADEMIATLETICA"
"AL007","ATL. NOVESE"
"AL010","G.P. BOGGERI ARQUATA SCRIVIA"
"AL011","ASD VERDENERO"
"AL012","G.S.D. SAI  FRECCE BIANCHE POD"
"AL017","JUNIORATLETICA ASD"
"AL023","ATLETICA ALERAMICA"
"AL025","POLISPORTIVA GALILEO GALILEI"
"AL026","G.P. SOLVAY"
"AL028","ACQUIRUNNERS"
"AL030","AZALAI A.S.D."
"AL031","BIO CORRENDO AVIS"
"AL032","APS LA FENICE ASD"
"AL033","A.S.D. FRECCE BIANCHE"
"AL034","0131RUN OF MADE A.S.D."
"AL037","A.S.D AIRONE TRIATHLON"
"AN001","ATLETICA OSIMO"
"AN002","A.ATL. FABRIANO"
"AN003","A.S.ATLETICA FALCONARA"
"AN005","ATL. VALLESINA"
"AN007","ATL. CHIARAVALLE"
"AN009","ATL. AMAT. AVIS CASTELFIDARDO"
"AN010","S.E.F. STAMURA ANCONA A.S.D."
"AN011","ATL. ENDAS ANCONA"
"AN015","SPORT D.L.F. ANCONA"
"AN016","ATL.CASTELFIDARDO CRIMINESI"
"AN017","NUOVA PODISTICA LORETO"
"AN018","ATL.AMAT.OSIMO"
"AN019","POL.CANDIA BARACCOLA ASPIO"
"AN022","S.ATL. SENIGALLIA"
"AN028","G.S. GIANNINO PIERALISI"
"AN032","ATL. JESI"
"AN034","POL. FUTURA OSIMO"
"AN037","ATLETICA FABRIANO - OSIMO"
"AN040","POLISPORTIVA EXTRA"
"AN042","A.S.D.  C.S. FILOTTRANO  ATLET"
"AN046","UPR MONTEMARCIANO SSD"
"AN048","A.S.D.PODISTICA AVIS FABRIANO"
"AN049","ASD SPACE RUNNING"
"AN050","A.S.D. PODISTICA VALMISA"
"AN054","TRECASTELLI POLISPORTIVA ASD"
"AO001","ATLETICA COGNE AOSTA"
"AO002","ATLETICA PONT DONNAS"
"AO003","ATLETICA MONTEROSA FOGU ARNAD"
"AO004","ATLETICA SANDRO CALVESI"
"AO006","POLISPORTIVA SANT'ORSO AOSTA"
"AO007","ATL. ZERBION ST-VINCENT CHAT"
"AO010","I GRIFONI - RAPPR. GDF"
"AO013","A.P.D. PONT-SAINT-MARTIN"
"AO015","ATLETIC TEAM 2000"
"AO016","R.A.S. COURMAYEUR"
"AO018","POLISPORTIVA CITTA' DI AOSTA"
"AO021","POLISPORTIVA ST. CHRISTOPHE SE"
"AO022","LO CONTREBANDJE'"
"AO024","COGNE 4061"
"AO025","ATLETICA SAINT-CHRISTOPHE"
"AO026","TEAM GAL SPORT"
"AO028","ASD INRUN"
"AP005","ASA ASCOLI PICENO"
"AP006","CENTRO MARCIA SOLESTA'"
"AP007","ATLETICA TEAM PICENO ASD"
"AP009","ATL. AVIS S.BENEDETTO DEL TR."
"AP010","A.ATL. TORRIONE S.BENEDETTO"
"AP019","A.S.D. COMODO SPORT"
"AP033","AVIS MONTEPRAND POD.CENTOBUCHI"
"AP034","COLLECTION ATLETICA SAMBENEDET"
"AP038","AVIS ASCOLI MARATHON"
"AP040","ATLETICA AVIS PAGLIARE"
"AP041","NEW STARS S. BENEDETTO TRONTO"
"AP050","TECNO ADRIATLETICA MARCHE"
"AP051","S.P. OFFIDA A.S.D."
"AP052","MARA' AVIS MARATHON"
"AP053","ASD SPORT & VITA"
"AP057","OFFIDA ATLETICA A.S.D."
"AP058","ASD NUOVA ATLETICA PICENA"
"AP059","EMME PROJECT ATHLETICS SBT"
"AQ005","A.S.D. RUNNERS AVEZZANO"
"AQ006","A.S.D. ATLETICA L'AQUILA"
"AQ009","ASD PODISTICA LUCO DEI MARSI"
"AQ011","ASD ATLETICA SULMONA"
"AQ014","A.S.D.AMAT.ATLETICA SERAFINI"
"AQ017","ASD FEDERLIBERTAS L'AQUILA"
"AQ023","A.S.D. JUVENILIA SULMONA"
"AQ029","A.S.D. RUNNERS AVEZZANO"
"AQ076","ASD ATLETICA ALTO SANGRO"
"AQ103","A.S. ATHLETICS PROMOTION AQ"
"AQ129","ASD ATLETICA ABRUZZO L'AQUILA"
"AQ144","A.S.D. PESCASSEROLI"
"AQ171","ASD MAGIC RUNNERS TAGLIACOZZO"
"AQ172","G.P. RUNNERS SULMONA"
"AQ174","ASD USA SPORTING CLUB AVEZZANO"
"AQ175","G.S. AVEZZANO"
"AQ179","ABRUZZO RUNNING ASD"
"AQ180","ASD ACADEMY ATLETICA ABRUZZO"
"AR049","ATL. LORESE"
"AR051","ATL. SESTINI FIAMME VERDI AR"
"AR052","POL. COMUNALE SANSEPOLCRO"
"AR053","ALGA ATLETICA AREZZO"
"AR054","ATL.SANGIOVANNESE 1967"
"AR056","G.S.AMATORI POD. AREZZO"
"AR058","POL. RINASCITA MONTEVARCHI"
"AR060","U. P.POLICIANO AREZZO ATLETICA"
"AR061","G.S AVIS BIBBIENA"
"AR062","S.S. ATL. CASENTINO POPPI"
"AR299","ATLETICA AVIS SANSEPOLCRO"
"AR341","ETRUSCATLETICA"
"AR353","PODISTICA IL CAMPINO"
"AR364","ASD SUBBIANO MARATHON"
"AR417","ATLETICA AVIS BIBBIENA"
"AR419","ATLETICA AVIS SANSEPOLCRO"
"AR421","ASD POLISP. SPORT REAL LIFE"
"AR422","ATLETICA FREE RUNNERS AREZZO"
"AR423","G.S FIAMME VERDI AREZZO"
"AR464","FILIRUN TEAM ASD"
"AR479","ASD WELOVEINSULINA TEAM"
"AR491","SPORT EVENTS CORTONA"
"AR500","EVOLUTION SSD"
"AR505","ASD BBP ATHLETIC"
"AT001","S.S. VITTORIO ALFIERI ASTI"
"AT003","A.S.D. BRANCALEONE  ASTI"
"AT005","D-L-F DOPO LAVORO FERROVIARIO"
"AT006","MEZZALUNA A.P.D."
"AT007","US COSTIGLIOLE G. GIORDANO"
"AT012","ATLETICA CASTELL'ALFERO T.F.R."
"AT013","ATLETICA MEZZALUNA"
"AT014","A.S.D. GATE-CRAL INPS"
"AT015","ATLETICANELLI"
"AT017","A.S.D. HAMMER TEAM"
"AT018","TEAM DLF ASTI ASD"
"AT019","ATLETICA ASTI 2.2 A.S.D."
"AT020","ASD RAINBOW PLANET"
"AT021","ASD JUNIOR PENTATHLON ASTI"
"AV008","A.S.D.  G.P. MONTELLESE"
"AV009","GSA S. GERARDO MONTORO SUP."
"AV010","A.S.D. G.P. DEL BAIANESE"
"AV011","ASD MONTEMILETTO TEAM RUNNERS"
"AV016","A.S.D. C.F.F.S. ATL. AVELLINO"
"AV122","A.S.D. 'LIONS CLUB' GROTTAM.DA"
"AV175","AVELLINO RUNNER"
"AV177","A.S.D. ATL. SUD AVELLINO"
"AV208","ASD ENTERPRISE SPORT & SERVICE"
"AV210","A.S.D. L'IRPINIA CORRE"
"AV510","A.S.D.ATLETICA AMATORI IRPINI"
"AV573","ASD MARATHON CL. ARIANO IRPINO"
"AV600","POL. PODJGYM AVELLINO"
"AV700","ASD IRPINIA ITALIA"
"AV800","BAIANO RUNNERS"
"AV801","LIONS VALLE UFITA"
"AV802","A.S.D. HIRPUSATLETICADUKATANI"
"BA001","POLISPORTIVA F. LANDOLFI"
"BA003","ASS.POL.C.ATL.MOLFETTA D.T.B."
"BA005","AMATORI ATL. ACQUAVIVA"
"BA006","ASD GIOVANI ATLETI BARI 1969"
"BA007","CUS BARI"
"BA008","ASD ELITE ACADEMY BARI"
"BA011","A.S. ATLETICA CASTELLANA"
"BA015","A.S. OLIMPIA CLUB MOLFETTA"
"BA020","FIAMMA OLIMPIA PALO"
"BA021","S.S. FIAMMA GIOVINAZZO"
"BA023","ATLETICA GIOVANILE ACQUAVIVA"
"BA025","A.S. AMATORI PUTIGNANO"
"BA026","ATLETICA BARLETTA"
"BA028","ATL.GIOVANILE TRIGGIANO BARI"
"BA029","A.A.'E. MANZARI' CASAMASSIMA"
"BA031","POL. LIBERTAS CORATO"
"BA033","ATLETICA BARI"
"BA035","A.A.A. BARLETTA"
"BA039","A.S.D. AMICI STRADA DEL TESORO"
"BA041","ATLETICA PRO CANOSA"
"BA043","G.S.ATLETICA AMATORI CORATO"
"BA047","NUOVA ATL. FEMM. ACQUAVIVA"
"BA049","G.S.P. III REGIONE AEREA BARI"
"BA052","BARI ROAD RUNNERS CLUB"
"BA057","ATHLETIC MARATHON SANTERAMO"
"BA058","ATLETICA  MONOPOLI"
"BA068","ATHLETIC TEAM BARLETTA"
"BA077","ATL.LEGGERA LIBERTAS MONOPOLI"
"BA082","ATLETICA TOMMASO ASSI TRANI"
"BA089","ALTERATLETICA LOCOROTONDO"
"BA091","ADEN EXPRIVIA DAI OPTICAL MOLF"
"BA093","ATLETIC CLUB ALTAMURA"
"BA096","A.S. ATL SPRINT  BARLETTA"
"BA097","SPORT CENTER A.S.D."
"BA098","TEAM PUGLIAVVENTURA"
"BA099","POL. 'D. PIETRI' GRAVINA"
"BA501","ATL. HELIOS TERLIZZI"
"BA502","A.S.D. MONTEDORO NOCI"
"BA505","A.S. QUELLI DELLA PINETA"
"BA507","A.MARATONETI ANDRIESI"
"BA515","A.S. ' BELVEDERE ' ANDRIA"
"BA518","ATLETICA SAMMICHELE"
"BA521","A.S. DOF AMATORI TURI"
"BA527","A.S. NOLIMITS"
"BA529","A.S.D. TRANI MARATHON"
"BA530","G.S.BRIGATA CORAZZATA PINEROLO"
"BA533","EURATLETICA BISCEGLIE"
"BA535","A.S. ATLETICA POLIGNANO"
"BA538","ATLETI  VALLE DELL'OFANTO"
"BA541","ALTEATLETICA ALTAMURA"
"BA545","AMATORI ATLETICA TRIGGIANO"
"BA548","G.S. ESERCITO 10° RE.TRA"
"BA550","AVIS IN CORSA CONVERSANO"
"BA553","ATLETICA ADELFIA"
"BA554","FREE RUNNERS MOLFETTA"
"BA556","ATL. POLISPORTIVA TRANI"
"BA557","ASS. S. D. PINK PANTHER"
"BA581","A.S.D. ATLETICA BITRITTO"
"BA582","A.S.D. BISCEGLIE RUNNING"
"BA586","A.S.D. ASOPICO RUNNING BARI"
"BA587","LA PIETRA"
"BA589","POL. DILETT. GIOVINAZZO"
"BA592","BARLETTA SPORTIVA"
"BA594","PEDONE-RICCARDI BISCEGLIE"
"BA597","ASD NUOVA ATLETICA GIOVINAZZO"
"BA599","RUNNING PEOPLE NOICATTARO"
"BA700","A.S.D. NADIR ON THE ROAD - PUT"
"BA702","MURGIA MARATHON SANTERAMO"
"BA703","HAPPY RUNNERS ALTAMURA"
"BA704","ASD PER ASPERA AD ASTRA BARI"
"BA705","BITONTO RUNNERS"
"BA706","ATLETICA 2010"
"BA707","DREAM TEAM BARI"
"BA708","CARINGELLA SANNICANDRO DI BARI"
"BA709","CAMPUS BELLAVISTA"
"BA710","A.S.D. GRAVINA FESTINA LENTE!"
"BA711","BIO AMBRA NEW AGE"
"BA713","GIOIA RUNNING A.S.D."
"BA714","ALBEROBELLO RUNNING ASD"
"BA715","ATLETICA ALTAMURA"
"BA716","BARILE FLOWER F.R.TERLIZZI ASD"
"BA717","ATLETICA FIAMMA GIOVINAZZO CAR"
"BA718","ASD BIANCOVERDE GIOVINAZZO"
"BA719","RUNNERS DEL LEVANTE"
"BA720","ATLETICA MEDITERRANEA BARI"
"BA721","LA FABRICA DI CORSA"
"BA723","S.S.D. A.R.L. DYNAMYK FITNESS"
"BA724","ROAD RUNNERS TRANI"
"BA725","A.S.D. ATLETICA AZZURRA"
"BA726","BITONTO SPORTIVA"
"BA728","SEI SPORT"
"BA729","A.S.D.  LA FENICE"
"BA730","STRARUNNERS BARI"
"BA731","A.S.D. ROAD RUNNING MOLFETTA"
"BA732","ACQUAMARINA PALESE"
"BA733","ALLENAMENTI"
"BA734","ATLETICAMENTE"
"BA735","ASD NEW ATHLETIC PROJECT"
"BA736","BITETTO RUNNERS A.S.D."
"BA739","ASD SMART FIT GRAVINA"
"BA740","RUNNING TEAM D'ANGELA SPORT"
"BA741","FUTURATHLETIC TEAM APULIA"
"BA742","ALL TRI SPORTS A.S.D."
"BA743","NUOVATLETICA BISCEGLIE"
"BA745","VIRTUS MODUGNO"
"BA749","PILA ATLETICA BARI"
"BA751","NUOVA ATLETICA BITONTO"
"BA752","ASD ATLETICA FIAMMA GIOVINAZZO"
"BA754","G.S. AVIS BARLETTA A.S.D."
"BA755","ASD RUNNING CASSANO VENTI18"
"BA756","ASD CORATO ATLETICA LEGGERA"
"BA757","TRACK & FIELD BARI"
"BA758","ASD AVIS MOLA RUNNING"
"BA759","ASD SPITS RUN W & T SAMMICHELE"
"BA760","ASD RUTIGLIANO ROAD RUNNERS"
"BA761","GM SPORT ASD"
"BA762","OFFICINA ATLETICA 2010 SSD"
"BA763","ASD ATLETICA CARTUR FIAMMA"
"BA764","ASD TERLIZZI SPORTING CLUB"
"BA765","ATLETICA PHOENIX ASD"
"BA768","AMICI FONTANA ROMANO TRIGGIANO"
"BA769","A.S.D. IOCORRO"
"BA770","ASD CORRERE PER SEMPRE"
"BA772","ASD POLISPORTIVA PAOLO SASSO"
"BA773","A.S.D. AMICI DI MARCO"
"BA774","SPORT & LIFE ASD"
"BA775","A.S.D. GRIFO CLUB"
"BA776","ASD ATLETICA CONVERSANO"
"BA777","PR FUTURA ATLETICA CASAMASSIMA"
"BA778","EVENTI SPORTIVI ASD"
"BA779","A.D. SPORT A.S.D."
"BA780","ZERODUE S.S.D. A R.L."
"BA781","ASD FITWALKING ANDRIA CAMMINA"
"BA782","ANDRIA ATHLETIC CLUB A.S.D."
"BA786","A.S.D. NUOVA ATLETICA FIAMMA"
"BG003","ATL. BERGAMO 1959 ORIOCENTER"
"BG004","U.S. SCANZOROSCIATE"
"BG005","ATL. PRESEZZO"
"BG007","POL. OSIO SOPRA"
"BG024","ATL. LEFFE"
"BG025","EDUCAZIONE.SPORT A.S.D."
"BG036","ATL. SALETTI"
"BG042","EASY SPEED 2000"
"BG045","ATL. PIANURA BERGAMASCA"
"BG048","VANOTTI RUNNING TEAM"
"BG070","A.S.D. AURORA FONTANELLA"
"BG105","POL. D. ORATORIO CLUSONE"
"BG134","ATL. LA TORRE"
"BG135","G. ALPINISTICO VERTOVESE"
"BG138","U.S. OLIMPIA A.S.D."
"BG140","LIBERTAS ATL. CARAVAGGIO"
"BG141","ATL. POL. ARDESIO"
"BG143","C.A.OLIMPIA-C.M.VALSERIANA SUP"
"BG146","RUNNING TORRE DE' ROVERI"
"BG149","ATL. VALLI BERGAMASCHE LEFFE"
"BG166","GS AVIS TREVIGLIO G.BRUSAFERRI"
"BG170","CRAL BANCA POP. BERGAMO"
"BG171","RUNNERS ACADEMY ASD"
"BG222","POL. BOLGARE SEZ. ATL."
"BG223","ATL. VALLE BREMBANA"
"BG224","ATL. CURNO"
"BG225","ATL. CASAZZA"
"BG227","ATL. ALME'"
"BG228","U.S. ROGNO"
"BG232","POL. ATL. BREMBATE SOPRA"
"BG236","A.S.D. LA RECASTELLO"
"BG237","G.S. OREZZO"
"BG248","ATL. ESTRADA"
"BG282","ATL. CASTEL ROZZONE"
"BG288","ATL. URGNANO"
"BG289","U.S. SAN PELLEGRINO TERME"
"BG290","ATL. ROMANO"
"BG291","POL. CAPPUCCINESE"
"BG300","ATL. TREVIGLIO"
"BG339","BIGACC DE ELA"
"BG343","U.S. MOZZO"
"BG351","G.S. A.MARINELLI COMENDUNO"
"BG353","POOL SOC.ATL.ALTA VALSERIANA"
"BG371","SPORTING CLUB ALZANO"
"BG379","ATL. CRAL CREBERG"
"BG390","ATL. COLOGNO AL SERIO"
"BG417","POL. GRASSOBBIO"
"BG420","MARATHON TEAM BG"
"BG425","MEDIRUN"
"BG472","RUNNERS BERGAMO"
"BG479","G.S. OROBIE"
"BG511","ATL. VALLE IMAGNA"
"BG520","GRUPPO SPORTIVO OROBICO"
"BG536","G.S. ALTITUDE"
"BG542","ATL. BRUSAPORTO"
"BG572","ORATORIO ALBINO ATL."
"BG576","ATL. ALTA VALLE BREMBANA"
"BG584","POL. VILLESE"
"BG594","CLUB PANTERA ROSA"
"BG595","TARTARUNNERS VALTESSE"
"BG605","ATL. VALBRENO"
"BG606","FO' DI PE"
"BG620","G.S. FIORINE"
"BG627","POLISPORTIVA RANICA ASD"
"BG649","GRUPPO SPORTIVO ADDA"
"BG658","ATLETICA MARATHON ALMENNO S.S."
"BG675","ATLETICA TRESCORE"
"BG689","A.S.D. ATLETICA SARNICO"
"BG705","ATL. E PODISTICA POL.BOTTANUCO"
"BG726","ROMANO RUNNING"
"BG737","POLISPORTIVA IMIBERG"
"BG738","X-BIONIC RUNNING TEAM"
"BG747","ATLETICA DALMINE EDUCANDO"
"BG762","FRECCE GIALLO BLU"
"BG772","ASD ATLETICA STEZZANO"
"BG795","BERGAMO STARS ATLETICA"
"BG800","PODISTI FARESI"
"BG840","ASD GSA SOVERE ATLETICA"
"BG841","GRUPPO SPORTIVO ALPINI SOVERE"
"BG855","GRUPPO PODISTICO ARCENE A.S.D."
"BG869","ATLETICA CRAL BANCO BPM"
"BG891","ELLE ERRE ASD"
"BG893","CANTO DI CORSA"
"BG910","CUS BERGAMO ATLETICA ASD"
"BG917","WE RUN BERGAMO ASD"
"BG928","PODISTI DUE CASTELLI  ASD"
"BG932","ATL. TRESCORE TRACK AND FIELD"
"BG961","POLISPORTIVA CURNO A.S.D."
"BG962","BERBENNO RUNNERS"
"BG974","CUS BERGAMO ASD"
"BL001","ATL.LONGARONE SINTECO"
"BL004","G.S. QUANTIN ALPENPLUS"
"BL005","ATL. TRICHIANA"
"BL006","USR LASEN - LATTE ALBALUNA"
"BL007","US CESIO"
"BL008","GS LA PIAVE 2000"
"BL009","ATHLETIC CLUB FIREX BELLUNO"
"BL010","A.ATL.DOLOMITI BELLUNO"
"BL011","BELLUNOATLETICA M.G.B."
"BL012","ANA ATL.FELTRE"
"BL015","ATL.INTERLOZZO"
"BL017","G.S.VV.FF.-DE VECCHI-BL"
"BL018","POL.S.GIUSTINA"
"BL019","ATL.AGORDINA"
"BL021","GIRO DELLE MURA CITTA FELTRE"
"BL022","ATL.SAPPADA PLODN"
"BL025","POLISPORTIVA CAPRIOLI"
"BL027","ATLETICA COMELICO"
"BL029","ATL. CORTINA C. RURALE CORTINA"
"BL030","ATL.FIORI BARP"
"BL033","GR.MARC. CALALZO ATL. CADORE"
"BL041","A.S.D. GRUPPO SPORTIVO ASTRA"
"BL042","ASD VODO DI CADORE"
"BL044","ATLETICADORE - GIOCALLENA ASD"
"BL046","RUN&FUN OLTRE TEAM"
"BL047","ALPAGO TORNADO RUN"
"BN026","A.S.D. LIB. POL. AMAT. ATL. BN"
"BN050","ASD RUNNING TELESE TERME"
"BN100","POD. VALLE CAUDINA"
"BN182","LIB. ATL. BENEVENTO"
"BN286","ASD POL. ASTRO 2000 BENEVENTO"
"BN300","A.S.D. ATL. DUGENTA"
"BN450","SANNIO RUNNERS"
"BN460","S.S.D. TELESIA RUNNING TEAM"
"BN490","ASD FILIPPIDE RUNNERS"
"BN514","ASD AMATORI PODISMO BENEVENTO"
"BN702","A.S.D. PODISMO BENEVENTO"
"BN800","LIBERTAS AMATORI ATLETICA LEGG"
"BO002","ACQUADELA ASD"
"BO005","G.S. GABBI ASD"
"BO007","ASD VIRTUS SEZ. ATL. EMILSIDER"
"BO008","C.U.S. BOLOGNA A.S.D."
"BO009","PODISTICA PONTELUNGO BOLOGNA"
"BO011","C.S. CARABINIERI SEZ. ATLETICA"
"BO014","ATL. IMOLA SACMI AVIS"
"BO015","A.S.D. FRANCESCO FRANCIA"
"BO017","ASD POD. LIPPO CALDERARA"
"BO021","G.P. I CAGNON"
"BO023","ATL. AVIS CASTEL S.PIETRO"
"BO037","POL.  DIL. SANRAFEL"
"BO038","ASD TEAM GRANAROLO"
"BO041","ASD FIDAS  GNARRO JET MATTEI"
"BO124","ATL. CASTENASO  CELTIC DRUID"
"BO138","POL. PORTA SARAGOZZA"
"BO150","LOLLIAUTO ASD"
"BO184","SOCIETA' VICTORIA"
"BO239","A.S.D. LUMEGALTORENO"
"BO263","G.P.  ATLETICA MOLINELLA"
"BO270","ATL. VALLESAMOGGIA"
"BO332","POL. AVIS BOLOGNESE"
"BO334","POL. CIRCOLO DOZZA ASD"
"BO379","EUREKA ATL. VALLE DEL RENO"
"BO418","ATLETICA MELITO"
"BO427","CSI SASSO MARCONI"
"BO429","POL. ZOLA SEZ. ATLETICA"
"BO430","ATLETICA NEW STAR"
"BO434","ASD ATLETICA BLIZZARD"
"BO437","S.G. PERSICETANA"
"BO468","TRIIRON"
"BO473","APD DIPENDENTI AUSL DI BOLOGNA"
"BO506","A.S.D. PONTEVECCHIO BOLOGNA"
"BO508","POL. MONTE SAN PIETRO"
"BO512","Q.E.D."
"BO516","POLISPORTIVA PROGRESSO ASD"
"BO522","POLISPORTIVA ATLETICO BORGO PA"
"BO527","A.S.D TEAM SPARTANS"
"BO536","ASD ATLETICA MELITO BOLOGNA"
"BO544","PASSO CAPPONI ASD"
"BO545","9,92 RUNNING ASD"
"BO563","POLISPORTIVA MONTEVEGLIO A.S.D"
"BO571","UNIONE SPORTIVA ZOLA A.S.D."
"BO581","A.S.D. CC GIUSEPPE CAVAGNERO"
"BO585","RUN LIKE US SPD A RL"
"BO598","SSDRL CINQUE CERCHI"
"BO613","ATLETICA SAN GIORGIO DI PIANO"
"BR103","ATLETICA AMATORI BRINDISI"
"BR104","ATL.AM. CISTERNINO ECOLSERVIZI"
"BR109","TOP RUNNING  BRINDISI"
"BR113","ATLETICA CASALINI"
"BR115","A.S.NUOVATLETICA FRANCAVILLA"
"BR116","ATL. CENTRO SPORT BRINDISI"
"BR128","ATLETICA ORIA"
"BR131","A.S. ATLETICA LATIANO"
"BR134","ASS. AMICI ATL.VILLA CASTELLI"
"BR135","ATLETICA CITTA' BIANCA"
"BR138","A.S.D. TEAM FRANCAVILLA"
"BR139","GYMNASIUM S. PANCRAZIO"
"BR141","POLISPORT CICLO CLUB FASANO"
"BR142","A.P.D. A.S. MICHELE SALENTINO"
"BR143","A.S.D. ATLETICA CAROVIGNO"
"BR144","ATALAS SAN VITO DEI NORMANNI"
"BR145","A.S.D. ATLETICA MESAGNE - AVIS"
"BR147","FOLGORE BRINDISI 1946"
"BR148","LE OMBRE DELL'ALBERO"
"BR153","ASD APULIATHLETICA"
"BR154","ATLETICA CEGLIE MESSAPICA"
"BR155","APD RUNNERS SAN MICHELE SALENT"
"BR156","A.S.D. ORIABIKERUN"
"BR157","ASD LABORATORIO DEL BENESSERE"
"BR158","OSTUNI RUNNER'S"
"BR159","DORANDO PIETRI"
"BR160","PODISMO SPV MY DOMO"
"BR162","OLIMPO LATIANO"
"BR163","ECOLSERVIZI RUNNERS"
"BR165","ASD IMPERIALI ATLETICA"
"BR167","ASD MFR BRINDISI"
"BR168","ASD ATLETICA ORIA SUPERSTAR"
"BR169","A.S.D. URBAN RUNNER"
"BR170","ASD LE OMBRE DELL'ALBERO"
"BR171","ASD ZZW TRIATHLON"
"BR172","ASD GIOVANI MESSAPI LATIANO"
"BR173","ASD APPIATLETICA"
"BS018","UNIONE SPORTIVA ACLI SAN POLO"
"BS030","ASD PODISTI URAGOMELLA BRESCIA"
"BS035","ASD ATLETICA JACOBS ACADEMY"
"BS038","ASD AUDACES VALLE DEL GARZA"
"BS082","POLISPORTIVA G.B. VIGHENZI"
"BS107","AIDO ARTOGNE ASD"
"BS113","BRIXIA POWER SSD SRL"
"BS173","G.S. IVECO BRESCIA"
"BS175","ATL. FABARM"
"BS176","ROSA RUNNING TEAM"
"BS177","POL. SAREZZO SEZ. ATL."
"BS178","A.S.D. ROBUR SALÒ"
"BS179","ASD ATLETICA LEONESSA"
"BS181","ATL. BRESCIA 1950"
"BS183","C.S. S.ROCCHINO"
"BS184","ORATORIO ROE VOLCIANO"
"BS186","C.S. LIB. GUSSAGO"
"BS190","ATL. EVERGREEN"
"BS191","U.S. SERLE"
"BS196","POLISPORTIVA CAPRIOLESE SSDARL"
"BS197","POL.CALVAGESE"
"BS198","ASD ATL. VILLANUOVA '70"
"BS199","ATL. VALLECAMONICA"
"BS201","U.S. AUDACES NAVE"
"BS202","G.P. S.ANGELA AVIS DESENZANO"
"BS243","ATL. REBO GUSSAGO"
"BS256","PADILE RUNNING TEAM"
"BS268","A.R.T. COMM. ATL.TRAVAGLIATO"
"BS274","G.P. PELLEGRINELLI"
"BS278","ATL. CARPENEDOLO"
"BS284","ATL. C.S.S.R. BRESCIA"
"BS297","ATL. CLUB 10 + 7 SALO"
"BS299","EQUIPE RUNNING"
"BS303","OLYMPIA ATHLETIC TEAM"
"BS304","ATL. DI LUMEZZANE"
"BS318","ATL. CHIARI 1964 LIB."
"BS319","ATL. RODENGO SAIANO MICO"
"BS333","POL. VOBARNO"
"BS341","FG. ATL. FALEGNAMERIA GUERRINI"
"BS355","U. ATL. VALTROMPIA"
"BS362","G.S. MONTEGARGNANO"
"BS364","G.S. ATL. REZZATO"
"BS366","POL. ADRENSE"
"BS368","U.S. MALONNO"
"BS370","ATL. SAN PAOLO 2001"
"BS377","ATL. BEDIZZOLE"
"BS397","U.S. LA SPORTIVA"
"BS442","ATL. LIB. CASTEGNATO"
"BS454","G.P. FELTER SPORT PUEGNAGO"
"BS461","ATL. OGLIESE PALAZZOLO S/O"
"BS464","POL.S. FELICE D/B-GARDA COMPUT"
"BS465","NEW ATHLETICS SULZANO"
"BS468","ATLETICA X UNA VITA MIGLIORE"
"BS497","A.S.D. OLIMPIA BRESCIA"
"BS508","PRO DESENZANO"
"BS521","FREE-ZONE"
"BS535","RUNNING & ADVENTURE"
"BS538","ATL. GAVARDO '90 LIB."
"BS544","BOVEGNO FALEGNAMERIA FONTANA"
"BS545","ATL. FRANCIACORTA OXYBURN"
"BS562","ATL. PARATICO"
"BS566","TRESTELLE DESENZANO"
"BS575","ATL. VIRTUS CASTENEDOLO"
"BS593","ATLETICA DELLO"
"BS596","ATL. CELLATICA"
"BS607","ATL. POMPIANO"
"BS612","POL. VOBARNO"
"BS614","POL. HYPPODROM '99 PONTOGLIO"
"BS626","CIRCOLO AMATORI PODISTI"
"BS640","AV SPORTING TEAM"
"BS648","KINETIK RUNNING"
"BS652","ASD MOTUS ATLETICA"
"BS657","CORRINTIME"
"BS659","AVIS SPORT CAZZAGO SAN MARTINO"
"BS660","ARIENI TEAM"
"BS664","SPORT&FITNESS SRL  SSD"
"BS684","ATLETICA CONCESIO 2009"
"BS688","ATLETICA BRESCIA MARATHON"
"BS692","A.S.D. C.U.S. BRESCIA"
"BS694","ATLETICA BRESCIA 2010"
"BS702","G.P. OVER PONTEVICO"
"BS707","RUNNING  CAZZAGO SAN MARTINO"
"BS714","ATLETICA PERTICA BASSA"
"BS717","RUNNERS CAPRIOLESE"
"BS742","GARDA RUNNING A.S.D."
"BS748","RUNNING PREALPINO ASD"
"BS752","RUNNERS SALO'"
"BS755","ATLETICA EDEN '77 ASD"
"BS757","ATLETICA PONCARALE BORGO"
"BS769","LIBERTAS VALLESABBIA"
"BS773","SPORT FITNESS & CO. SRL SSD"
"BS777","ESC SSD SRL EUROPA SC"
"BS783","A.S.D. SAN FILIPPO RUNNERS"
"BS786","BRIXIA ATLETICA 2014 SSD SRL"
"BS797","STRALENO"
"BS836","F.O.RUNNING TEAM"
"BS846","ATHLETIC ACADEMY A.S.D."
"BS854","ATLETICA MONTICHIARI"
"BS883","BIONE TRAILERS TEAM"
"BS900","SOC CANOTTIERI GARDA SALO' ASD"
"BS909","POLISPORTIVA CALVAGESE ASD"
"BS925","MONTE ORFANO RUNNERS ASD"
"BS950","VENUS TRIATHLON ACADEMY SSDARL"
"BS952","ADVANCE GARDA TEAM 2019 ASD"
"BS985","SPORT CLUB BRESCIA"
"BZ001","A.S. MERANO"
"BZ003","ASS.SPORT.DIL. IVECO ATLETICA"
"BZ006","AMATEUR-LAEUFERCLUB KALTERN"
"BZ008","SSV BRUNECK VOLKSBANK ASV"
"BZ009","ASV RENNERCLUB VINSCHGAU"
"BZ011","S.V. LANA - RAIKA ASV"
"BZ012","A.S.D. ATL.CLUB 2000 DOBBIACO"
"BZ013","ASV STERZING VOLKSBANK"
"BZ014","ASV JENESIEN SOLTNFLITZER"
"BZ016","U.S.D. BRONZOLO"
"BZ018","SAF BOLZANO 1953"
"BZ019","SPORTCLUB MERANO"
"BZ020","ASV LAC VINSCHGAU RAIFFEISEN"
"BZ023","ASV L.C. BOZEN RAIFFEISEN"
"BZ025","SOCIETA' ATLETICA BOLZANO"
"BZ026","A.S.D. S.A.F. LAIVES"
"BZ028","ASC SARNTAL"
"BZ031","A.S.D.SSV BRIXEN"
"BZ033","A.S.D. POL. AVI VIPITENO"
"BZ036","A.S.D. SSV LEIFERS  L.A."
"BZ040","G.S.'LENTI E VELOCI' RAIFFEISE"
"BZ043","S.V. MOELTEN RAIFFEISEN A.S.V."
"BZ050","ATLETICA GHERDEINA RAIFFEISEN"
"BZ052","A.S.DIL. FULL SPORT MERAN"
"BZ054","KSV LEICHTATHLETIK DILETTANTIS"
"BZ056","ASV L.G. SCHLERN  RAIFFEISEN"
"BZ058","A.S.C. BERG"
"BZ060","ASS.SPORT.DILETTANT.DRIBBLING"
"BZ066","ATHLETIC CLUB 96 ALPERIA"
"BZ067","SUEDTIROLER LV SPARKASSE"
"BZ068","S.G EISACKTAL RAIFFEISEN ASV"
"BZ071","C.S.S. LEONARDO DA VINCI"
"BZ073","A.S.D. SUEDTIROL TEAM CLUB"
"BZ074","ASV TELMEKOM TEAM SUEDTIROL"
"BZ079","ASC LAAS RAIFFEISEN"
"BZ085","ASV GHERDEINA RUNNERS"
"BZ087","SPORTLER TEAM"
"BZ088","AMATEURSPORTCLUB PASSEIER"
"BZ092","ASV DEUTSCHNOFEN"
"BZ094","A.S.D.TEAM 3V"
"BZ097","ASV STEINEGG"
"BZ098","RITTEN SPORT RUN TEAM"
"BZ099","LAUFVEREIN ASV FREIENFELD"
"BZ100","LISPHERA"
"BZ101","MERANO ATLETICA RUNNING A.S.D."
"CA001","C.U.S. CAGLIARI"
"CA002","S G AMSICORA"
"CA003","SS ESPERIA"
"CA004","ATL ORROLI MARIANO LEONI"
"CA010","POL ATL SERRAMANNA"
"CA012","ATLETICA SELARGIUS"
"CA014","ARCINOVA ATL ARBUS"
"CA015","ATL MAMELI USSANA"
"CA017","ASD US ATL GUSPINI"
"CA018","ATL DECIMOPUTZU"
"CA023","ATL SANT'ELENA QUARTU"
"CA025","G.S. ATLETICA DOLIANOVA"
"CA032","AS TESPIENSE QUARTU"
"CA033","ATL CORTOGHIANA"
"CA035","ASD ATLETICA MARIANO SCANO"
"CA036","POL LIBERTAS CAMPIDANO"
"CA038","POL  JOLAO IGLESIAS"
"CA041","ATL KARALIS"
"CA044","SS SPORTING S.I.E."
"CA049","GS ATLETICA CAPOTERRA"
"CA055","FUTURA CAGLIARI SOLOATLETICA"
"CA056","ATL POD SAN GAVINO"
"CA058","GS ATL SAN BASILIO"
"CA069","ATL MARGANAI IGLESIAS"
"CA072","ATL SAMATZAI GIORGIO MELIS"
"CA081","POLISPORTIVA ISILI"
"CA083","POL UTA 2000"
"CA084","ATLETICA IGLESIAS"
"CA104","ATL SAN SPERATE"
"CA120","NUOVA ATLETICA SESTU"
"CA129","ASD SULCIS ATLETICA CARBONIA"
"CA136","GS ATL NURAMINIS"
"CA137","GRUPPO POL DIL ASSEMINI"
"CA145","ATLETICA VILLAMARESE"
"CA153","DINAMICA"
"CA154","GS RUNNERS CAGLIARI"
"CA164","GS ARGO CAGLIARI"
"CA165","SPORTING CLUB ACLI"
"CA175","ATL LA GHIANDA SANLURI"
"CA176","ATL VALERIA"
"CA183","ISTITUTO PUXEDDU VILLASOR"
"CA184","IST COMP STATALE SADALI"
"CA186","ATLETICA PABILLONIS"
"CA198","OLYMPIA VILLACIDRO"
"CA199","POL ATLETICA SANTADI"
"CA201","ATL EDOARDO SANNA ELMAS"
"CA202","SARDEGNA KARALIS SPORT"
"CA211","CAGLIARI MARATHON CLUB"
"CA216","ATLETICA PULA"
"CA222","ATLETICA SIURGUS DONIGALA"
"CA223","LAGUNA RUNNING SSD SRL"
"CA224","NUOVA ATLETICA SARDEGNA"
"CA226","ATLETICA FLUMINIMAGGIORE"
"CA227","ASD ATLETICA 4 MORI"
"CA230","VILLACIDRO TRIATHLON"
"CA231","A.S.D. ATLETICA MONTEPONI IGLE"
"CA232","ZITTO E CORRI MASTER TEAM CARB"
"CA234","QUELLI CHE L'ATLETICA..."
"CA235","HYKNUSA RUNNERS"
"CA236","ASD ATL MARACALAGONIS IL SOGNO"
"CA238","A.S.D. ATL MINERARIA CARBONIA"
"CA239","ASD CAGLIARI ATLETICA LEGGERA"
"CA242","BLUE TRIBUNE S.R.L. SOCIETA SP"
"CA243","SARRABUS RUNNERS"
"CA250","MARATHON PORTOSCUSO"
"CA253","ISOLARUN"
"CA254","ATLETICA ESPERINA RAFFAELE PIR"
"CA255","ASD ATLETICA UTA"
"CA259","A.S.D. GIALETO 1909"
"CA260","G. S. RUNNERS CAPOTERRA"
"CA261","ATHLETICS & SPORT EDUCATION -"
"CA263","POLISPORTIVA ASD PHOENIX"
"CA265","ATLETICA ARBUS"
"CA267","ASD ATLETICA SINNAI"
"CA268","ATLETICA ESTERZILI"
"CA269","ASD AMPA TRAINING"
"CA274","ASD NUOVA DOLIA ATLETICA"
"CA276","ASD ATHLETIC CLUB CAGLIARI"
"CA280","SEVENFIT"
"CA286","ASD RUN TO BE WILD"
"CA290","ASD POLISPORTIVA JOANNES B"
"CA293","A.S.D. HYKNUSA RUNNER"
"CB001","CUS MOLISE"
"CB004","LAETINA  CAMPOLIETO"
"CB005","GRUPPO SPORTIVO VIRTUS"
"CB006","POLISPORTIVA MOLISE CAMPOBASSO"
"CB010","TERMOLI ATHLETICS"
"CB019","ATLETICA 88 CAMPOMARINO"
"CB021","SC PROMOSPORT BOJANO"
"CB028","IAROS"
"CB032","PODISTICA  AVIS CAMPOBASSO"
"CB033","ATLETICA LARINO"
"CB034","ATLETICA CAMPOCHIARO"
"CB038","ATLETICA PODISTICA CASTELLINO"
"CB039","RUNNERS TERMOLI"
"CB050","G.S.S. CAMPOMARINO"
"CB051","SCUOLA MEDIA ' F. D'OVIDIO '"
"CB052","A.S.D. IST. COMPR. MONTENERO"
"CB053","IST. COMPR. 'G.A. COLOZZA'"
"CB054","ISTI. COMPR. ' L. MONTINI'"
"CB055","IST. CO. 'L. GIRARDI' PETRELLA"
"CB056","IST. COMPR. SAN MARTINO IN P."
"CB058","ATLETICA VAS VINCHIATURO"
"CB059","EMMEDUE SSD A.R.L."
"CB061","ATHLETIC CLUB TERMOLI ASD"
"CB062","POLISPORTIVA PETRELLA TIFERNIN"
"CB063","ATLETICA BOJANO ASD"
"CB064","LARINO RUN"
"CB065","RICCIA ROAD RUNNERS"
"CB716","AMATORI LIMOSANO"
"CB721","ATLETICA MOLISE AMATORI"
"CB737","GS VV. F. G. CRISOSTOMI"
"CB744","FONDIARIA-SAI ATL. MONTENERO"
"CB746","SPORTING CLUB PETRELLA"
"CE011","A.S.D. ATLETICA CALES"
"CE012","A.S.D. ATL. SCUOLA CASERTA"
"CE021","ASD ROAD RUNNERS MADDALONI"
"CE032","A.S.D.ARCA ATL. SAN MARCELLINO"
"CE033","ASD ARCA ATL.AVERSA A.AVERSANO"
"CE035","ATLETICA AVERSA CENTROSANTULLI"
"CE111","ASD ARCA SPARANISE TRACK&FIELD"
"CE131","ASD CUS CASERTA"
"CE160","ASD ASI POLISPORTIVA BELLONA"
"CE203","A.S.D. ARCA ATL. CAMPANIA"
"CE207","A.S.D. ATL. VILLA LITERNO"
"CE221","ASD CLUB 'VAI!' S. MARIA C.V."
"CE252","A.S.D. ATL. NEW TEAM NO LIMITS"
"CE338","A.S.D. ARCA  ATLETICA ATELLA"
"CE455","A.S.D. PODISTICA NORMANNA"
"CE555","FIAMME TRICOLORI"
"CE616","GIOIATLETICA ASC S. MARCELLINO"
"CE622","A.S.D. ATL. CAPUA"
"CE717","ATLETICA MACASPORT ASD"
"CE720","ACSD FELIX RUNNING"
"CE750","G.S.D. FIAMME ARGENTO"
"CE777","ASD CASALE...SI"
"CE800","A.S.D. MATESE RUNNING"
"CE884","A.S.D. PODISTICA MARCIANISE"
"CE886","ATLETICA MACERATA CAMPANIA"
"CE888","RUNLAB LITERNUM ALBANOVA BRIAN"
"CE902","TIFATA RUNNERS CASERTA"
"CE903","A.S.D. ESERCITO - GARIBALDI"
"CE905","MONDRAGONE IN CORSA"
"CE907","ATLETICA MARCIANISE A.S.D"
"CE909","ATLETICA SAN NICOLA"
"CE910","S.S.D. REGGIA POWER A.R.L."
"CE912","ASD ATLETICA TEVEROLA"
"CE925","FREE RUN ASD"
"CH010","ASD CUS ATLETICA CHIETI"
"CH012","ASD NUOVA ATLETICA LANCIANO"
"CH018","ASD RUNNERS CHIETI"
"CH021","A.S. DILET.LIB.ATLETICA RAPINO"
"CH027","ASD PODISTICA VASTO"
"CH044","ASD US ACLI MARATHON CHIETI"
"CH070","ASD 'LIBERI PODISTI ABRUZZESI'"
"CH131","SOC. ATLETICA ANNEUS  VASTO"
"CH135","ASD PODISTICA SAN SALVO"
"CH136","A.S.D.FALCO AZZURRO-CHIETI"
"CH150","GSD ATLETICA CHIETI"
"CH162","A.S.D. 'THEATE WALK'"
"CH163","ASD GRUPPO PODISTICO IL CRAMPO"
"CH172","POLISPORTIVA TETHYS CHIETI"
"CH173","A.S.D. PIETRO MENNEA ATLETICA"
"CH175","ASD MISTERCAMP CASTELFRENTANO"
"CH176","ATLETICA SOLIDALE"
"CH177","ASD I LUPI D'ABRUZZO"
"CH179","ASD G.P. LA SORGENTE"
"CH180","ASD ORTONA FOR RUNNERS"
"CH182","ASD ATLETICA RUNTIME"
"CH183","A.S.D. UNIONE ATLETICA ABRUZZO"
"CH185","ASD PODISTI FRENTANI"
"CH186","ASD PROGETTO RUNNING"
"CL057","A.S. D. ATLETICA CALTANISSETTA"
"CL058","A.S. DIL. ATLETICA RUNNER"
"CL150","A.S.D. TRACK CLUB MASTER CL"
"CL154","A.S. DIL. ATL.MAZZARINO"
"CL210","A.S.D.TRACK CLUB CALTANISSETTA"
"CL232","A.S.D. CORRI NISCEMI"
"CL523","MEGA HOBBY SPORT"
"CL530","A.S.D. POL. DON MINZONI"
"CL681","A.S. DIL. POL. AMATORI"
"CL690","ASD. POD. ROAD RUNNER GELA"
"CL693","ASD ATLETICA YOUNG RUNNER GELA"
"CL698","NISCEMI RUNNING"
"CL701","A.S.D. ATLETICA GELA"
"CL703","MARATHON CALTANISSETTA"
"CL704","ASD CORRI SERRADIFALCO"
"CL709","ASD COSMOS CALTANISSETTA"
"CN001","A.S.D. ATL. FOSSANO '75"
"CN002","A.S.D. U.S. SANFRONT ATLETICA"
"CN004","A.S.D.DRAGONERO"
"CN005","ATL. MONDOVI'-ACQUA S.BERNARDO"
"CN006","G.S.D. POD. BUSCHESE"
"CN007","A.S.D.PODISTICA VALLE VARAITA"
"CN008","A.S.D. ATLETICA ALBA"
"CN009","A.S.D. ATL. MORETTA"
"CN011","ATL. SAVIGLIANO A.S.D."
"CN012","A.S.D.ATLETICA CARMAGNOLA"
"CN013","A.S.D. ATLETICA CUNEO"
"CN014","A.S.D. ATL. AVIS BRA GAS"
"CN016","ATLETICA SALUZZO"
"CN017","G.S.R. FERRERO A.S.D."
"CN018","ASD GRUPPO PODISTI ALBESI"
"CN019","A.S.D. PODISTICA 2000 MARENE"
"CN020","A.S.D. ATLETICA ROATA CHIUSANI"
"CN021","A.S.D PAM MONDOVI-CHIUSA PESIO"
"CN023","ASD MICHELIN SPORT CLUB CUNEO"
"CN024","G.S.D.VALTANARO"
"CN025","A.S.D. BOVES RUN"
"CN026","A.S.D. PODISTICA CARAGLIESE"
"CN027","A.S.D.PODISTICA VILLAFALLETTO"
"CN028","A.S.D.POD. VALLE INFERNOTTO"
"CN031","A.S.D.IL PODIO"
"CN037","ASD ATLETICA RACCONIGI"
"CN039","ASD ATL SPRINT LIBERTAS MOROZZ"
"CN040","TRIANGOLO SPORT LANGHE MONFERR"
"CN042","ASD SCUOLA DEL CAMMINO FITWALK"
"CN043","C.B.SPORT-PODISTICA CARAMAGNA"
"CN044","PODISTICA VALLE GRANA ASSOCIAZ"
"CN046","ASD ROERO RUNNERS"
"CN047","ATLETICA POCAPAGLIA"
"CN048","ASD PODISTICA CASTAGNITESE"
"CN050","PODISTICA VALVERMENAGNA BUZZI"
"CN052","SPORTIFICATION"
"CN053","A.S.D.RIGAUDO I LOVE SPORT"
"CN054","CLUB 800 ASD"
"CN055","ASD DYNAMIC CENTER VALLE BELBO"
"CN060","A.S.D. VILLAR"
"CO010","TEAM ALTO LAMBRO"
"CO011","MERATE ATLETICA PROMOLINE"
"CO012","U.S. SAN MAURIZIO"
"CO013","GINNASTICA COMENSE 1872"
"CO014","ATL. MARIANO COMENSE"
"CO015","A.S.D. U.P. MISSAGLIA"
"CO016","U.S. OLTRONESE"
"CO017","ATL. TRIANGOLO LARIANO"
"CO018","TOMMY SPORT- LA VALLE DEL LURA"
"CO019","POL. PAGNONA"
"CO021","POL. MANDELLO"
"CO023","ATL. ROVELLASCA"
"CO024","ASD SWATT CLUB"
"CO025","ATL. BRIANZA"
"CO030","PRO QUINTO"
"CO034","POL. BELLANO GALPERTI GROUP"
"CO035","C.S. CORTENOVA"
"CO037","POLISPORTIVA COLVERDE"
"CO038","AMATORI LECCO"
"CO039","POL. LIB. CERNUSCHESE"
"CO040","G.S. ROVELLO PORRO"
"CO044","PGS RUNNING FENEGRO'"
"CO056","G.S. BERNATESE"
"CO096","A.S.D. BREVA RUNNING"
"CO109","SPARTACUS EVENTS SSD A R.L."
"CO122","ATL. LAGO DEL SEGRINO"
"CO167","O.S.A. ORG.SPORTIVA ALPINISTI"
"CO169","CANTU`ATLETICA"
"CO205","PREMANA"
"CO206","ATL. LOMAZZO"
"CO208","ATL. LECCO-COLOMBO COSTRUZ."
"CO216","G.S.A. CORNO MARCO ITALIA"
"CO249","ATL. CENTRO LARIO"
"CO261","FALCHI-LECCO"
"CO262","ATHLETIC TEAM LARIO"
"CO280","A.L.S. CREMELLA"
"CO286","ATL. O.S.G. GUANZATE"
"CO294","G.S. VIRTUS CALCO"
"CO302","G.S. A.CONSOLINI CERMENATE"
"CO348","ATL. COMO"
"CO361","U.S. NOVA LIB. COMO"
"CO375","ATL. FRI.MA.S."
"CO383","C.A. LIZZOLI"
"CO428","S.COOP ARL SD GS VILLA GUARDIA"
"CO443","A.S. CANTURINA POL. S.MARCO"
"CO444","G.S. AVIS OGGIONO"
"CO445","ATL. CASSAGO"
"CO487","ASD ATLETICA 87"
"CO527","ATLETICA 42195 'BLU FRIDA'"
"CO546","UNIONE SPORTIVA ALBATESE ASD"
"CO548","S.E.V. VALMADRERA"
"CO560","POL. PORLEZZESE"
"CO561","A.S. COMETA"
"CO597","RUNNERS COLICO"
"CO682","A.S.D.ARIES COMO ATHLETIC TEAM"
"CO683","POLISPORTIVA INTERCOMUNALE"
"CO690","G.S.A. COMETA"
"CO703","3 LIFE"
"CO711","TEAM OTC COMO"
"CO723","G.S.S. CAVALLASCA"
"CO744","A.G. COMENSE S.S.D. A R.L."
"CO780","SOCIETA ESCURSIONISTI CIVATES"
"CO790","TEAM PASTURO ASD"
"CO804","ATLETICA ALTO LARIO"
"CO808","SPARTACUS TRIATHLONLECCO A R.L"
"CO824","UNIONE SPORTIVA DERVIESE A.S.D"
"CO825","MANERANNERS"
"CO828","TEAM OTC SSD ARL"
"CO872","A TEAM TRIATHLON ASD"
"CO899","CAB SPORT"
"CO907","ASD ATLETICA PIDAGGIA 1528"
"CO912","MULTISPORT CANTU' 2012"
"CO915","ASD AVIS OGGIONO"
"CO920","LIETO COLLE ASD"
"CO942","AG MEDIA SPORT ASD"
"CO960","MISSULTEAM COMO ASD"
"CO976","A.S.D. ATLETICA ANDROMEDA"
"CO979","ASD PRO-SPORT RUNNING ACADEMY"
"CO993","WOMEN IN RUN LECCO ASD"
"CO996","ASD BTF92 ATLETICA"
"CR041","CREMONA SPORTIVA ATL. ARVEDI"
"CR092","A.SCOLASTICA SPORT. DIOTTI"
"CR150","ASD INTERFLUMINA E' PIU' POMI'"
"CR151","ATL. VIRTUS CREMA"
"CR152","ATL. CASTELLEONE"
"CR153","SOCIETA' ATL. CREMONESE"
"CR209","POL. SPINESE ATL."
"CR340","G.T.A. CREMA"
"CR418","CREMONA RUNNERS CLUB"
"CR554","MARATHON CREMONA"
"CR559","3C (COMP. CREMONESE CORRIDORI)"
"CR603","BIKE & RUN"
"CR730","TRIATHLON DUATHLON CREMONA"
"CR733","TRIATHLON CREMONA STRADIVARI S"
"CR810","ASD NUOVA VIRTUS CREMA"
"CR811","K3 SSD ARL"
"CR833","CAMISANO RUNNING A.S.D."
"CR842","TEAM K2"
"CR862","OMBRIANO RUNNING"
"CR944","CREMONACORRE ASD"
"CR988","U.S.D. SPINESE ORATORIO"
"CS004","ATLETICA COSENZA"
"CS050","POL.ACLI HINTERLAND EUROPEAN"
"CS149","TEAM BASILE"
"CS189","ATL.CASTROVILLARI"
"CS190","ATLETICA MIRTO-CROSIA"
"CS220","AS ATL.TEAM MORERO"
"CS226","MARATHON CS"
"CS281","ATLETICA ACQUAPPESA"
"CS299","G.S. PEGASO COSENZA"
"CS312","ASSOCIAZIONE CENTRO STORICO"
"CS320","POL.ACLI RINASCITA 2000"
"CS337","US SCALEA 1912 POL.DIL.SPA A.L"
"CS338","ENERGY CLUB"
"CS339","TEAM 'MARIO CARBONE' CS"
"CS341","UNIVERSAL ATHLETIC"
"CS344","NUOVA ATLETICA VIRTUS CELICO"
"CS350","ARCOBALENO CASTROVILLARI"
"CS352","SMS ATLETICA MENDICINO"
"CS354","NUOVA ARTEMIDE"
"CS355","TODARO RENDE"
"CS356","ATLETICA RENDESE"
"CS358","CUS COSENZA"
"CS361","COSENZA K42"
"CS362","ASD NUOVA ATLETICA CALABRIA"
"CS364","ASD TIGER RUNNING CLUB"
"CS380","POL. MAGNA GRAECIA ASD CASSANO"
"CS383","A.S.D. ATLETICA COLIBRI'"
"CS384","POLISPORTIVA PANATHLON"
"CS385","A.S.D. JURE SPORT"
"CS386","ASD CORRICV-GUGLIELMO ATLETICA"
"CS390","ASD DOJO JUDO RUNNING"
"CS406","ASD NEW TEAM"
"CS407","ASD RUNNING SCHOOL CETRARO"
"CS411","ATLETICA ARGENTANUM A.S.D."
"CS416","ASD CALABRIA YOUNG"
"CS417","POLISP. DILETT. PARALLELO 39"
"CS419","KOS RUNNING A.S.D."
"CS422","ATHLOS MIRTO CROSIA"
"CS423","RUNNERS COSENZA"
"CT067","A.S.D. C.U.S. CATANIA"
"CT071","A.S.D. MONTI ROSSI NICOLOSI"
"CT072","A.S. DIL. U.S.MONGIBELLO"
"CT073","A.S.D. POL. LIBERTAS CATANIA"
"CT075","SPORT CLUB CATANIA A.S.D."
"CT077","A.S.D. POL.LIB.MILITELLO"
"CT078","A.S. DIL. CENTRO OLIMPIA CT"
"CT092","A.S.D.  PODISTICA JONIA GIARRE"
"CT101","A.S. DIL. CATANIA 2000"
"CT145","A.S.D. ATL.ACIREALE SPORT CLUB"
"CT166","A.S.D. RUNNER TEAM MASCALUCIA"
"CT203","A.S.D. ATLETICA PEDARA"
"CT210","A.S. DILETT. GENESIS"
"CT211","ATLETICA ACICASTELLO"
"CT213","A.S.D. ATLETICA 2001 S.P. CLAR"
"CT218","AETNA MASCALUCIA A.S.D."
"CT221","SPORT LIFE"
"CT236","A.S. DIL. PUNTESATHLETIC"
"CT237","A.S. DIL. PUNTESE S.G LA PUNTA"
"CT240","A.S.D. U.I.S.P. INVICTA"
"CT246","ASD POL.MARATHON C.BIANCAVILLA"
"CT255","A.S.D. SPRINTEAM"
"CT262","A.S.D. C.A.S. PIETRO CLARENZA"
"CT293","ASD ATHENA CATANIA"
"CT318","FREELANCE ATHLETICS PAESI ETNE"
"CT321","A.S.D. TOP SPORT"
"CT324","A.S.D. GIOADVENTURES G.A.M.E."
"CT327","AETNA SPRINT GIARRE"
"CT361","A.S.D. SCUOLA DI A.L. CATANIA"
"CT389","SPORT ETNA OUTDOOR"
"CT405","ASD FREELANCE AZ"
"CT425","A.S. DIL. LE GAZZELLE"
"CT426","A.S. DIL. ATL.MISTERBIANCO"
"CT427","A.S.D. ATLETICA SANT'ANASTASIA"
"CT431","A.S.D. ATHL. C.FUTURA PATERNO'"
"CT433","ASD ATL.SCORDIA"
"CT448","A.S.D. OLIMPIA BIANCAVILLA"
"CT465","ASD NISSOLINO ATL.MISTERBIANCO"
"CT478","A.S.D. SPORT EXTREME CATANIA"
"CT479","A.S.D. ATL.CALTAGIRONE"
"CT501","A.S.D. UNVS F. FONTANAROSA"
"CT509","A.S.D. MAKE FEEL"
"CT515","A.S. DIL. ATL. LINGUAGLOSSA"
"CT539","A.S.D. POL. TREMESTIERI ETNEO"
"CT550","ASD ATLETICA FORTITUDO CATANIA"
"CT567","A.S.D. POL. FIAMMA S.GREGORIO"
"CT576","ETNA RUNNING ASD"
"CT596","A.S.D. POLISPORTIVA GIUVA TEAM"
"CT598","ASD CATANIA RUNNING CLUB"
"CT657","ASD LE FRECCE DELL'ETNA"
"CT660","ASD RANDABIKE"
"CT675","ASD GOAL AND BRAIN"
"CT684","TRECASTAGNI SPORT START UP"
"CT689","A.S.D. ATLETICA SICILIA"
"CT734","ASD ALTIS ATHLETICS"
"CT737","A.S.D.ATHLETICS & RUN CATANIA"
"CT753","A.S.D. AGATLETICA FORTITUDO CT"
"CT755","LEONARDO DA VINCI 1935"
"CT758","ASD LEONARDO DA VINCI 2019"
"CT761","ASD CORRENDO PER ACI -ACIREALE"
"CT762","ASD SAN PIETRO CLARENZA"
"CT763","ESERCITO 62Â° REGGIMENTO FANTE"
"CT765","ATLETICA VIRTUS ACIREALE"
"CT776","ETNATLETICA SAN PIETRO CLARENZ"
"CT779","ATLETICA MISTERBIANCO SPORT CL"
"CT783","MAGMA TEAM ASD"
"CZ009","LIBERTAS ATL.LAMEZIA"
"CZ010","ASD FIAMMA ATL.CATANZARO"
"CZ012","C.S. GIOVANILE CZ LIDO"
"CZ018","CLUB ATL.FEMM.FIAMMA CZ"
"CZ052","ATLETICA ZARAPOTI"
"CZ187","POL.GINNASTICA PODISTICA CORVO"
"CZ221","HOBBY MARATHON CATANZARO"
"CZ234","VIOLETTACLUB"
"CZ245","ATLETICA AMICA"
"CZ263","ATL.LEGG.CRISAL SOVERATO"
"CZ296","ATL.GIOVANILE FIAMMA GAGLIANO"
"CZ297","N.ATL.FEMM.FIAMMA S.ANTONIO"
"CZ310","ATHLETICLUB RAFFAELE LAMEZIA"
"CZ318","VIGILI DEL FUOCO"
"CZ327","CRISAL SQUILLACE"
"CZ371","SCAL SCUOLA CATANZARESE DI ATL"
"CZ404","ASD NIK RUN FOR NICHOLAS GREEN"
"CZ405","RUN FOR CATANZARO"
"CZ418","ASD POLIPORTO SOVERATO"
"CZ424","ASD FUTURA ATLETICA LAMEZIA"
"CZ426","TEAM ABRUZZESE"
"EN089","ASD ATL. BELLIA P.ZZA ARMERINA"
"EN095","A.S.D. PRO SPORT 85 VALGUARN."
"EN098","A.S.D. LIBERTAS EREA"
"EN383","A.S.D. ATL.AMATORI REGALBUTO"
"EN445","A.S. DIL.  TALIN CLUB NICOSIA"
"EN450","A.POL. D. MARATHON CLUB HAENNA"
"EN508","ASD CITTA' DI BARRAFRANCA"
"EN509","POL.DILETT. AMATORI ASSORO"
"EN530","ATLETICA ENNA"
"EN532","A.S.D. BARRAFRANCA RUNNING"
"EN538","ATLETICA LEONIAS"
"FC038","EDERA ATL. FORLI"
"FC049","ATL. ENDAS  CESENA"
"FC100","G.P. ENDAS CESENA"
"FC103","S.P. SEVEN"
"FC185","ASD ATL. CESENATICO"
"FC218","POD. CAVA VETRERIA BONDI"
"FC338","POL.ATL. ENDAS CESENATICO"
"FC353","ROMAGNA RUNNING 1994"
"FC355","G.P. AVIS FORLI"
"FC417","ASD POL. SIDERMEC - VITALI"
"FC530","EASY RUNNER ASD"
"FC542","LIBERTAS ATLETICA FORLI'"
"FC543","ASD MARATONA ALZHEIMER"
"FC547","AMICI DELLA FATICA CESENA"
"FC550","CORRI FORREST ASSOCIAZIONE SPO"
"FC557","PODISTICA SAMMAURESE"
"FC560","IMPOSSIBLE226 TRIATHLON FORLI"
"FC584","CESENA TRIATHLON ASD"
"FC599","ASD BERUNNERS"
"FC625","TEAM SEMPREDICORSA ASD"
"FE025","ATL. BONDENO"
"FE026","C.U.S. FERRARA A.S.D."
"FE028","CENTRO ATLETICA COPPARO"
"FE031","A.S. VIRTUS CENTO"
"FE342","ATLETICA CORRIFERRARA"
"FE372","UNIONE ATL. DELL'EMILIA R."
"FE378","ATLETICA ESTENSE"
"FE448","ATLETICA FERRARA"
"FE492","ASD ATLETICA AMICA COPPARO"
"FE513","RUNNING CLUB COMACCHIO"
"FE537","POLISPORTIVA CENTESE ASD"
"FE548","POL. QUADRILATERO"
"FE596","A.S.D. ATLETICA COPPARO"
"FG202","U.S. FOGGIA ATL. LEGGERA"
"FG210","ASD US FOGGIA SCUOLA NAZ. ASTA"
"FG212","ATLETICA MURIALDO"
"FG254","LIB.ATL.S.GIOVANNI ROTONDO"
"FG256","A.L. BOVIO"
"FG257","G.S. ATL. SAN FERDINANDO"
"FG264","A.S. CULTURALE POD. S. STEFANO"
"FG265","A.DOPOLAVORO FERROVIARIO FG"
"FG268","GS ATL. STRACAGNANO"
"FG269","ASS.GARGANO 2000 ONLUS MANFRE"
"FG271","CUS FOGGIA"
"FG272","GLOBE RUNNERS FOGGIA"
"FG273","POD. LUCERA"
"FG276","A.S.D. ATL. PADRE PIO S.G.R."
"FG277","PODISTICA SANNICANDRO"
"FG278","A.S. PEGASO"
"FG279","M.I.S.I. FOGGIA"
"FG280","I PODISTI DI CAPITANATA"
"FG281","A.S.D. RUN & FUN SAN SEVERO"
"FG282","A.S.D. ATLETICA SAN SEVERO"
"FG283","ATL. SAN NICANDRO GARGANICO"
"FG284","MARGHERITA DI SAVOIA RUNNERS"
"FG285","ATLETICA TRINITAPOLI"
"FG287","AL BOVIO FOGGIA"
"FG288","ATLETICA DAUNIA FOGGIA"
"FG289","VIESTE RUNNERS"
"FG291","ASD RUNNING CLUB TORREMAGGIORE"
"FG292","GR. POD. MONTE SANT'ANGELO"
"FG293","ASD VELOCLUB CARPINO RUNNERS"
"FG294","A.S.D. FOGGIA RUNNING"
"FG295","ASD MANFREDONIA CORRE"
"FG296","ASD ATLETICA STUDENTESCA"
"FG298","APRICENA IN CORSA"
"FG299","A.S.D. DAUNIA RUNNING"
"FG800","ASD GYMNASIUM 2010 ISCHITELLA"
"FG801","PODISTICA VICO DEL GARGANO"
"FG803","A.S.D. RUNNING ACADEMY LUCERA"
"FG804","RUNNERS CERIGNOLA A.S.D."
"FG806","I SARACENI DI LUCERA"
"FG808","A.S.D. TRIDENTE"
"FG811","A.S.D. ATLETICA APRICENA"
"FG812","A.S.D. APRICENA RUNNERS"
"FG813","ASD POLISPORTIVA EPPE MERLA"
"FG816","ASD BEVILACQUA OLYMPICS 7HT"
"FG819","ASD  POL. FOGGIA U. GIORDANO"
"FG821","US ATLETICA S GIOVANNI ROTONDO"
"FI001","ASSI GIGLIO ROSSO FIRENZE"
"FI002","ATLETICA FIRENZE MARATHON S.S."
"FI003","G.S. LE PANCHE CASTELQUARTO"
"FI004","G.S.IL FIORINO"
"FI005","ATL.SESTESE"
"FI006","GS ATL. SIGNA"
"FI007","TOSCANA ATL.EMPOLI NISSAN"
"FI009","PROSPORT ATL. FIRENZE"
"FI011","A.S.N.ATLETICA LASTRA"
"FI013","ATL. SESTESE FEMMINILE"
"FI015","A.S.A. FIRENZE"
"FI018","TOSCANA ATLETICA"
"FI020","ATLETICA FIRENZE"
"FI021","ATL. CASTELLO"
"FI023","ATL. FUCECCHIO"
"FI025","ATLETICA CALENZANO"
"FI026","UISP PROSPORT SCANDICCI"
"FI027","ATL.LEG.IMPRUNETA E FIRENZE"
"FI029","ATLETICA CAMPI BISENZIO"
"FI031","G.S. PIEVE A RIPOLI"
"FI040","ATLETICA FIORENTINA"
"FI096","G.S. MAIANO"
"FI177","A.S. ATL. VINCI"
"FI239","PODISTICA EMPOLESE 1986 ASD"
"FI365","TEAM ALLIEVE 2006"
"FI384","ATLETICA FUTURA A.S.D."
"FI393","A.S.D. ATL. MARCIATORI MUGELLO"
"FI395","POL. DIL. OMEGA.COM"
"FI407","POLISPORTIVA I'GIGLIO"
"FI409","PALESTRA EQUINOX SRL"
"FI411","ACSI SPORT TOSCANA SSDRL"
"FI420","A.S.D. RUNNERS BARBERINO"
"FI428","A.S.D. MARATONA MUGELLO"
"FI434","ATHLETIC CLUB FIORENTINA CASTE"
"FI441","GRUPPO PODISTI RESCO 1909"
"FI443","NRT FIRENZE ASD"
"FI447","IL PONTE SCANDICCI ASD"
"FI448","CLUB AUSONIA ASD"
"FI450","UNIONE SPORTIVA NAVE ASD"
"FI451","LUIVAN SETTIGNANO"
"FI455","MONTESPORT MONTESPERTOLI A.S.D"
"FI457","CLUB SPORTIVO FIRENZE 1870 P.D"
"FI476","ATTRAVERSO RUNNING ASD"
"FI488","POLISPORTIVA ELLERA ASD"
"FI501","LA FONTANINA ASD"
"FI503","FIRENZE SOCIAL RUNNER ASD"
"FM002","ATL. SANGIORGESE R.ROCCHETTI"
"FM003","SPORT ATL. FERMO"
"FM008","ATL. ELPIDIENSE AVIS AIDO"
"FM011","A. ATL. PORTO S. ELPIDIO"
"FM017","ATL. MONTEGRANARO"
"FM018","A.POD. AVIS MOB. LATTANZI"
"FM020","A.POD. VALTENNA"
"FM023","POD. MORETTI CORVA"
"FM027","ASS. POD. CASETTE D'ETE"
"FM039","ATL. MONTURANESE"
"FM050","TEAM ATLETICA MARCHE"
"FM054","ASD PODISTICA  MONTEGRANARO"
"FM055","TEAM ATLETICA PORTO S. ELPIDIO"
"FM057","POLISPORTIVA SERVIGLIANO ASD"
"FM058","ASD PORTO SAN GIORGIO RUNNERS"
"FR210","POL. CIOCIARA ANTONIO FAVA"
"FR212","ATLETICA COSTUME E SOCIETA'"
"FR214","POL. ATLETICA CEPRANO"
"FR215","ATLETICA SMILE"
"FR216","A.S.D. FROSINONE SPORT"
"FR219","ASD RUNNERS ELITE CECCANO"
"FR221","A.S.D. JANULA SPORT"
"FR222","ATLETICA CECCANO"
"FR223","ASD ATL.CITTA' DEI PAPI ANAGNI"
"FR225","ATLETICA ARCE"
"FR226","ASD ENDURANCE TRAINING"
"FR228","ATLETICA EIDOS"
"FR229","A.S.D. FENICE SPORT"
"FR230","SORA RUNNERS CLUB"
"FR231","A.S.D. POL. STUD. PONTECORVO"
"FR232","ATL. TRAINING"
"FR237","ATL. AMATORI FIAT CASSINO"
"FR238","PODISTICA DEI FIORI"
"FR239","RUNNERS CLUB ANAGNI"
"FR241","APROCIS RUNNERS TEAM"
"FR244","ATL. FROSINONE"
"FR245","POD. AMATORI MOROLO"
"FR252","ASD ATLETICA FERENTINO"
"FR256","CUS CASSINO"
"FR270","A.S.D. LIRI RUNNERS"
"FR280","ATLETICA CASSINO"
"FR290","IL CORRIDORE RUNNING CLUB ASD"
"FR294","A.S.D. ATLETICA SORA"
"FR418","ARPINO RUNNING ASD"
"FR420","TEAM FRACTIVE FONTANA LIRI ASD"
"FR421","ASD CASTRO RUNNING AVIS TEAM"
"FR523","POD. ORO FANTASY"
"GE001","A.A.A. GENOVA"
"GE002","A.S.D.  C.U.S. GENOVA"
"GE003","S.S. TRIONFO LIGURE"
"GE005","S. ATL. GENOA 'ATLETICA'"
"GE007","POL. ARENZANO SEZ. ATLETICA"
"GE008","C.F.F.S.D. COGOLETO ATLETICA"
"GE009","ASD ZENA RUNNERS"
"GE010","ATHLE TEAM GENOVA ASD"
"GE012","ATLETICA LEVANTE"
"GE016","ATL. UNIVERSALE  DON BOSCO"
"GE017","GRUPPO CITTA' DI GENOVA"
"GE018","CROCERA STADIUM S.S.D.R.L."
"GE020","EMOZIONI SPORT TEAM A.S.D."
"GE021","RENSEN SPORT TEAM ASD"
"GE024","SISPORT SSD ARL"
"GE036","PRO RECCO TRIATHLON ASD"
"GE042","TEAM 42195"
"GE050","USD CALVARESE ATLETICA"
"GE055","MARATONETI GENOVESI"
"GE070","G.S. GAIAZZA ASD"
"GE076","G.S. CHIABRERA"
"GE100","ASD GRUPPO CITTA DI GENOVA"
"GE102","A.D. POLISPORTIVA PONTECARREGA"
"GE111","CAMBIASO RISSO RUNNING TEAM GE"
"GE120","A.S.D.4JUMPS"
"GE133","ATLETICA DUE PERLE"
"GE135","ATLETICA FRECCE ZENA"
"GE140","DELTA SPEDIZIONI"
"GE150","ASD ATLETICA GENOVA VALBISAGNO"
"GE400","A.S.D. STRONG RUNNER TEAM"
"GE456","ASD PODISTICA PERALTO GENOVA"
"GE556","G.A.U. GIOVANI AMICI UNITI"
"GE572","G.S. COMUNALE S. OLCESE"
"GE577","CIRCOLO PORTUALE LUIGI RUM"
"GE578","PODISTICA VALPOLCEVERA"
"GE584","MARATONETI DEL TIGULLIO"
"GE777","SPORTINSIEME BOLZANETO"
"GE832","RUNNING TWEET TEAM"
"GE900","ASD LA GIOSTRA DELLA FANTASIA"
"GE933","ATLETICA VALLE SCRIVIA"
"GO047","ATLETICA MONFALCONE"
"GO050","ATLETICA GORIZIA"
"GO056","TORRIANA CA. RI. FVG"
"GO085","UNIONE GINNASTICA GORIZIANA"
"GO086","SPORT ACADEMY"
"GO502","GRUPPO MARCIATORI GORIZIA"
"GO503","RUNNING CLUB 2 MONFALCONE"
"GO507","GRUPPO MARCIATORI TEENAGER"
"GO511","INTREPIDA MARIANO"
"GO512","A.S.D. BIKE&RUN GORIZIA"
"GO513","GO TRI TEAM A.S.D."
"GR028","COOP SPORTIVA DIL. YMCA"
"GR065","ATLETICA GROSSETO BANCA TEMA"
"GR142","ATL. CASTIGLIONESE"
"GR342","ATL.FOLLONICA"
"GR386","CENTRO MILITARE VETERINARIO"
"GR432","ASD TRACK & FIELD MASTER GROSS"
"GR454","TEAM MARATHON BIKE"
"IM010","A.S.D. ATLETICA SANREMO"
"IM012","ASD ATLETICA VENTIMIGLIA"
"IM020","VENTIMIGLIA MARATHON"
"IM029","ASD MAURINA OLIO CARLI"
"IM030","ATLETICA FOCE SANREMO"
"IM034","ASS. PRO SAN PIETRO SANREMO"
"IM035","ASD ATLETICA VALLECROSIA"
"IM038","A.S. ATLETICA 2000 BORDIGHERA"
"IM042","SANTO STEFANO ATLETICA PLANUM"
"IM050","NATURUN TEAM VALLE ARGENTINA"
"IM065","NUOVA ATLETICA 92"
"IM080","GOLFO DIANESE ULTRA RUNNERS"
"IM106","RIVIERA TRIATHLON 1992"
"IM333","MARATHON CLUB IMPERIA"
"IM334","CERIANESE"
"IM580","UNIONE SPORTIVA CARAMAGNA"
"IM849","SANREMO RUNNERS"
"IS010","ATLETICA ISERNIA"
"IS011","ATLETICA VENAFRO"
"IS013","ATLETICA AGNONE"
"IS016","VENAFRO SPORT TEAM"
"IS017","A.L.I. SCUOLA PROVINCIALE"
"IS018","RUNNING PENTRIA"
"IS019","VV MANAGEMENT ASD"
"IS020","FREE RUNNERS ISERNIA"
"IS021","ATHLETIC DREAM VENAFRO"
"IS729","NUOVA ATLETICA ISERNIA"
"KR246","ATL.LEGG. 'IL GABBIANO'"
"KR370","ATLETICA LEGGERA LIKINOSKROTON"
"KR374","SCUOLA ATLETICA KROTONIATE"
"KR387","A. S. D. MILONRUNNERS CROTONE"
"KR389","CIRO' MARINA CHE CORRE"
"LE302","A.S.D. GRECIA SALENTINA"
"LE303","CLUB CORRERE GALATINA"
"LE304","SARACENATLETICA"
"LE305","AMATORI LECCE"
"LE307","S.S. A.V.I.S.  SPORT NOVOLI"
"LE318","A.S. PODISTICA PARABITA"
"LE320","C.A.SPORTLEADER CORRERE E' VIT"
"LE322","A.S. MARATHON CLUB LECCE"
"LE326","C.U.S. LECCE"
"LE345","A.S. ATLETICA GALLIPOLI"
"LE346","GR. POD.  A 13 ALBA TAURISANO"
"LE349","ATL. AMATORI CORIGLIANO"
"LE383","ATLETICA CAPO DI LEUCA"
"LE389","AS RUNNING CLUB"
"LE391","PODISTICA TREPUZZI"
"LE394","A.S.D. SALENTO ATLETICA MATINO"
"LE397","ATLETICA TOP RUNNERS LECCE"
"LE399","A.S. ATLET. TAVIANO 97 ONLUS"
"LE600","G.POD. DUEMILA RUFFANO"
"LE601","A.S. ACTION RUNNING MONTERONI"
"LE602","A.S. ATLETICA TRICASE"
"LE604","ATLETICA SURBO"
"LE605","ABACUS VILLA BALDASSARRI"
"LE607","A.S. PODISTICA TUGLIE"
"LE610","PODISTICA  COPERTINO"
"LE614","ATLETICA SALENTO ARADEO"
"LE615","A.S.D. PODISTICA SOLETUM"
"LE617","POLISPORTIVA BPP"
"LE618","A.S.D. ORIENT'ATLETICA TRICASE"
"LE619","A. POL. DIL. AMICI GIALLOROSSI"
"LE620","A.S.D. TRE CASALI"
"LE621","A.S.D. P.U.C. SALENTO"
"LE623","SPORT RUNNING PORTOSELVAGGIO"
"LE624","SALENTO FREE RUNNERS"
"LE625","AMATORI CASTRIGNANO DE' GRECI"
"LE626","SILVANO ABBA'"
"LE627","ATLETICA LECCE PINO FELICE ASD"
"LE629","OTRANTO 800"
"LE631","PODISTICA MAGLIESE"
"LE632","SALENTO IS RUNNING"
"LE633","SALENTO IN CORSA VEGLIE"
"LE635","A.S.D. ATLETICA GALLIPOLI"
"LE636","GPDM LECCE"
"LE637","ASD N.E.S.T."
"LE640","ASD SALENTINATLETICA"
"LE641","TREPUZZI RUNNING A.S.D."
"LE642","NUOVA ATLETICA COPERTINO"
"LE643","LA MANDRA CALIMERA"
"LE644","ASD ATLETICA LEVERANO"
"LE645","GALATLETICA DREAM TEAM"
"LE646","A.S.D. CURSORES"
"LE651","THE PRISON ASD"
"LE652","A.L.I. DEL SALENTO ASD"
"LE653","A.S.D PODISTICA MONTERONI"
"LE654","ASD PODISTI CAMPI"
"LE656","ASD ATLETICA MESSAPICA"
"LE658","A.P.S. DUE MONDI"
"LE659","MILITARY TRAINING ACADEMY"
"LE660","ASD RUNNING CORSANO"
"LE661","BUTTAZZO RUNNERS"
"LE662","ATLETICA SALENTO"
"LE665","ASD ATLETICA RACALE"
"LE666","A.P.D.TEAM SCARCIGLIA"
"LI035","ATL.LIBERTAS UNICUSANO LIVORNO"
"LI036","ATLETICA LIVORNO"
"LI037","G.S.MMACCADEMIA NAVALE LIVORNO"
"LI038","CENTRO ATLETICA PIOMBINO"
"LI041","ATL.UISP AGOSTINI"
"LI042","A.V.I.S. ATL.CECINA"
"LI086","RUNNERS LIVORNO"
"LI127","ASSICURAZIONI GENERALI PROG.SP"
"LI290","G.P.PIOMBINO AVIS"
"LI332","C.G. ATLETICA COSTA ETRUSCA"
"LI335","G.P.ARCOBALENO"
"LI351","LIVORNO TEAM RUNNING"
"LI375","ATL. SOLEDROS"
"LI388","ATLETICAELBA"
"LI402","ASD ATLETICA COSTA ETRUSCA"
"LI416","SEMPREDICORSA ASD"
"LI426","A.S.D. CENTRO SPORT"
"LI436","ATLETICA RIVELLINO PIOMBINO"
"LI471","UPPERCUT ASD CECINA"
"LI474","ASD ATLETICA AMARANTO"
"LI475","DNA SSD ARL"
"LI483","A.S.D. AURORA COLLESALVETTI"
"LI502","ASD ATLETICA SOLVAY"
"LT210","NUOVA ATLETICA CISTERNA ASD"
"LT215","ASD GRUPPO ATLETI PONTINI"
"LT220","RUNFOREVER APRILIA"
"LT230","A.S.D. SABAUDIA 2010"
"LT235","ASD ATLETICA ROCCAGORGA"
"LT242","ATLETICA MINTURNO SSD ARL"
"LT243","ASD OLIMPIA TERRACINA"
"LT245","A.S.VE.L."
"LT260","ASD NISSOLINO INTESATLETICA"
"LT263","POL. SAN VALENTINO"
"LT269","LATINA RUNNERS"
"LT270","POLIGOLFO"
"LT273","A.S.D. TEAM UISP LATINA"
"LT274","ATLETICA HERMADA"
"LT275","NISSOLINO INTESATLETICA LATINA"
"LT280","ATL. ASI SUD LAZIO"
"LT282","ACS ATL. POLIEDRO FORMIA"
"LT288","NUOVA PODISTICA LATINA"
"LT290","ATLETICA LEPINA"
"LT294","A.S. NUOVA ATL. FORMIA"
"LT298","ATL. PRIVERNO"
"LT300","NUOVA ATL. STUDENTESCA SEZZE"
"LT301","A.S.D. CENTRO FITNESS MONTELLO"
"LT302","SSD FORMIA ATL. LEGGERA A R.L."
"LT305","A.S.D. PODISTICA APRILIA"
"LT310","A.S.D. ATLETICA SABAUDIA"
"LT312","RUNNING CLUB LATINA"
"LT313","ATLETICA FORMIA A.S.D."
"LT330","POLISPORTIVA GAETA 1931 A.S.D."
"LT350","GRUPPO SPORTIVO ITALIANO"
"LT368","PODISTICA SABAUDIA"
"LT381","A.S.D. SABAUDIA 2010"
"LT382","A.S.D SABAUDIA ATHLETIC CLUB"
"LT383","SSD DLT ATHLETIC TEAM ARL"
"LT384","A.S.D. EDDI'"
"LT386","ASD ATL. GIOVANILE SERMONETA"
"LT389","A.S.D. POLISPORTIVA GAETA"
"LU100","A.S. ATLETICA VIRTUS LUCCA"
"LU101","ATL. MASSAROSA AMICI D.MARCIA"
"LU102","A.S.D.CENTRO GIOVANI CALCIATOR"
"LU103","G.S. ORECCHIELLA GARFAGNANA"
"LU104","ATL.PIETRASANTA VERSILIA"
"LU106","A. ATL. CAMAIORE"
"LU109","C.A. VERSILIA"
"LU110","A.S.ATL.PARIGI CAMIGLIANO"
"LU164","G.S. LAMMARI"
"LU229","GRUPPO MARCIATORI BARGA"
"LU351","G.P. PARCO ALPI APUANE"
"LU374","VERSILIA SPORT"
"LU387","ASD LUCCA MARATHON"
"LU414","A.S.D. MARCIATORI ANTRACCOLI"
"LU456","POLISPORTIVA QUERCETA"
"LU460","A. PIETRASANTA VERSILIA GIOVAN"
"LU490","ASD PEGASO"
"LU499","ASD GRUPPO SPORTIVO LUCCHESE"
"LU512","ASD VIAREGGIO RUN"
"LU522","ASD ATLETICA TDL"
"MC001","C.U.S. CAMERINO"
"MC002","ATL. TOLENTINO"
"MC004","ATL. AVIS MACERATA"
"MC007","GROTTINI TEAM RECANATI ASD"
"MC008","S.E.F. MACERATA"
"MC009","ATL. MONTECASSIANO"
"MC010","SACEN CORRIDONIA"
"MC011","ATLETICA CIVITANOVA"
"MC012","CIVITANOVA TRACK CLUB"
"MC015","ASD.ATL.AMATORI SANGIUSTESE"
"MC018","POL ACLI MACERATA"
"MC025","ATL. POTENZA PICENA"
"MC028","A.ATL. TRODICA"
"MC032","A.S.D. APOS CORRIDONIA"
"MC034","GROTTINI TEAM"
"MC035","ASD. ATLETICA CINGOLI"
"MC036","ATLETICA SAN SEVERINO"
"MC037","G.P. AVIS CASTELRAIMONDO"
"MC038","ATLETICA AVIS SARNANO"
"MC039","ATHLETIC TEAM CIVITANOVA MARCH"
"MC040","A.S.D. SAN SEVERINO MARCHE"
"MC041","POLISPORTIVA MONTECASSIANO ASD"
"MC042","A.S.D. ATLETICA AMA CIVITANOVA"
"MC044","NUOVA ATLETICA SANGIUSTESE"
"MC045","ASD BIKE TEAM MONTI AZZURRI"
"MC046","ATL.LEG.E TRIATHLON TRACKCLUB"
"MC047","A.S.D. CRAZY SPORT"
"MC048","TIMBERWOLF CINGOLI A.S.D."
"MC050","A.S.D. ELLEMME ATHLETIC TEAM"
"MC051","CUS MACERATA"
"MC052","A.S.D.BIKE ZONE"
"MC053","ATL.M.S.GIUSTO CITTA' DEL SORR"
"ME095","ASD ATL.PUGLISI PROF.GIUSEPPE"
"ME097","A.S.D. POL MOVIM. NON VIOLENTO"
"ME098","A.S.D. C.U.S. MESSINA"
"ME099","A.S. DIL. POL.MESSINA"
"ME100","A.S. DILETT. G.S.INDOMITA"
"ME101","ASS. SPORT. DIL. U.S. PELORO"
"ME102","A.S. DILETT. ATL.VILLAFRANCA"
"ME103","U.S. DIL. TYNDARIS PATTESE"
"ME104","A.S.D. FIAMMA MESSINA"
"ME105","A.S.D. POL. ATL. MESSINA"
"ME107","A.S. DIL. POL.FIAMMA TIRRENICA"
"ME109","A.S.D. POL.FIAMMA ZANCLE"
"ME110","A.S. DIL. TORREBIANCA"
"ME112","ASD DUILIA BARCELLONA P.G."
"ME114","A.S. DIL. MESSINA 2000"
"ME158","A.S. DIL. POL.MILAZZO"
"ME159","A.S. DIL. CLUB ATL.TORRESE"
"ME162","A.S.D. POL. FORTE GONZAGA ME"
"ME201","A.S.D. FOSCOLO BARCELLONA"
"ME268","A.S.D. GSCR SAN PIETRO MILAZZO"
"ME328","ASD G.S. AVIS CASTELL'UMBERTO"
"ME380","A.S.D. POLISPORTIVA GIOIOSA"
"ME391","A.S.D. STILELIBERO"
"ME402","A.S.D. POL.EUROPA MESSINA"
"ME430","POL. MONFORTESE RUNNING"
"ME435","ATLETICA AMASTRATINA"
"ME440","A.S. DIL. 'ATHLON S.GIORGIO'"
"ME468","A.S.D. MARATHON CLUB MESSINA"
"ME471","A.S.D. MARATHON CLUB TAORMINA"
"ME480","A.S.D. PODISTICA PATTESE"
"ME482","A.S.D. ITIS ETTORE MAJORANA"
"ME512","A.S. DIL. FIDIPPIDE MESSINA"
"ME525","ASD MEETING SPORTING CLUB RUNN"
"ME529","A.S.D. TAORMINA ATHLETIC CLUB"
"ME540","A.D. POL ODYSSEUS MESSINA"
"ME591","A.S.D. PODISTICA MESSINA"
"ME604","A.S.D. DREAM ATLETICA MILAZZO"
"ME622","A.S.D. PODISTICA BARCELLONA"
"ME629","A.S.D.PODISTICA CAPO D'ORLANDO"
"ME659","A.S.D. ATLETICA NEBRODI"
"ME720","A.S.D. PERSEUS"
"ME731","SCUOLA DI A.L. NEBRODI"
"ME735","A.S.D.PROFORM ME ROAD RUNNERS"
"ME740","ATLETICA SAVOCA SSD A RL"
"ME741","ASS. ANSPI A.S.D. AMATORI S. A"
"ME742","ASD POL. ALBATROS MESSINA 2.0"
"ME745","ASD  ATL. CITTA' DI MISTRETTA"
"MI008","ACCADEMIA MELEGNANO ATL ASD"
"MI009","ATLETICA CODOGNO ASD"
"MI020","TEAM ONDAVERDE A.S.D."
"MI022","CANOTTIERI MILANO"
"MI028","UNA TRIATHLON TEAM ASD"
"MI032","POL. TEAM BRIANZA LISSONE"
"MI046","ATL. COGLIATE"
"MI048","ATL. CANEGRATE 1964"
"MI052","S.G.M. FORZA E CORAGGIO"
"MI053","U.S. VIRTUS BINASCO ATL."
"MI054","U.S. ATL. VEDANO"
"MI057","ATL. 70 SEREGNO"
"MI060","ATL. LEGNANO"
"MI062","VIRTUS GROANE"
"MI063","ATL. CESANO MADERNO"
"MI064","SPORTIVA METANOPOLI"
"MI065","ATL. CONCOREZZO"
"MI066","SCUOLA SPORTIVA ATL. PUNTO IT"
"MI067","POL. ATL. BOLLATE-NOVATE"
"MI068","ATHLETIC CLUB VILLASANTA"
"MI069","ATL. CERNUSCO"
"MI070","A.S. ATL. MELEGNANO"
"MI071","B.  R.C. CASTIGLIONE D'ADDA"
"MI072","MEETFIT"
"MI074","ATL. U.S. NERVIANESE 1919"
"MI075","ATLETICA CINISELLO"
"MI076","GEAS ATLETICA"
"MI077","CUS PROPATRIA MILANO"
"MI080","ATL. RICCARDI MILANO 1946"
"MI083","ATL. PARABIAGO"
"MI084","ATL. MEDA"
"MI085","GINN.MONZESE FORTI E LIBERI"
"MI086","UNICREDIT CIRC. MILANO APS ASD"
"MI087","5 CERCHI SEREGNO"
"MI088","A.I.C.S. ATL. MILANO"
"MI089","PRO SESTO ATL. CERNUSCO"
"MI091","CENTRO SCHUSTER"
"MI093","SEZ. ATL. ORATORIO CORNAREDO"
"MI094","POL. CARUGATE"
"MI095","DAINI CARATE BRIANZA"
"MI098","POL. BESANESE"
"MI099","G.S. PLEIN AIR INT. GROANE"
"MI101","ATL. BRESSO"
"MI102","P.B.M. BOVISIO MASCIAGO"
"MI104","AICS ATL. BIASSONO"
"MI106","S.S. ATL. DESIO"
"MI116","G.S.A. BRUGHERIO"
"MI157","POL.BIENATE MAGNAGO ATL."
"MI158","ATL. GESSATE"
"MI159","ATL. VANZAGHELLO"
"MI160","S.O.I. INVERUNO"
"MI161","ATLETICA P.A.R. CANEGRATE"
"MI162","ATL. AGRATE"
"MI189","ATL. AMBROSIANA"
"MI204","G.S. SAN DAMIANESE"
"MI210","S.CLUB LIB. SESTO"
"MI211","POL. NOVATE"
"MI212","NUOVA ATLETICA ASTRO"
"MI213","ISOLA MILANO"
"MI214","ATL. VIS NOVA GIUSSANO"
"MI215","U.S. S.VITTORE O. 1906"
"MI218","N.ATL. FANFULLA LODIGIANA"
"MI221","BRACCO ATLETICA"
"MI238","ATL. CASSANO D'ADDA"
"MI241","RUNNING CLUB CESANESE"
"MI242","ALA ATL. ABBIATEGRASSO"
"MI244","U.S. SANGIORGESE"
"MI259","CUS MILANO"
"MI265","ROAD RUNNERS CLUB MILANO"
"MI271","LA MICHETTA"
"MI276","G.P. I GAMBER DE CUNCURESS"
"MI279","ATLETICA ASSAGO"
"MI296","ATL. LAMBRO MILANO"
"MI307","C.B.A. CINISELLO BALSAMO ATL."
"MI308","ATHLETIC TEAM"
"MI309","ATL. BUSCATE"
"MI310","PADANIA SPORT"
"MI311","AZZURRA GARBAGNATE M.SE"
"MI312","ATL. CAMPO GIURIATI"
"MI314","MONTAGNETTA S SKYRUNNER"
"MI322","A.ATL. CASOREZZO"
"MI330","ASPES SSD RL"
"MI334","P.US ACLI GIURIATI P.GARIMOLDI"
"MI335","ATL. MUGGIO`"
"MI352","EUROATLETICA 2002"
"MI354","S.I.S. ATL. 86"
"MI356","ASD ATL. SOVICO"
"MI360","ATL. 99 VITTUONE"
"MI374","U.S. A.CASATI ATL."
"MI376","N. ATL. 87"
"MI380","ATL. CLUB CORNATE D'ADDA"
"MI382","ATL. SPORTCENTRO"
"MI387","C.T.L. 3 ATLETICA"
"MI388","ATL. STRAMILANO"
"MI392","ATL. LIMBIATE"
"MI396","G.S.ATL. INZAGO"
"MI403","MARTESANA CORSE"
"MI404","G.S. ZELOFORAMAGNO"
"MI419","ATL. VIGNATE"
"MI422","UNICREDIT CIRCOLO MILANO"
"MI426","BANCA REGIONALE EUROPEA"
"MI456","ATLETICA MILANESE"
"MI458","G.P. GORGONZOLA 88"
"MI462","A. ATLETI"
"MI469","G.P. CASALESE"
"MI477","FRIESIAN TEAM"
"MI478","ATLETICA INTESA"
"MI481","G.P. VILLASANTESE"
"MI483","G.P. MARCIATORI COGLIATE"
"MI485","MARCIATORI DESIO"
"MI489","ATL. V.C.A. MILANO"
"MI504","A.S.D. MARCIACARATESI"
"MI506","MILANO CITY MARATHON CLUB"
"MI507","ATL. C.R.A. ITALTEL"
"MI513","TTC - TOP TRAINING CLUB"
"MI516","AMICI DELLO SPORT BRIOSCO-MI"
"MI531","POL. NUOVA RONCHESE"
"MI537","IDEASPORT"
"MI541","G.P. CODOGNO 82"
"MI551","ATL. DA PAURA"
"MI552","G.S. MONTESTELLA"
"MI555","G.S. AVIS - SEREGNO"
"MI570","POL. ISTITUTO LEONE XIII"
"MI577","POLISPORT LIMBIATE"
"MI579","U.S. MILANESE"
"MI580","SPORTS CLUB MELEGNANO"
"MI581","SCOLASTICA BRIANTEA"
"MI588","ATL. GISA"
"MI591","NEW EVERGREEN"
"MI592","ALYCE SPORT"
"MI600","SRI CHINMOY MARATHON TEAM"
"MI602","BETTI'S GRUP RUN"
"MI609","ATL. TEATRO ALLA SCALA A.S.D."
"MI618","ABC PROGETTO AZZURRI"
"MI623","RICCARDI CAMELOT YOUNG"
"MI624","ADIDAS  RUNNING TEAM"
"MI638","HAPPY RUNNER CLUB"
"MI642","TEAM TRACK & FIELD CHANNEL TV"
"MI645","RUNNERS DESIO"
"MI646","ASD AMICI DELLO SPORT PODISTIC"
"MI647","GOLDEN SPORT ATLETICA MELZO"
"MI665","QT8-RUN"
"MI666","MARATHON CLUB SEVESO"
"MI670","ASD DK RUNNERS"
"MI674","G.P. QUELLI DELLA VIA BARACCA"
"MI680","ATL STUDENTESCA SAN DONATO ASD"
"MI686","TEAM 3 ESSE"
"MI687","PODISMO MUGGIANO"
"MI695","VERDE PISELLO GROUP MILANO"
"MI698","IDEE IN MOVIMENTO ASSOCIAZIONE"
"MI700","GRUPPO PODISTICO MELZO A.S.D."
"MI704","MONZA MARATHON TEAM - A.S.D."
"MI706","CIRCOLO ATL.GUARDIA DI FINANZA"
"MI710","ASD ATLETICA MONZA"
"MI719","POL. CIRCOLO GIOVANILE BRESSO"
"MI727","CITTA' DI OPERA"
"MI728","KOASS MILANO SSARL"
"MI736","RHO TRIATHLON CLUB"
"MI741","I BOCIA VERANO BRIANZA"
"MI746","ATLETICA ALBIATE"
"MI759","LA FENICE"
"MI764","BOCCONI SPORT TEAM SSD ARL"
"MI770","ATLETICA MENEGHINA"
"MI774","TEAM-A LOMBARDIA"
"MI776","GP CORNO GIOVINE"
"MI781","IN SPORT SRL SSD"
"MI782","ASD TOP RUN"
"MI787","DE RAN CLAB"
"MI798","MILANO ATLETICA"
"MI801","@TLETICA MEDA 014"
"MI807","ATLETICA MELZO"
"MI814","SSD RCS ACTIVE TEAM A R.L."
"MI816","URBAN RUNNERS"
"MI819","ALZAIA NAVIGLIO RUNNERS"
"MI820","RICCARDI ACADEMY ASD"
"MI829","GRUPPO ETHOS RUNNING TEAM"
"MI830","CORRO ERGO SUM RUNNERS"
"MI831","RUNNERS LEGNANO SSD ARL"
"MI835","ALMOSTHERE ASD"
"MI838","ASD CUORE GRINTA PASSIONE"
"MI840","WOMEN IN RUN"
"MI844","ATHLETIC ELITE TRACK AND FIELD"
"MI851","IMPOSSIBLE TARGET"
"MI853","RUNSMILE ASD"
"MI861","POLISPORTIVA LOSA S.S.D.R.L."
"MI867","POLISPORTIVA SANT'ADELE"
"MI870","STAR RUN"
"MI877","ATLETICA SEGRATE"
"MI880","TIME FOR RUN"
"MI881","ASD ORTICA TEAM MILANO"
"MI884","CORRERE OLTRE ASD"
"MI892","TRM TEAM"
"MI895","ASD TAPASCIONE RUNNING TEAM"
"MI903","FORTI E LIBERI MONZA 1878 ASD"
"MI911","BRONTOLO BIKE ASD"
"MI913","NAVIGLIO RUNNING TEAM ASD"
"MI922","ATLETICA DESIO ASD"
"MI934","POL. UNICREDIT"
"MI937","TRACK & FIELD ACADEMY A.S.D."
"MI938","STRAMILANO RUNNING CLUB SSD"
"MI939","RAPTORS MILANO SRL SSD"
"MI940","SSD LEONE XIII SPORT SRL"
"MI945","ATLETICA BIENATE MAGNAGO 1980"
"MI958","TOP TRAINING ASD"
"MI963","OPERA RUNNERS A.S.D."
"MI964","SPORT CLUB 12 SRL SPORTIVA DIL"
"MI968","RUNAWAY MILANO A.S.D."
"MI971","OLIMPIA SPORT ASD"
"MI972","ASD SAN MASSIMILIANO KOLBE"
"MI978","POL. SAN LUIGI CODOGNO ASD"
"MI983","ADDA RUNNING TEAM"
"MI986","ATLETICA PIEVESE ASD"
"MI994","POLISPORTIVA MOVING S.S.D. ARL"
"MI996","A.S.D. NEWERA"
"MI999","MILAN ATHLETIC TEAM A.S.D."
"MN010","SPARTACUS ASD"
"MN013","XC TEAM ASD"
"MN043","ASD LIB. MANTOVA MASCH-FEMM."
"MN084","S.S.D.A.SCHIANTARELLI ASOLA SR"
"MN257","LIB. MANTOVA F.LE"
"MN313","LIBERTAS MANTOVA"
"MN345","G.S. CARLO BUTTARELLI"
"MN389","ATL. VIADANA"
"MN406","ATL. RIGOLETTO"
"MN440","ATL. BANCOLE"
"MN470","G.P. VIRGILIANO"
"MN491","G.P. AVIS POL. MALAVICINA"
"MN493","G.P. AVIS SUZZARA"
"MN631","G.P. ARCI GOODWIN"
"MN641","POLISPORTIVA S.PIO X"
"MN663","CUS ATLETICA MANTOVA"
"MN709","CANOTTIERI MINCIO GRUPPI SPORT"
"MN718","ATLETICA I GONZAGA 2011"
"MN866","GRUPPO SAN PIO X"
"MN936","HIGH FIVE S.S.D. A R.L."
"MO052","ASD LA FRATELLANZA 1874"
"MO054","MOLLIFICIO MODENESE CITTADELLA"
"MO055","CLUB ATL. FEMMINILE CARPI"
"MO056","POLISPORTIVA SPILAMBERTESE"
"MO057","S.G.LA PATRIA 1879 CARPI"
"MO058","POL. OLIMPIA VIGNOLA"
"MO059","ATL. R.C.M. CASINALBO"
"MO060","POL. CASTELFRANCO EMILIA"
"MO066","POL. UNIONE 90"
"MO113","POD. FORMIGINESE"
"MO115","ASD MARATONETI MIRANDOLESI"
"MO119","CIRC.RICREATIVO CITTANOVA"
"MO128","POD. FINALE EMILIA"
"MO201","G.P. LA GUGLIA"
"MO203","ATL. CIBENO"
"MO215","SIRIO ATL. NONANTOLA"
"MO248","POL. MADONNINA"
"MO266","A.S. LA PRIMAVERA ATLETICA"
"MO403","DELTA ATL. SASSUOLO"
"MO409","A.S. ATL. ZOCCA"
"MO419","POL. NONANTOLA"
"MO426","IL CORSO DI CORSA"
"MO435","CASA MODENA ATLETICA"
"MO446","ATL. FRIGNANO - POL. PAVULLESE"
"MO459","ATLETICA MDS PANARIAGROUP ASD"
"MO475","PICO RUNNERS"
"MO497","MODENA ATLETICA  ASD"
"MO538","TEAM MUD & SNOW ASD"
"MO546","ASD 3'.30'' TEAM"
"MO562","G.P. LA GUGLIA SASSUOLO S.S.D."
"MO572","A.S. DILETTANTISTICA SESSANTAL"
"MO578","MODENA RUNNERS CLUB ASD"
"MO580","ATLETICA FRIGNANO PAVULLO ASD"
"MO587","LA BOTTEGA CASINALBO ASD"
"MO590","ASD ESERCITO ACCADEMIAMILITARE"
"MO600","ATLETICA DK ASD"
"MS064","ATLETICA MASSA CARRARA"
"MS088","POL. PONTREMOLESE"
"MS090","JAKY-TECH APUANA"
"MS094","ATL.UISP MARINA DI CARRARA"
"MS319","AMATORI ATLETICA CARRARA"
"MS329","ASC ATLETICA APUANA GIOVANILE"
"MS358","ATLETICA LUNIGIANA"
"MS398","WORLD RUNNING ACADEMY"
"MS399","ATLETICA STRACARRARA"
"MS405","ASD DIV.A"
"MS424","ASD ATLETICA ALTA TOSCANA"
"MS449","ASD A.FA.P.H."
"MS506","ATHLETIC TEAM MASSA CARRARA"
"MS515","ASD LA FENICE"
"MS521","ASD GAS RUNNERS MASSA"
"MS525","ASD G.S. POLIZIA LOCALE MASSA"
"MT012","G.S. DUE SASSI MATERA"
"MT022","G.S. MATERA"
"MT023","POL. ROCCO SCOTELLARO MT"
"MT025","ATLETICA MATERANA MT"
"MT054","ATLETICA AMATORI MT"
"MT073","G.S. ATHLOS MATERA"
"MT074","CLUB BASILICATA MATERA"
"MT087","EUROATLETICA 96 BASILICATA"
"MT088","ECOSPORTMONTE"
"MT093","MARATHON CLUB GRASSANO"
"MT097","WILMA RUDOLPH MT"
"MT115","CIRCOLO TENNIS PISTICCI SEZ. A"
"MT525","ATL. AMATORI IRSINESE"
"MT536","TEAM SPORT MATERA"
"MT544","A.S. POD. AMATORI POLICORO"
"MT546","ATLETICA AMATORI TURSI"
"MT557","A.S.D. PODISTICA FERRANDINA"
"MT564","LUCANI FREE RUNNERS"
"MT567","RUNNING MATERA"
"MT568","ATLETICA GRASSANO"
"MT569","NOVA SIRI MARATHON"
"MT570","BERNALDA RUNNER'S"
"MT572","ASD NEOS MATERA"
"MT573","ASD POLISPORTIVA RE-CYCLING"
"MT574","A.S.D. 'I BITLOSSI-MONTERUN'"
"NA008","ASD MARATHON CLUB FRATTESE"
"NA014","A.S.D. AGG. HINNA"
"NA018","A.S.D. ' LA CORSA'"
"NA019","A.S.D.  ATL. MARANO"
"NA020","A.S.D. PODISTICA CASORIA"
"NA026","A.S.D. ATLETICA CAIVANO"
"NA030","A.S.D. POL. PISCINOLA"
"NA032","ASD NAPOLI SPORT EVENTS"
"NA033","ASD INTERNATIONAL SECURITY S."
"NA036","A.S.D. ATL. OTTAVIANO"
"NA039","HINNA NEAPOLIS"
"NA046","A.S.D. ANTONIANA RUNNERS CLUB"
"NA050","A.S.D. NAPOLI NORD MARATHON"
"NA061","A.S.D. C.U.S. NAPOLI"
"NA062","S.S.D. CENTRO ESTER NAPOLI ARL"
"NA063","A.S.D. ARCHEOATLETICA VESUVIO"
"NA064","A.P.D. AMATORI ATLETICA NAPOLI"
"NA068","A.S.D. HINNA MAC 82 - VV.UU."
"NA069","A.P.D. PARTENOPE ATL. LEGG."
"NA072","A.S.D. CLUB ATL. NAPOLI"
"NA073","ASD CSAL FLORENTIA"
"NA077","A.P.D. GAUDIUM NAPOLI"
"NA078","ASD A.S.A. DETUR NAPOLI"
"NA079","A.S.D.HINNA POL. ANNUNZIATELLA"
"NA080","A.S.D. NAPOLI ROAD RUNNERS"
"NA086","ASD C.R.A.L. NAPOLI"
"NA087","A.P.D. ATL. TORRE DEL GRECO"
"NA102","A.S.D. HINNA ATL. S.ANTIMO"
"NA111","A.S.D. PAENINSULA"
"NA141","A.S. METATLETIC"
"NA143","A.S.D.PODISTICA AZZURRA NAPOLI"
"NA145","PD RAILWAY SPORTS COOP.A R.L."
"NA159","AES ITALIA ATLETICA NAPOLI"
"NA189","ITACA"
"NA206","A.S.D. POD. 'IL LAGHETTO'"
"NA207","A.S.D. VICTORIA"
"NA220","A.S.D. ECLIPSE"
"NA280","A.S.D. MEDITERRANEO  EVENTI"
"NA325","A. P. D.  HIPPOS CAMPI FLEGREI"
"NA333","ATLETICA STUDENTESCA MARANO"
"NA335","GIANO SSD ARL"
"NA370","ASD CSAAS AMAT. ATL. SORRENTO"
"NA371","ASD G.P. SILMA ATL. CRISTOFARO"
"NA375","A.S.D. R.L. PONTICELLI"
"NA399","POLY RUNNING CAPRI ASD"
"NA400","A.S.D. ATLETICA QUALIANO"
"NA512","A.S.D. AMATORI VESUVIO"
"NA513","A.S.D. MARATHON CLUB STABIAE"
"NA529","ASD G.P. BUDOKAN CLUB PORTICI"
"NA531","A.S.D.MARATH.CLUB IS. D'ISCHIA"
"NA541","A.S.D. ATLETICA VIRGILIANO"
"NA554","A.S.D. ERCO SPORT"
"NA555","A.S.D. RUNNING SAVIANO"
"NA556","A.S.D AMATORI ATL.  FRATTESE"
"NA578","NEAPOLIS MARATHON"
"NA641","A.S.D.MOV.SPORT. BARTOLO LONGO"
"NA753","ASD AMATORI MARATHON FRATTESE"
"NA755","ASD ATLETICA FRATTAMINORE"
"NA845","ASD ATLETICA NOLANA"
"NA852","RUN FOR LOVE PROJ.ANNA CERBONE"
"NA853","ATLETICA  CSI CAMPANIA"
"NA854","ASS. SPORTIVA E CULTURALE ORIO"
"NA856","ASD NAPOLI RUNNING"
"NA858","ASD SORRENTO RUNNERS"
"NA860","ASD KINESIS LAB ATHLETICS"
"NA875","ATLETICA HERCULANEUM ASD"
"NA958","A.S.D. ALL STARS NAPOLI"
"NA961","ATLETICA VOMERO SANKAKU"
"NA965","RUNNING CLUB NAPOLI"
"NA966","VIVATLETICA CICCIANO MARATHON"
"NA968","A.S.D. ATLETICA CERCOLA"
"NA971","A.S.D. RUNNERS CALVIZZANO"
"NA974","A.S.D. FINANZA SPORT CAMPANIA"
"NA977","DIETATLETICA BIO-SOFICA"
"NA982","ATLETICA LEGGERA PORTICI"
"NA983","ATLETICA POSILLIPO"
"NA984","OPLONTI-TRECASE RUN"
"NA985","ATLETICA CENTRO SALUS"
"NA986","A.S.D. ENTERPRISE YOUNG"
"NA987","A.P.D. AENEAS RUN"
"NA988","ATLETICA ARENACCIA"
"NA989","BORN TO RUN"
"NA990","A.P.D CENTRO ATLETICA SALUS"
"NA991","ANTARES FREE RUNNER STABIA"
"NA992","CAIVANO RUNNERS"
"NA993","TERRA DELLO SPORT A.S.D."
"NA994","CRAL NAPOLI 2016"
"NA995","ACADEMY MARANO"
"NA997","ASD NEW ATLETICA AFRAGOLA"
"NA998","ASD PODISTICA FRATTESE"
"NN001","ITALIA"
"NO001","SOCIETA' ATLETICA BELLINZAGO"
"NO002","AMATORI MASTERS NOVARA"
"NO003","ATLETICA OVEST TICINO"
"NO004","A.S.D. G.A.O. OLEGGIO"
"NO007","SI-SPORT S.STEFANO BORGOMANERO"
"NO010","ASD ATLETICA TRECATE"
"NO020","TEAM ATLETICO-MERCURIO NOVARA"
"NO023","G.S. CASTELLANIA - GOZZANO"
"NO037","G.S. FULGOR PRATO SESIA"
"NO042","ATLETICA TRINACRIA"
"NO047","ATLETICA I DUE SOLI"
"NO048","ATLETICA GALLIATE"
"NO049","ATLETICA RUB. F.LLI FRATTINI"
"NO051","AMC"
"NO052","A.S.D. CIRCUITO RUNNING"
"NO053","PODISTICA ARONA"
"NO054","ATLETICA PALZOLA"
"NO055","ATLETICA MARATHON BELLINZAGO"
"NO056","A.S.D. ATLETICA IRIS NOVARA"
"NO058","NOVARA CHE CORRE"
"NO059","TRAIL-RUNNING"
"NO062","NEW RUN T."
"NO066","AREA LIBERA COOP SSD"
"NO068","CUSIOCUP"
"NO069","LUCIANI SPORT TEAM"
"NO072","ASD CLUB SUPERMARATHON ITALIA"
"NO073","ASD RUN FAST"
"NO075","ASD TRECATE RUN"
"NU004","ATL ORROLI MARIANO LEONI"
"NU040","AS DELOGU NUORO"
"NU052","CS FIAMMA MACOMER"
"NU053","POL GONONE DORGALI"
"NU074","GS ATLETICA OGLIASTRA"
"NU081","POL ISILI"
"NU101","POL OLIMPIA BOLOTANA"
"NU106","ATLETICA FONNI"
"NU147","ASD ATLETICA AMATORI NUORO"
"NU149","ATLETICA ORANI"
"NU171","AS ATLETICA MACOMER"
"NU189","ATLETICA DESULO"
"NU190","POLISPORTIVA OTTANA"
"NU204","POLISPORTIVA BARONIA"
"NU233","ASD ATLETICA SPORT E' VITA"
"NU251","ATLETICA MONTE SPADA"
"NU264","NUGORO TRACK AND FIELD"
"NU285","MACOMERUNNERS ASD"
"OR008","ATLETICA AIRONE"
"OR011","RIU MANNU GONNOSTRAMATZA"
"OR020","LIBERTAS TERRALBA"
"OR027","ATL LEGG ARBOREA"
"OR030","ASD ATL ORISTANO"
"OR048","GS PIONIERI MARMILLA MOGORO"
"OR119","GS ATL BAULADU"
"OR138","CENTRO POLISPORTIVO SAMUGHEO"
"OR156","AMATORI TERRALBA"
"OR162","ATL MONTE ARCI MARRUBIU"
"OR172","MARATHON CLUB ORISTANO"
"OR178","POL GUILCER TEAM LA CITTA'"
"OR209","POLISPORTIVA RUNNERS ORISTANO"
"OR225","DINAMICA SARDEGNA"
"OR246","ATLETICA SOLARUSSA"
"OR271","ATLETICA URAS ASD"
"PA001","A.S.D. C.U.S. PALERMO"
"PA004","A.S.D. POL. DELTA PALERMO"
"PA006","A.S.D. POL. E. MOSES S.L"
"PA013","A.S.D. POL. ACSI SIRIO 2000"
"PA015","A.S.D. L'ATLETA PALERMO"
"PA018","G.S. DIL. AMATORI PALERMO"
"PA019","A.S.D. POL. PALME"
"PA020","A.S.D. ARCI XIII DICEMBRE"
"PA021","A.S. DIL. POL. ATL. BAGHERIA"
"PA023","A.S. DIL. ATL.MONDELLO"
"PA026","MUIRGHEAL S.S.D. RESP.LIMITATA"
"PA028","A.S. DILETT. POL.REAL FAVORITA"
"PA029","A.S. DILETT. POL.DECATHLON"
"PA030","A.S.DIL. UNIVERSITAS PA"
"PA033","A.S.D. ESSEBIEMME"
"PA040","G.S.D. SICILIA TRIATHLON"
"PA042","A.S.D. G.S. ATL. PARTINICO"
"PA047","A.S.D.GR.ATL.POL.CASTELBUONESE"
"PA048","A.S. DIL. SORRISO"
"PA050","A.S.D.SPORT NUOVI EVENTI SICIL"
"PA054","ASS. POL. DIL. OLYMPIC ROOKIES"
"PA055","A.S. DILETT. TOMASI JUNIOR"
"PA072","G.S. DIL. VERGINE MARIA PA"
"PA160","A.S.DIL. PALERMO H. 13,30"
"PA171","A.S.D. CLUB ATLETICA PARTINICO"
"PA181","A.S. DIL. P.D.G.M. LIBERTAS PA"
"PA184","A.S. DIL. POL. A.P.B. JUNIOR"
"PA277","A.S.D. POL.WINNERS PALERMO"
"PA278","POL. DILETT. ALL STARS"
"PA290","A.S. DIL. MARATHON ALTOFONTE"
"PA291","A.S.D. POL. KALO'S"
"PA313","ASD TEAM ATLETICA PALERMO"
"PA335","A.S.D. POL. EUROPA CAPACI"
"PA351","A.S. DILETT. A.C.S.TOMASI"
"PA354","A.S. DIL. POL. A.P.B."
"PA359","A.S.D. POL S.C.ORION ALTOFONTE"
"PA382","A.S.D. POL.NAUTILUS PORTICELLO"
"PA388","A.S. DIL. POL. V.S. AIRONI"
"PA420","ASD COM.ORG.MARATONA CITTA PA"
"PA438","A.S. DIL. AMATORE DELTA PA"
"PA439","A.S. DIL. POL.EUROPA JUNIOR"
"PA440","A.S.D. POL. EUROPA MONTELEPRE"
"PA448","A.S.DIL. POL.AIRONI YOUNG"
"PA453","ASD MEDIA@"
"PA472","ASD EQUILIBRA RUNNING TEAM PA"
"PA478","POL. DILETT. PALEXTRA"
"PA500","A.S.D. MONTEMAGGIORE"
"PA507","EKOPOLIS APS ASD"
"PA524","A.S.D. SPORTAMATORI PARTINICO"
"PA592","A.S.D. TRINACRIA PALERMO"
"PA597","A.S. DIL. MARATHON CLUB PA"
"PA616","ASD TERMINI MARATHON E BIKE"
"PA650","A.S.D. G.S. PARTINICO RUNNING"
"PA673","A.S.D. MURIALDO CEFALU"
"PA702","ASD ATLETICA TERMINI IMERESE"
"PA724","ASDP SCUOLA DI ATL. MISILMERI"
"PA730","A.S.D. POLISPORTIVA NADIR"
"PA748","ASD INTERFORZE SEZ. GIOVANILE"
"PA749","ASD SICILIA RUNNING TEAM"
"PA751","AMBROSIANA ASCD"
"PA754","ASD POLIZIA DI STATO PALERMO"
"PA756","ASD AGEX"
"PA757","SICILIAN ATHLETIC SPORT RACE"
"PA759","ASD BIKE RUNNING CALTAVUTURO"
"PA764","CONCA D'ORO S.S.D. A R.L."
"PA766","ASD POLISPORTIVA PEGASO ATHLET"
"PA769","ASD SCUOLA ATLETICA BERRADI 09"
"PA772","ASD PALERMO RUNNING"
"PA780","A.S.D. MARATHON MONREALE"
"PA782","GOOD RACE TEAM"
"PA784","PROMOSPORT CAMPOFELICE DI ROCC"
"PA786","ASD FUORI DAGLI SCHEMI"
"PA789","NOW TEAM A.S.D."
"PC084","ATL. PIACENZA"
"PC085","A.S. ATL. FARNESE"
"PC087","LIBERTAS CADEO"
"PC088","POL. AMICIZIA CAORSO"
"PC230","AMATORI ATL. AGAZZANO BALDINI"
"PC385","ASD PLACENTIA"
"PC422","G.S. DILETTANTISTICO ITALPOSE"
"PC450","ASD ATLETICA SAN NAZZARO"
"PC453","FIORENZUOLA ATLETICA ASD"
"PC461","A.S.D. ATLETICA CINQUE CERCHI"
"PC463","HOLIVER ATHLETICS"
"PC474","3MORI RUNNING TEAM"
"PC541","UP & DOWN PIACENZA NATURAL ASD"
"PD131","G.S. FIAMME ORO PADOVA"
"PD133","RUNNERS PADOVA"
"PD134","ATL. FOREDIL MACCHINE PADOVA"
"PD135","ATLETICA LIBERTAS PADOVA"
"PD137","C.A.S.A. ATLETICA"
"PD139","ATL. LIBERTAS SAN MARTINO"
"PD140","ASSINDUSTRIA SPORT"
"PD141","ATLETICA VIS ABANO"
"PD142","ASSINDUSTRIA SPORT ESTE"
"PD143","C.U.S. PADOVA"
"PD145","G.S. DIL.  'AQUILA'"
"PD146","ATLETICA LIB. S.A.N.P."
"PD149","ROAD SALF ALTOPADOVANA"
"PD150","ASD LAVORATORI INTESA SANPAOLO"
"PD151","ATLETICA ATHLON PADOVA"
"PD152","USMA PADOVA ASD"
"PD153","VIRTUS ESTE"
"PD158","SACCENSE 2000"
"PD159","ATLETICO BASTIA"
"PD161","ATLETICA GALLIERA VENETA"
"PD163","ASD LIB. GS ATL. PIOMBINO DESE"
"PD164","GRUPPO PODISTI MONSELICENSI"
"PD165","ATL. ARZERGRANDE"
"PD185","G.S. GIOVANILE FIAMME ORO PD"
"PD191","ATLETICA CITTA' DI PADOVA"
"PD193","G.P. TURRISTI MONTEGROTTO"
"PD194","CORPO LIBERO ATHLETICS TEAM"
"PD196","SPAK4 PADOVA"
"PD197","CORPO LIBERO SSD ARL"
"PD200","LIMENA RUN ASD"
"PD201","MULTISPORT & FUN ASD"
"PD202","BOOMERANG RUNNERS"
"PD203","1TO1 SPORT ASD"
"PD205","PODISTI MASERA' DI PADOVA"
"PD208","A.S.D. POLISPORTIVA BRENTELLA"
"PD210","#FAISENZADIRE ASD"
"PD212","A.S.D. RUN.DAGI"
"PD213","WLF TEAM SPORT ITALIA"
"PD214","ASD NOVA ATHLETICS PADOVA"
"PE001","ASD U.S. ATERNO PESCARA"
"PE002","ASD AICS HADRIA PESCARA"
"PE030","ASD ATL. CIRO QUARANTA PE"
"PE032","ASD 'VINI FANTINI'"
"PE039","ASD G.P. ANGOLANO"
"PE108","A.S.D. ATLETICA 2000 PESCARA"
"PE111","M. C. MANOPPELLO SOGEDA"
"PE155","A.S.D. FILIPPIDE MONTESILVANO"
"PE158","ASD RUNNING FREE PESCARA"
"PE159","A.S.D. PROJECT ULTRAMAN"
"PE166","ASD UISP ABRUZZO-FARNESE VINI"
"PE173","ASD RUNNERS PESCARA"
"PE174","CORRILABRUZZO"
"PE175","PASSOLOGICO"
"PE176","A.S.D. TOCCO RUNNER"
"PE177","THE HURRICANE S.S.D. A R.L."
"PE178","E' FIT MULTISPORT ASD"
"PE180","ASD RUN LIFE"
"PE181","ASD ATLETICA VAL TAVO"
"PE182","A.S.D. PESCARA MARATHON"
"PE183","ASD ATLETICA VAL PESCARA"
"PE186","ASD CANTERA ATLETICA PESCARA"
"PG003","ASSOCIAZIONE SPORTIVA ATHLON"
"PG004","ATL.LIBERTAS A.R.C.S. PERUGIA"
"PG006","PODISTICA LAMA ASS.DIL."
"PG007","ASAL FOLIGNO"
"PG011","MARATHON CLUB CITTA' DI CASTEL"
"PG014","ATL.CAPANNE PRO LOCO ATHL.TEAM"
"PG016","A.S.A.L.B. BASTIA"
"PG017","G.S. UISPORT AVIS TODI"
"PG018","ATL. ARCS CUS PERUGIA"
"PG020","ATL.CSAIN PERUGIA"
"PG021","ATL.LIB. CITTA' DI CASTELLO"
"PG022","G.S.FILIPPIDE"
"PG023","ATL.TARSINA ASS.DIL"
"PG025","ATL.LIBERTAS PERUGIA"
"PG034","2S ATLETICA SPOLETO"
"PG038","ATLETICA AVIS PERUGIA"
"PG039","A.R.U. OLIMPIA SPOLETO"
"PG063","DREAM RUNNERS PERUGIA"
"PG066","TITANS TEAM NOCERA UMBRA"
"PG067","CDP ATLETICA PERUGIA"
"PG068","ATLETICA UMBERTIDE"
"PG070","ATLETICA WINNER FOLIGNO"
"PG074","A.S.D. OLYMPIC RUNNERS LAMA"
"PG075","GUBBIO RUNNERS"
"PG076","TIFERNO RUNNERS"
"PG077","C.D.P. CIRC.DIP.PERUGINA"
"PG079","ATLETICA IL COLLE ASD"
"PG080","NUOVA ATLETICA SPOLETO"
"PG081","TX FITNESS S.S.D. ARL"
"PG083","PODISTICA AVIS DERUTA"
"PG084","ASSISI RUNNERS ASD"
"PG085","ATLETICA PAKMAN A.S.D"
"PG086","ASD ATLETICA TAINO"
"PG087","L'UNATICI ELLERA CORCIANO ASD"
"PG088","ATLETICA AVIS MAGIONE"
"PG089","A.S.D EDUCARE CON IL MOVIMENTO"
"PG091","ASS. SPORT. DILET. TURRIS"
"PG092","A.S.D. APERDIFIATO"
"PG093","ASD PODISTICA LINO SPAGNOLI"
"PG094","ATLETICA OCCHIO AL TESTIMONE"
"PG095","PIETRALUNGA RUNNERS A.S.D."
"PG096","ASS. POD. DIL. PONTE FELCINO"
"PG098","GRIFO RUNNERS PERUGIA ASD"
"PG102","FREE RUNNERS SAN GIUSTINO ASD"
"PG104","POLISPORTIVA THEMA ENERGIA A.D"
"PG105","ASD MOVING TEAM MARSCIANO"
"PG107","ATHLETIC GRIFO A.S.D."
"PG109","ATLETICA PERUGIA TEAM SSD A RL"
"PG111","ASD YEPA TEAM TERNI"
"PG113","MUD&GLORY ACADEMY"
"PG114","GRIFO RUNNERS YOUNG ASD"
"PG115","A.S.D. AT. LIBERTAS MONTEFALCO"
"PG118","ASD COLLECCHIO"
"PG121","ASD REBEL ATHLETIC CLUB"
"PI046","POL.LA PERLA BRACCIO F.BRACCIO"
"PI055","POLISPORTIVA AURORA"
"PI071","CUS PISA"
"PI074","SOC. ATL. VOLTERRA"
"PI078","POL.TIRRENIA"
"PI081","ATLETICA CASCINA"
"PI083","POL CORSO ITALIA PISA"
"PI085","POL. BUTESE CIRC.1 MAGGIO"
"PI108","ASD MARATHON CLUB PISA"
"PI119","A.S.ATL.SPORT CLUB"
"PI144","ASD PONTEDERA ATLETICA"
"PI242","POD.OSPEDALIERI PISA"
"PI253","G. POD. LE SBARRE"
"PI355","LA GALLA A.S.D."
"PI356","POLISPORTIVA SANGIULIANESE"
"PI366","TEAM CELLFOOD"
"PI373","G.P.ATLETICA VALDARNO INFERIOR"
"PI378","PODISTICA CASTELFRANCHESE"
"PI380","PONSACCO ATLETICA"
"PI396","ASD Q.D.D. ATLETICA MONTI PISA"
"PI412","PISA ROAD RUNNERS CLUB"
"PI418","POLISPORTIVA VALDERA"
"PI433","ATLETICA LA ROCCA LUIGI OCONE"
"PI473","ASD SAN GIULIANO SPORT"
"PI510","GS BELLARIA CAPPUCCINI ASD"
"PN002","LIB SANVITESE A.L. O. DURIGON"
"PN005","POLISPORTIVA MONTEREALE"
"PN019","POL. TRIVIUM SPILIMBERGO"
"PN021","ATLETICA PORDENONE"
"PN024","NUOVA POL. DIL.LIBERTAS SACILE"
"PN025","LIBERTAS CASARSA"
"PN028","POL. LIBERTAS PORCIA"
"PN039","ATL BRUGNERA PN FRIULINTAGLI"
"PN049","POLISPORTIVA AZZANESE"
"PN086","EQUIPE ATHLETIC TEAM"
"PN088","ATLETICA DOLOMITI FRIULANE"
"PN089","ATLETICA VIRTUS AZZANO DECIMO"
"PN098","ATLETICA PORTUS NAONIS"
"PN099","POL. LIBERTAS POLCENIGO"
"PN100","POL. LIBERTAS 25 APRILE SACILE"
"PN500","G. P. LIVENZA SACILE"
"PN502","ATLETICA SAN MARTINO"
"PN520","A.S.D.LEONI SAN MARCO STEVENA'"
"PN522","PODISTI CORDENONS"
"PN523","A.S.D. A.N.B. FIAMME CREMISI"
"PN524","A.S.D.  CARDUCCI PORDENONE"
"PN525","AZZANO RUNNERS"
"PN527","ATLETICA AVIANO"
"PN528","ATLETICA EDILMARKET SANDRIN"
"PN529","MARATONINA PORDENONESE"
"PN530","BLADE RUNNERS MANIAGO"
"PN532","APD VALMEDUNA"
"PN533","MAGREDI MOUNTAIN TRAIL"
"PN534","ATL. LEONE SAN MARCO PORDENONE"
"PN536","CHEI DALA MANDORLA - LESTANS"
"PN537","A.S.D. TRIATHLON TEAM"
"PN539","SPIRITO TRAIL ASD"
"PN541","ASD SCUDERIA SAN MARTINO CORSE"
"PO149","ASD ATLETICA  PRATO"
"PO274","U.S. ROBERTO COLZI"
"PO367","A.S.D.MONTEMURLO MEUCCI TAMARE"
"PO410","ASD PRATO PROMOZIONE"
"PO480","ATLETICA RADIO CENTRO WEB"
"PO495","ASD PODISTICA MEDICEA"
"PR063","G.P. MARCIATORI PARMENSI"
"PR064","G.P. QUADRIFOGLIO"
"PR067","G.S. TOCCALMATTO"
"PR068","C.U.S. PARMA"
"PR073","ATL. AZZURRA PARMA"
"PR074","ASD ATL. SALSOMAGGIORE"
"PR075","ATLETICA FIDENZA ASD"
"PR077","ATLETICA PARMA SPRINT"
"PR079","POL. COOP PARMA 1964 ASD"
"PR099","ATL. BARILLA"
"PR206","ATLETICA MANARA"
"PR246","G.P. PUBBLICA ASS.NZA BUSSETO"
"PR340","FORTI E LIBERI ATLETICA"
"PR396","TRC TRAVERSETOLO RUNNING CLUB"
"PR420","KINO MANA"
"PR431","ATL. GALLERINI"
"PR436","CIRCOLO MINERVA ASD"
"PR439","ATL. BUZZETTI"
"PR440","CENTRO SOCIALE UNIVERSITARIO"
"PR465","PIEDI DI GHISA"
"PR467","POLISPORTIVA TORRILE"
"PR472","ATLETICA GALLERINI"
"PR484","ASD INTERFLUMINA E' PIU' POMI'"
"PR499","CITTADELLA 1592 PARMA"
"PR501","ASD MONTICELLI TERME 1960"
"PR515","A.S.D. 3T"
"PR523","A.S.D. IL CASTELLO"
"PR525","SPORT UNIVERSITY APD"
"PR528","BALLOTTA CAMP"
"PR532","ATLETICAVIVA A.S.D."
"PR556","A.S.D. VENGO LI'"
"PR568","ATLETICA CASONE NOCETO"
"PR611","CRAL CHIESI SSD"
"PT115","PISTOIATLETICA 1983"
"PT117","ATL. MONSUMMANESE"
"PT118","ASD ATLETICA PISTOIA"
"PT120","ATL.PESCIA"
"PT121","ATL.BORGO A BUGGIANO"
"PT123","A.S.D. SILVANO FEDI PISTOIA"
"PT126","ATL MONTECATINI"
"PT155","PODISTICA QUARRATA"
"PT193","ATL.CASALGUIDI M.C.L.ARISTON"
"PT232","G.P. C.A.I. PISTOIA"
"PT333","IL CLUB DEGLI ATLETI QUARRATA"
"PT359","ATLETICA UZZANO"
"PT363","ATLETICA LAMPORECCHIO"
"PT400","AGLIANATLETICA"
"PT430","ATLETICA AGLIANESE 2015"
"PT453","G.S.DILETTANTISTICO RUN...DAGI"
"PT487","MONTECATINI MARATHON ASD"
"PT504","AURORA MONTALE A.S.D."
"PU001","ATLETICA FANO TECHFEM"
"PU002","NUOVA ATL. PANDA PESARO"
"PU003","CUS URBINO"
"PU005","ASD. ATL. FOSSOMBRONE"
"PU006","POL. MONTECCHIO 2000"
"PU007","G.P.D. FANO CORRE L.TONELLI"
"PU008","G.P. LUCREZIA"
"PU010","ATL.'BANCA DI PESARO'C.STORICO"
"PU013","G.S. AVIS AIDO URBINO"
"PU016","ATL. URBANIA"
"PU017","RUNNING CLUB FOSSOMBRONE"
"PU020","ATLETICA ALMA JUVENTUS FANO"
"PU021","COLLEMAR-ATHON  CLUB"
"PU022","ASD CALCINELLI RUN"
"PU023","PESARO GYMNASIUM"
"PU024","ATLETICA MARCHE NORD"
"PU025","OSTERIA DEI PODISTI"
"PU026","ATL URBINO C5 1999"
"PU027","PESARO ATHLETIC FIELD"
"PU029","ASD MAROTTA MONDOLFO RUN"
"PU031","A.S.D.  GABBIANO"
"PU032","CARAFFA SPORT A.S.D."
"PV060","A.S.D JUNIOR CLUB"
"PV108","C.U.S. PAVIA"
"PV110","ATL.  CENTO TORRI PAVIA"
"PV155","100 TORRI & VIGEVANO ATL.YOUNG"
"PV245","ATL. IRIENSE VOGHERA"
"PV252","G.S. SAN MARTINO"
"PV358","G.P. AVIS PAVIA"
"PV410","ATLETICA VIGEVANO"
"PV412","LA PODISTICA ROBBIESE"
"PV414","U.S. SCALO VOGHERA"
"PV421","ATL. CASORATE PRIMO"
"PV475","G.P. AVIS VIGEVANO-GRAVELLONA"
"PV573","A.S.D.  CANOTTIERI TICINO"
"PV599","ATL. PAVESE"
"PV619","ASD TEMPODISPORT CLUB"
"PV628","RUNNING OLTREPO'"
"PV720","A.S. AMP A.S.D."
"PV724","POL. D. U. S. CASSOLESE"
"PV725","ASD TRIATHLON PAVESE"
"PV823","A.S.D. RUN8 TEAM"
"PV837","A.S.D. ESCAPE TEAM VIGEVANO"
"PV847","BUCCELLA RUNNERS VIGEVANO"
"PV848","ASD MARCIATORI LANDRIANO AVIS"
"PV850","ASD GP GARLASCHESE"
"PV926","RUN 4 PEOPLE"
"PV947","GRUPPO PODISTI CIARLASCHI"
"PZ033","G.S. AVIS LAGONEGRO"
"PZ034","CLUB ATLETICO LAURIA"
"PZ035","CLUB ATLETICO LAURIA"
"PZ036","NUOVA ATLETICA POTENZA"
"PZ037","CLUB ATLETICO POTENZA"
"PZ053","PODISTICA AMATORI POTENZA"
"PZ112","ATLETICA PALAZZO"
"PZ113","ATLETICA CORREREPOLLINO"
"PZ114","A.S.D. TECHNOFITNESS VENOSA"
"PZ115","SPORT TEAM VENOSA"
"PZ116","NUOVA ATLETICA POTENZA"
"PZ528","ATLETICA AMATORI LAURIA"
"PZ543","ASD METALFER POD. BRIENZA 2000"
"PZ550","A.S.D. ATLETICA VENOSA"
"PZ562","OLIMPIA POTENZA"
"PZ565","BRAMEA VULTUR RUNNERS"
"PZ567","EOS"
"PZ570","TRIATHLON BASILICATA ASD"
"PZ571","RUNNING TEAM TRAMUTOLA"
"PZ573","A.S.D. SPORT360"
"RA002","G.P.A. LUGHESINA"
"RA003","ATL. MAMELI RAVENNA"
"RA036","G.P. CERVESE"
"RA082","G.S. LAMONE A.S.D."
"RA093","ATLETICA LUGO"
"RA094","ATLETICA 85 FAENZA"
"RA095","ATLETICA RAVENNA SSD A RL"
"RA096","POL. ATLETICA CASTIGLIONE ASD"
"RA102","ATLETICA  MASSALOMBARDA"
"RA103","ACADEMY MERCURIO ATLETICA"
"RA104","POL. VITA CREDITO COOPERATVO"
"RA447","G.P. CERVESE - PISTA ATLETICA"
"RA477","ASD TOSCO-ROMAGNOLA"
"RA510","RAVENNA RUNNERS CLUB ASD"
"RA517","ATLETICA CERVIA A.S.D."
"RA531","DOMANI ARRIVA SEMPRE"
"RA551","LEOPODISTICA"
"RA562","ACADEMY RAVENNA ATHLETICS"
"RA566","LIFERUNNER SSDARL"
"RA570","POL. DIL. SANTA LUCIA"
"RA582","A.S.D. PODISTI COTIGNOLA"
"RC021","ATL.CITTANOVA"
"RC026","GRUPPO ATLETICO REGGINO"
"RC030","AICS ATLETICA STADIO"
"RC031","AICS ATLETICA CORTESE"
"RC032","NUOVA ATLETICA FIAMMA ARANCA"
"RC033","ATL.MINNITI"
"RC059","ATLETICA BROTHERS"
"RC147","ADAMO ATHLETIC CLUB"
"RC153","ATL.GIOIA TAURO"
"RC162","G.S. ENZO SARDO"
"RC169","ASI G.S. ASCHENEZ"
"RC193","POL.CLUB GINNICA"
"RC194","GRUPPO ATLETICO 'R. VALLE'"
"RC195","CLUB SPORTIVO S.BARBARA"
"RC199","ATL.REGGIO SUD"
"RC200","NUOVA ATLETICA GALLINA"
"RC207","ATL.AMATORI REGGIO CAL."
"RC233","ATLETICA BRUZZANO"
"RC262","ASI VIS REGGIO"
"RC282","DIBI CENTER"
"RC295","ATL. AURORA GIOIA TAURO"
"RC313","ASD ICARO RC"
"RC314","ATLETICA REGGINA"
"RC325","AS ATLETICA SAGITTARIUS"
"RC328","NUOVA ATLETICA COSTA TIRRENICA"
"RC329","ASI STELLE DEL SUD"
"RC332","ATLETICA OLYMPUS"
"RC346","BRAMATLETICA REGGINA"
"RC348","ATLETICA SCIUTO"
"RC357","PODISTILOCRI"
"RC359","ASD SCUOLA MEDIA MINNITI PALMI"
"RC366","ATLETICA BARBAS"
"RC368","ASD RUNNING PALMI"
"RC376","ZAGARA ASSOCIAZIONE SPORTIVA D"
"RC378","CORRI CON NOI PALMI"
"RC379","A.S.D. RUNNING BAGNARA"
"RC381","ATLETICA SIDERNO ASD"
"RC401","IONICA RUNNING ASD"
"RC408","A.S.D. SPORTING CLUB"
"RC409","ULIMP ASD"
"RC412","ASD CORRERE E VITA"
"RC421","ASD CALABRIA FITWALKING"
"RE105","G.S.SELF ATL. MONTANARI GRUZZA"
"RE106","CALCESTRUZZI CORRADINI EXCELS."
"RE107","ATLETICA GUASTALLA REGGIOLO"
"RE108","POL. ARCETO"
"RE111","MARATHON 63 VEZZANO ATL."
"RE113","A.A. GUASTALLA SINTOFARM"
"RE128","ATL. REGGIO ASD"
"RE129","ATLETICA REGGIO"
"RE187","ASS. POL. SCANDIANESE"
"RE289","JOGGING TEAM PATERLINI"
"RE346","ATL. CASTELNOVO MONTI"
"RE349","ATLETICA MONTECCHIO"
"RE362","POD. BIASOLA"
"RE392","SAMPOLESE BASKET/VOLLEY/ATL."
"RE403","DELTA ATL. SASSUOLO"
"RE470","PODISTICA CORREGGIO"
"RE483","TRICOLORE SPORT MARATHON ASD"
"RE485","VIVI'N SPORT ATLETICA"
"RE513","POLISPORTIVA L'ARENA"
"RE514","POLISPORTIVA RUBIERA"
"RE555","ASD SPORTINSIEME CASTELLARANO"
"RE609","ASD GENTE IN MOVIMENTO"
"RE624","POLISPORTIVA BORZANESE A.S.D."
"RG119","A.S. DIL. ATLETICA PADUA RG"
"RG161","POL. DILETT.  UISP"
"RG165","A.S.D. ATLETICA PETRULLI"
"RG188","ASS. POL. LIB. FOLGORE DIL."
"RG190","A.S.D.ATL.STUDENTESCA VITTORIA"
"RG262","ASD NO AL DOPING RAGUSA"
"RG298","A.S.D. TRY SPORT"
"RG326","A.S.D.POL. UISP SANTA CROCE"
"RG337","A.S.D. ATLETICA 2005 VITTORIA"
"RG402","A.S. DIL. ATL. LIBERTAS SCICLI"
"RG415","A.S.D. CULTURALE PEPPE GRECO"
"RG428","ASD ISPICA RUNNING"
"RG429","A.S. DIL. MODIPA ATHLETIC CLUB"
"RG444","A.S.D. RUNNING MODICA"
"RG456","A.S.D. ATL.TRE COLLI SCICLI"
"RG488","ASD ATLETICA IBLEA 2012"
"RG589","A.S.D. SCICLI RUNNING"
"RG614","A.S.D. POL. ATLETICA VITTORIA"
"RG743","ASD VITTORIATLETICA"
"RG747","A.S.D. ATHLON KAMARINA"
"RG773","RUNNING EMOTION A.S.D."
"RG785","A.S.D. BAROCCO RUNNING RAGUSA"
"RG787","A.P.D. ULTRARUNNING RAGUSA"
"RG790","ASD ILCASTELLO CITTA DI MODICA"
"RI221","OLIMPIA CA.RI.RI"
"RI223","ATL.STUD. RIETI ANDREA MILARDI"
"RI224","G.S. FORESTALE"
"RI227","ASD U.I.S.P. ATLETICA SABINIA"
"RI228","SABINA MARATHON CLUB"
"RI239","FARATLETICA"
"RI240","ATLETICA ORO"
"RM002","G.S. FIAMME AZZURRE"
"RM004","ROMA ROAD RUNNERS CLUB ASD"
"RM005","ATL. SABATINA"
"RM006","ATL. ALIV ROMA"
"RM009","G.S.D. LITAL"
"RM011","C.A.S. ACILIA"
"RM014","A.S.D. LIBERATLETICA"
"RM015","URBE JUNIOR 1952"
"RM017","ATL. MONTE MARIO"
"RM019","POLISPORTIVA G. CASTELLO"
"RM020","POL. AIRONE"
"RM024","ATL. VICOVARO"
"RM025","ATLETICA DEL PARCO"
"RM026","LEPROTTI DI VILLA ADA"
"RM027","LIB. ROMA XV CIRC.NE"
"RM029","ATLETICA ENI"
"RM032","A.S.D. VILLA DE SANCTIS"
"RM034","AICS MARATHON ROMA"
"RM035","CIRC.CANOTTIERI TEVERE REMO"
"RM038","A.S.D. LYCEUM ROMA XIII"
"RM040","A.S. VALLOMBROSA ROMA 19"
"RM041","GSBR"
"RM042","CUS ROMA"
"RM044","ACSI PALATINO CAMPIDOGLIO"
"RM045","G.S.D. K42 ROMA"
"RM046","ASD ACSI ATLETICA CAMPIDOGLIO"
"RM049","G.S. MEO PATACCA"
"RM050","S.S. LAZIO ATLETICA LEGGERA"
"RM051","CIRCOLO CANOTTIERI ROMA"
"RM052","C.S. ESERCITO"
"RM053","C.S. AERONAUTICA MILITARE"
"RM054","CLUB ATLETICO CENTRALE ASD"
"RM056","G.A. FIAMME GIALLE"
"RM057","FIAMME GIALLE G. SIMONI"
"RM058","POL. ROMA XIII"
"RM063","FASHION SPORTING TEAM ROMA"
"RM068","TIRRENO ATLETICA CIVITAVECCHIA"
"RM069","A.S.D. PODISTICA SOLIDARIETA'"
"RM070","VILLA FLAMINIA SPORT SRL"
"RM071","A.S.D. KRONOS ROMA"
"RM072","S.S. ATLETICA 78"
"RM073","POL. UNIVERSITA' FORO ITALICO"
"RM074","RIFONDAZIONE PODISTICA"
"RM082","ASD ATLETICO MONTEROTONDO"
"RM094","ITALIA MARATHON CLUB SSDRL"
"RM096","POL. STELLA POLARE"
"RM099","ATL.VILLA GORDIANI-G.CASTELLO"
"RM103","A.S.D. TRA LE RIGHE"
"RM105","ATL. COLOSSEO 2000"
"RM106","GIOVANNI SCAVO 2000 ATL."
"RM108","2 PLAYIT"
"RM113","ASD NISSOLINO ATL. AREA ROMA"
"RM115","ASD ATLETICA LA SBARRA ROMA"
"RM120","POLISPORTIVA DECATHLON ASSI"
"RM125","A.S.D. MEDITERRANEA"
"RM129","DUE PONTI SSD A R.L."
"RM131","A.S.D. ACSI FUTURATLETICA"
"RM133","C.S. VINCENZO PACIFICI"
"RM141","A.S. AMATORI VILLA PAMPHILI"
"RM143","G.S. VV.F. ROMA SEZ. PODISMO"
"RM146","STATO MAGGIORE ESERCITO DAR"
"RM147","ATLETICA TIBURTINA"
"RM158","RETI RUNNERS FOOTWORKS"
"RM159","AS.TRA. ROMA"
"RM161","ATL. ROMA ACQUACETOSA"
"RM162","ATLETICAT"
"RM165","U.S. ROMA 83"
"RM166","CIRCOLO VILLA SPADA G.DI F."
"RM173","LBM SPORT TEAM"
"RM175","A.S. MINERVA ROMA ATLETICA"
"RM176","RUNNING CLUB MARATONA DI ROMA"
"RM178","G.S. POD. PRENESTE"
"RM179","PODISTICA OSTIA"
"RM183","ASD LAZIO OLIMPIA RUNNERS TEAM"
"RM185","O.S.O. OLD STARS OSO"
"RM186","ATLETICA FIANO ROMANO"
"RM187","ASD PODISTICA 2007 TORTRETESTE"
"RM188","MARATHON ROMA CASTELFUSANO"
"RM189","G.S. CAT SPORT ROMA"
"RM192","A.S.D. VILLA ADA"
"RM195","RUNNING CLUB FUTURA"
"RM196","A.S.D.  ATL. VILLA GUGLIELMI"
"RM199","R.S. ATLETICA 2004"
"RM206","A.S.D. SPORT E NATURA"
"RM208","CIRCOLO CANOTTIERI ANIENE"
"RM210","C. MAGISTRATI CORTE DEI CONTI"
"RM212","OLIMPIA 2004"
"RM217","A.S.D. ATLETICA ASI ROMA"
"RM218","AL SPORT & GIOVANI ASD"
"RM223","ATLETICA ASGARD"
"RM228","PGS BORGO DON BOSCO"
"RM232","ASD ROMATLETICA"
"RM237","ATLETICA DEI GELSI"
"RM240","VILLA ADA GREEN RUNNER"
"RM241","CORSA DEI SANTI"
"RM242","PODISTICA ERETUM"
"RM243","SPORT RACE S.S.D. A R.L."
"RM244","ATLETICA PEGASO"
"RM245","A.S.D. ESERCITO CECCHIGNOLA"
"RM246","A.S.D. ATL.RUN BOYS OSTIA"
"RM249","A.S.D. PONTE DI NONA"
"RM250","GRUPPO MILLEPIEDI"
"RM253","TORRINO TRIATHLON TEAM"
"RM254","CIRCOLO DEL TENNIS FORO ITALIC"
"RM255","TIVOLI MARATHON"
"RM257","A.S.D U.S. ACLI 3 MILLENNIO"
"RM259","FARTLEK OSTIA"
"RM262","FASHIONSPORT"
"RM263","1/2 MARATONA A STAFFETTA"
"RM264","ASD ROMA DI ATLETICA LEGGERA"
"RM266","A.S.D. GSBR YOUNG TEAM"
"RM267","CALCATERRA SPORT ASD"
"RM269","A.S.D. MAGIC TRAINING"
"RM270","PFIZER ITALIA RUNNING TEAM"
"RM271","HERCULES ASD"
"RM272","A.S.D. OLIMPIAEUR CAMP"
"RM273","A.S.D. SMACLIBERTY"
"RM274","ORIZZONTE SPORT 2012"
"RM275","ATLETICA INPS"
"RM276","ATLETICOM ASD"
"RM278","ASD ATLETICA SANTA MARINELLA"
"RM280","ASD PGS SANTA GEMMA"
"RM281","SSD RUNNER TRAINER A R.L."
"RM282","ASD GUIDA SICURA"
"RM283","A.S.D. RUN"
"RM285","U.S. STANDARD TOR VERGATA"
"RM289","VIRTUS VILLA ADA FASHION SPORT"
"RM291","A.S.D. ATHLION ROMA"
"RM293","JUVENIA SSD A.R.L."
"RM294","FORHANS TEAM"
"RM295","PODISTICA MARE DI ROMA"
"RM297","PLANET SPORT RUNNING"
"RM298","ASD VITAMINA RUNNING TEAM"
"RM299","FORUM SPORT CENTER SSD SRL"
"RM301","VALORE SALUTE, FORTI E VELOCI"
"RM303","A.S.D. IL CAMPANILE"
"RM304","A.S.D. MOS MAIORUM"
"RM308","A.S.D. TIBUR RUNNERS"
"RM310","A.S.D. EASY SPEED NOVA"
"RM311","PUROSANGUE ATHLETICS CLUB"
"RM312","ASD CIRCOLO MIN. AFFARI ESTERI"
"RM313","NRFISIOATLETICA ASS. DIL."
"RM315","ASD RUNNERS FOR EMERGENCY"
"RM317","LET'S MOVE RUNNING"
"RM320","IPPOLIFE S.S.D. A R.L."
"RM321","GRUPPO MILLEPIEDI"
"RM323","HERCULES ATLETICA SPRINT ASD"
"RM325","A.S.D. JUST RUN"
"RM326","A.S.D. TECNO-SPORT"
"RM327","ASD PIANO MA ARRIVIAMO"
"RM328","CARACALLA ATLETICA A.S.D."
"RM331","A.S.D. BOOM BAR OSTIA RUNNER"
"RM332","A.S.D. RINCORRO"
"RM333","LUISS SSD A R.L."
"RM334","A.S.D. PODISTICA VEIO"
"RM335","A.S.D. RIONE GARBATELLA"
"RM337","TIBURTINA RUNNING ROMA A.S.D."
"RM338","TEAM CAMELOT A.S.D."
"RM340","ISOLA SACRA A.S.C.D."
"RM341","ASD SEMPRE DI CORSA TEAM"
"RM342","ATLETICA TIVOLI"
"RM344","LADISPOLI PROFESSIONE CICLISMO"
"RM345","OLGIATA 20.12 S.S.D.R.L."
"RM346","P.G.S. FOLGORE"
"RM348","ASDRC LA BIGLIA"
"RM349","ASD WAR - WIN ALL RACES"
"RM352","A.S.D. CAFFARELLA RUNNERS"
"RM354","ASD CIRCOLO TENNIS EUR"
"RM355","A.S.D. GO RUNNING"
"RM357","CINECITTA' PROSPORT SSD A R.L."
"RM358","ASD ATLETICA FENIX"
"RM361","ATLETICA LEGGERA MENTANA ASD"
"RM362","A.S.D. ATLETICA TOR TRE TESTE"
"RM363","SSD NISSOLINO SPORT SRL ASU"
"RM364","ASD MONTI AVENTINO"
"RM365","CSAIN VELOCEMENTE ACADEMY"
"RM367","A.S.D. P. ASTRA ATLETICA"
"RM368","A.S.D. PI8 RUNNING"
"RM369","X-SOLID SPORT LAB ASD"
"RM370","ITALIANA RUNNING A.S.D."
"RM371","ASD OSTIA TRACK 'N FIELD"
"RM372","ASD TALENTI RUNNING TEAM ROMA"
"RM375","A.S.D. VEGAN POWER TEAM"
"RM377","A.S.D. PODISTICA PRIMAVALLE"
"RM385","RUN & SMILE ASD"
"RM390","ATHLETICA VATICANA A.S.D."
"RM391","POL. BTF SPORTING CLUB"
"RM399","SPORT TEAM TRIGORIA ASD"
"RM401","OUTDOOR TRAINING SPORT E BENES"
"RM402","ROMA TRE SPORT A.S.D.C."
"RM404","A.O.C. TEAM STADIO PAOLO ROSI"
"RM405","6 IN MOVIMENTO A.S.D."
"RM407","ETRUSCA ASD"
"RM408","AMO E CORRO ASD"
"RM409","ASD ELITE ATHLETES"
"RM411","ASD VISION SPORT"
"RM414","A.S.D. FORTYRUNNERS"
"RM415","ASD FORRESTEAM"
"RM416","ASD NISSOLINO OSTIA ATLETICA"
"RM418","ASD ATLETICA PARIOLI"
"RM424","ASD VISION PERFORMANCE"
"RM444","ANTARES ATLETICA"
"RM517","CRAZY RUNNERS CLUB"
"RM555","A.S.D. ATLETICA FUTURA ROMA"
"RM557","VILLA AURELIA SPORTING CLUB"
"RM600","A.S.D. ATL. ENERGIA ROMA"
"RM619","CRAL POLIGRAFICO DELLO STATO"
"RM666","PIANO MA ARRIVIAMO SSD A RL"
"RN029","A.R.C.U.S."
"RN035","RICCIONE SESSANTADUE"
"RN036","ATL. LIB. RIMINI"
"RN037","G.S. ATLETICA 75 CATTOLICA"
"RN045","POL. ATL. ADOLFO CONSOLINI"
"RN273","ATL. RIMINI NORD SANTARCANGELO"
"RN333","GOLDEN CLUB RIMINI INTERNAT."
"RN357","OLIMPIA AMATORI RIMINI"
"RN413","RICCIONE PODISMO"
"RN466","ATHLETIC RIMINI ASD"
"RN471","ATLETICA SANTAMONICA MISANO"
"RN503","A.S.D. DINAMO RUNNING"
"RN518","RIMINI MARATHON"
"RN521","OLIMPIA NUOVA RUNNING A.S.D."
"RN549","A.S.D. TEAM MISANO"
"RN552","NUOVA POLISPORT. A. CONSOLINI"
"RN558","ATLETIC TEAM TAVERNA ASD"
"RN576","ASD MIRAMARE RUNNER"
"RN593","MACIANO TEAM RUNNERS A.S.D."
"RO281","CONFINDUSTRIA ATL. ROVIGO"
"RO286","PODISTI ADRIA"
"RO292","ASD GR.POD. AVIS TAGLIO DI PO"
"RO295","UNI SPORT"
"RO297","SALCUS"
"RO298","RHODIGIUM TEAM A.S.D."
"RO310","ROVIGO HALF MARATHON A.S.D."
"RO311","RUN IT"
"RO312","ROVIGOHM"
"RO313","DISCOBOLO ATLETICA ROVIGO ASD"
"RO314","ASD GRUPPO PODISTI PORTO TOLLE"
"RO315","ASD RUN IT"
"RS001","ATL. TUSCULUM"
"RS002","ATL. NETTUNO"
"RS003","ATL. OLD DEVILS"
"RS007","ATL. VALMONTONE"
"RS009","POLISPORTIVA ROCCA PRIORA"
"RS010","LIB.ATL. CASTELGANDOLFO-ALBANO"
"RS012","COLLEFERRO ATLETICA"
"RS013","ATL. COLLEFERRO SEGNI"
"RS019","PODISTI VALMONTONE"
"RS020","AMICI PARCO CASTELLI ROMANI"
"RS022","ATLETICA CECCHINA AL.PA. ASD"
"RS024","A.S.D. RUNNERS CIAMPINO"
"RS025","ATL. GENAZZANO"
"RS026","ATLETICA ALBANO"
"RS027","A.S.D. MES COLLEFERRO"
"RS028","POL. NUOVA ANTIUM"
"RS030","A.S.D. ATLETICA FRASCATI"
"RS031","ASD SPARTAN SPORT ACADEMY"
"RS033","A.S.D. RUNNING EVOLUTION"
"RS035","ATL. ANZIO"
"RS036","ASD RUNNERS TEAM COLLEFERRO"
"RS038","GSD LIB.ATL. SAN CESAREO"
"RS040","THESEI VIRTUS"
"RS041","PODISTICA ROCCA DI PAPA"
"RS042","A.S.D. RUN FOR FUN"
"RS043","FILIPPIDE RUNNERS TEAM ASD"
"RS045","LUDUS ATLETICA LIB VALM. ZAGA."
"RS047","A.S.D. ATLETICA CAVE"
"RS048","TOP RUNNERS CASTELLI ROMANI"
"RS049","BIANCO MODA SPORT CIAMPINO ASD"
"RS050","A.S.D. OLIMPIA ATLETICA"
"RS052","A.S.D. ATLETICA ZAGAROLO"
"RS053","OLIBANUM OVERRUNNERS ASD"
"RS060","ASD CIR. RICR. LIB. VALMONTONE"
"RS064","A.S. ROMA G.CASTELLO"
"RS066","ASD PALESTRINA RUNNING"
"RS067","A.S.D. ATL. POMEZIA"
"RS068","ATL. LIB. CASTELLI ROMANI"
"RS070","A.S.D. FREE RUNNERS"
"RS075","POL. LIB. LANUVIO"
"RS080","G.S. LIB. SAN CESAREO"
"RS082","ATLETICA LANUVIUM NEPTUNIA ASD"
"RS084","ASD AREA ATLETICA SAN CESAREO"
"RS085","PODISTICA CIAMPINO"
"RS088","A.S.D. ATLETICA NEPTUNIA"
"RS090","A.S.D. RUNNER'S ACADEMY"
"RS095","PODISTICA POMEZIA A.S.D."
"RS100","AD MAIORA FRASCATI"
"RS152","ASD GIOVANNI SCAVO"
"RS190","A.S. ATL. ROCCA DI PAPA"
"RS195","RCF ROMA SUD"
"RS201","POLIS. ANZIO ATLETICA ASD"
"RS521","ASD NISSOLINO ATL. VELLETRI"
"SA020","A.S.D. ATLETICA ERMES"
"SA028","A.S.D. FREE RUNNER"
"SA031","A.S.D. US ACLI ATL. SCAFATI"
"SA041","A.S.D.POLISPORTIVA FOLGORE"
"SA060","ASD CS SCOLASTICO M.GALDI 1999"
"SA111","ASD ATLETICA CASTELLABATE"
"SA126","ASD ATLETICA VIS NOVA"
"SA127","IDEATLETICA AURORA"
"SA128","A.S.D. ATL. AGROPOLI"
"SA129","ASD SS SALVATORE"
"SA130","ATL. EBOLITANA VALLE DEL SELE"
"SA131","POL. CITTA' MERCATO S.SEVERINO"
"SA138","A.S.D. CARMAX CAMALDOLESE"
"SA146","ASDATL. ISAURA VALLE DELL'IRNO"
"SA154","A.S.D. ATL. LIB. AGROPOLI"
"SA155","A.S.D. ATL. SPORTING CALORE"
"SA200","A.S.D. ATL. VALLO DI DIANO"
"SA257","ASD CSU IDEATLETICA AURORA F"
"SA265","A.S.D. C.U.S. SALERNO"
"SA298","ASD ATL. DELTA EBOLI"
"SA530","ASD POD.CAVA PIC.COSTA AMALFI"
"SA600","A.S.D. SALERNO  RUNNING  CLUB"
"SA601","CILENTO RUN"
"SA604","APD ATL. SCAFATI ANTONIANA RUN"
"SA606","ATLETICA MAGNA GRAECIA"
"SA607","'3C CILENTO RUNNING ACADEMY'"
"SA608","ASD 'NOCERA RUNNERS FOLGORE'"
"SA609","AGROPOLI RUNNING"
"SA610","A.S.D. ATLETICA SALERNO"
"SA611","A.S.D. PODISTICA POLLESE"
"SA612","ASD PODISTICA SELE"
"SA614","42KAPPA RUNNING TEAM SALERNO"
"SA630","ASD SELE MARATHON EBOLI"
"SA636","ASD MANNARA RUNNING"
"SA642","SALERNO MARATHON"
"SA645","ASD DONATELLA EBOLI ATLETICA"
"SA646","ASD MOVICOAST SPORT E TURISMO"
"SA650","A.S.D. ATLETICA KALIKA"
"SA651","CIRCOLO CANOTTIERI IRNO ASD"
"SA686","A.S.D. ATOM ATHLETIC"
"SI043","UISP ATLETICA SIENA"
"SI047","POL.OLIMPIA COLLE VAL D'ELSA"
"SI048","U.POL.POGGIBONSESE"
"SI082","APD SAN GIMIGNANO SEZ.ATLETICA"
"SI165","ATLETICA SINALUNGA"
"SI203","LIBERTAS ATL.VALDELSA"
"SI344","ASD ATLETICA VALDORCIA 2003"
"SI361","ATLETICA 2005"
"SI376","IL GREGGE RIBELLE"
"SI377","UISP ABBADIA SAN SALVATORE"
"SI389","S.S.D.S. MENS SANA 1871"
"SI452","UNIONE POLISPORTIVA POLIZIANA"
"SI459","ASD POL. CHIANCIANO"
"SI469","''LA CHIANINA''"
"SI492","G.S. VALDELSA RUNNERS A.S.D."
"SI508","ASD LUCIGNOLO RUNNERS"
"SM118","C.A. TRACK & FIELD SAN MARINO"
"SM231","G.P.A. SAN MARINO"
"SM278","OLIMPUS SAN MARINO ATLETICA"
"SM539","C.A. TRACK & FIELD SAN MARINO"
"SM603","SAN MARINO ATHLETICS ACADEMY"
"SO027","MERA ATHLETIC CLUB"
"SO028","GRUPPO SPORTIVO CSI TIRANO"
"SO111","G.P. SANTI NUOVA OLONIO"
"SO112","A.D.M. PONTE IN VALTELLINA"
"SO114","G.S. C.S.I. MORBEGNO"
"SO115","ATL. ALTA VALTELLINA"
"SO219","G.P. VALCHIAVENNA"
"SO255","POL. ALBOSAGGIA"
"SO267","G.S. VALGEROLA CIAPPARELLI"
"SO346","G.P. TALAMONA"
"SO391","G.S. CHIURO"
"SO400","A.S. LANZADA"
"SO408","POL. PENTACOM"
"SO416","2002 POLIS COLORINA SONDRIO"
"SO455","MARATHON C.-ALTA QUOTA LIVIGNO"
"SO522","ATL. VALLI DEL BITTO"
"SO532","U.S. BORMIESE ATL."
"SO533","VETRERIA FANONI SONDRIO"
"SO583","G.P. 'RUPE MAGNA'"
"SO585","CENTRO OLIMPIA PIATEDA"
"SO644","PT SKYRUNNING"
"SO651","G.S.D. CASTIONETTO"
"SO679","ASD CASTELRAIDER"
"SO794","AMICI MADONNA NEVE LAGUNC"
"SO890","TEAM VALTELLINA"
"SO905","SPORTING CLUB LIVIGNO"
"SP010","L'ECOLE S.S.D. S.R.L."
"SP020","POLISPORTIVA MADONNETTA"
"SP030","A.S.D. GOLFO DEI POETI ARCIGNI"
"SP040","PRO AVIS CASTELNUOVO MAGRA"
"SP042","A.S. ATLETICA SARZANA"
"SP044","A.S. SPORTING CLUB"
"SP046","C.S. MARINA MILITARE ATL."
"SP047","GINNASTICA LEVANTO 1907 SSDARL"
"SP049","A.S. OLIMPIA CARISPE"
"SP060","RUNNING STATION TEAM ASD"
"SP136","ATLETICA FAVARO ASD"
"SP234","SPEZIA MARATHON DLF"
"SP300","SPORT CLUB INN"
"SP573","ASD ATLETICA SPEZIA DUFERCO"
"SR100","A.S.D. TRINACRIA SPORT"
"SR121","A.S.D. PIETRO GUARINO ROSOL."
"SR128","A.S. DIL. MILONE"
"SR129","A.S.D. LIBERTAS ATHLON SR"
"SR130","A.S.DIL. ATLETICA SIRACUSA"
"SR131","A.S.D. ATL. SCUOLA LENTINI"
"SR135","A.S. DIL. FEMMINILE DIANA SR"
"SR136","A.S. DIL. SELENE SIRACUSA"
"SR137","A.S. DIL. VIRTUS ATL.SIRACUSA"
"SR140","A.S.D. LIBERTAS SOLARINO"
"SR141","A.S.D. LIBERTAS ORION"
"SR176","A.S.D. LIBERTAS MARTE"
"SR248","SIRACUSATLETICA"
"SR250","A.S.D. LIBERTAS JOLLY SPORTS"
"SR265","A.S.D. FREECYCLES CREW"
"SR275","A.S.D. ATLETICA PRIOLO"
"SR334","A.S.D. LIBERTAS TRINACRIA"
"SR340","A.S.D. LIBERTAS AZZURRA"
"SR346","POL. DILETT. AICS SOLARINO"
"SR400","A.S.D. ATLETICA PALAZZOLO"
"SR419","A.S.D. ATL. LENTINI"
"SR432","A.S. DIL. ATL.AUGUSTA CLUB S."
"SR506","A.S.D. ORTIGIA MARCIA"
"SR522","A.S.D. PODISTICA AMATORI SR"
"SR586","A.S.D. MARATHON ATHLETIC AVOLA"
"SR630","A.S.D. FLORIDIA RUNNING"
"SR631","A.S.D. NOTO BAROCCA"
"SR633","ASD KAPUHALA TEAM"
"SR635","ATLETICA AVOLA"
"SR636","MELILLIATLETICA"
"SR640","A.S.D. ARCHIMEDE"
"SR670","A.S. DIL. ATLETICA NOTO"
"SR671","A.S.D. ARETUSA MARCIA SIRACUSA"
"SR679","ASS. POL. DIL. PLACEOLUM"
"SR687","A.S.D.OLIMPIASPORT"
"SR699","A.P.D. ROSOLINI"
"SR705","A.S.D. 5K FLORIDIA MARATHON"
"SR708","A.S.D.  STAR  GYM"
"SR719","A.S. DIL. AMICO CORRIDORE SR"
"SR720","A.S.D. MEGARA RUNNING"
"SR723","ASD GROUP RUNNING EXSCLUSIVE"
"SR726","ASD PALOMBELLA RUNNING"
"SR727","A.S.D.POL. ATLETICA HYBLA"
"SR736","ASD POLISPORTIVA S. SEBASTIANO"
"SR738","A.S.D. ORANGE ATHLETICS"
"SS016","SS ALASPORT"
"SS019","C.U.S. SASSARI"
"SS021","ASC ATL SAN GIOVANNI"
"SS026","STUDIUM ET STADIUM"
"SS028","POL LIB ATL SASSARI"
"SS034","ATLETICA OZIERI"
"SS043","G.S. ATL OLBIA"
"SS057","DOP PETROLCHIMICO PORTOTORRES"
"SS059","ATL LEGG PORTO TORRES"
"SS064","CCRS  SORSO"
"SS067","SS GYMNASIUM ATL ALGHERO"
"SS093","POD AMATORI OLBIA"
"SS103","ATLETICA ARZACHENA"
"SS112","ATL BUDDUSO'"
"SS122","ATL LEGG LURAS"
"SS125","ATLETICA PLOAGHE"
"SS173","SOC ATL TEMPIO PAUSANIA"
"SS181","GS MONTE ACUTO MARATHON"
"SS182","I GUERRIERI DEL PAVONE"
"SS191","TRIATHLON TEAM SASSARI"
"SS192","POL CENTRO STORICO CASTELSARDO"
"SS196","GS ATLETICA RUNNERS OSCHIRI"
"SS197","ATL CIVITAS OLBIA"
"SS200","ATLETICA GOCEANO"
"SS206","ATLETICA ANGLONA LAERRU"
"SS207","ATLETICA SASSARI"
"SS208","ALGHERO MARATHON"
"SS215","RUNNER SASSARI"
"SS217","PODISTICA SASSARI"
"SS220","A.S.D. ICHNOS SASSARI"
"SS221","MARATHON CLUB TEMPIO"
"SS228","SHARDANA ASD"
"SS229","ATLETICA SAN TEODORO"
"SS240","ASD SARDASPORT"
"SS245","ATLETICA ITTIRI CANNEDU A.S.D."
"SS247","ALGUERUNNERS ASSOCIAZIONE SPOR"
"SS252","A.S.D.  ACSI ATLETICA GALLURA"
"SS257","ASD SOS IDDANOESOS"
"SS258","ATLETICA SASSARI ASSOCIAZIONE"
"SS278","POL. PORTO ROTONDO A.S.D."
"SS283","RUNFAST SASSARI ASD"
"SS284","A.S.D. ACADEMY OLBIA ATLETICA"
"SS287","ATLETICAMENTE A.S.D."
"SS288","ASD POLIPORTIVA 3P"
"SS291","ASD TEMPLUM ATHLETAE"
"SV010","ATL. GILLARDO RENZO MILLESIMO"
"SV019","ATLETICA VARAZZE"
"SV021","ATLETICA CAIRO"
"SV022","CENTRO ATLETICA CELLE LIGURE"
"SV023","ATL. RUN FINALE LIGURE"
"SV026","A.S.D. ATLETICA ALBA DOCILIA"
"SV030","ASD RUNRIVIERARUN"
"SV037","UNIVERSALE ALBA DOCILIA"
"SV040","ASD TRIATHLON SAVONA"
"SV050","MAREMONTANA A.S.D."
"SV058","ATLETICA CERIALE SAN GIORGIO"
"SV060","RUN&MOTION"
"SV070","ATLETICA ARCOBALENO SAVONA"
"SV090","ATLETICA VAL LERRONE"
"SV202","ASD ALBENGA RUNNERS"
"SV300","BARNES TRAIL AND ROAD ASD"
"SV551","S.S. RUNNERS LOANO"
"SV561","PODISTICA SAVONESE"
"SV600","A.S.D. ATLETICA BOISSANO TEAM"
"SV999","ATLETICA SAVONA"
"TA401","S.S. L'AMICO TARANTO"
"TA402","A.S.D. PODISTICA GROTTAGLIE"
"TA408","A.S PODISTICA TARAS"
"TA409","U.S.ATLETICA TARANTO"
"TA413","ASD. ATL. L'AMICO-CRAS TARANTO"
"TA414","ATLETICA JONICA"
"TA415","A.S.AMATORI PODISTICA MASSAFRA"
"TA420","POL. NUOVA S. ELIA GROTTAGLIE"
"TA423","CLUB RUNNER 87 CASTELLANETA"
"TA424","CORRERE E' SALUTE MOTTOLA"
"TA425","ASD POD. FAGGIANO V.P. SERVICE"
"TA426","NUOVA ATLETICA LATERZA"
"TA432","S.ATL. S.G.BOSCO  PALAGIANELLO"
"TA438","CRISPIANO MARATHON CLUB ONLUS"
"TA440","ATHLETIC TEAM PALAGIANO"
"TA441","G.S. PAOLOTTI - ATL MARTINA"
"TA442","RUNNERS GINOSA"
"TA443","POL. DON MILANI"
"TA445","A.S.D.  PODISTICA TALSANO"
"TA446","A.S.D. MARATHON MASSAFRA"
"TA448","IKKOS ATHLETIC TEAM"
"TA450","GRUPPO MARATHON MARTINA FRANCA"
"TA451","A.S.D. ATLETICA DON MILANI"
"TA452","ATLETICA GROTTAGLIE"
"TA456","TARANTO SPORTIVA"
"TA457","A.S.D ATL. PODISTICA PALAGIANO"
"TA458","ATHLON SPORT PLANET"
"TA459","TOP RUNNERS LATERZA"
"TA460","BODY ANGEL"
"TA461","POD. CAROSINO JONICA&HIRIA MES"
"TA462","A.S.D. TRIATHLON TARANTO"
"TA463","A.S.D. OLIMPIA GROTTAGLIE"
"TA464","TEAM NUOVA PODISTICA MASSAFRA"
"TA465","ASD ATLETICA SAVA"
"TA466","MARTINA FRANCA RUNNING A.S.D."
"TA467","ATLETICA CRISPIANO"
"TA468","ATLETICA TALSANO"
"TA469","ATLETICA MAGNA GRECIA"
"TA470","IKKOS ATLETI TARANTO A.S.D."
"TA471","A.S.D. RHBIKE TEAM"
"TA473","ACCADEMIA DEL MOVIMENTO A.S.D."
"TA474","A.S.D.FITNESS EXELLENCE"
"TA477","ASD ATLETICA STATTE A.V.I."
"TA479","ASD NUOVA ATLETICA TARANTO"
"TA481","ASD KRATOS MASSAFRA"
"TE043","ASD G.P. MONTORIO"
"TE048","A.P.D. ECOLOGICA 'G'"
"TE049","ASD ATL. VOMANO"
"TE063","GRUPPO POD. AMATORI TERAMO SSD"
"TE091","ASD DIV.ATL.'T. CIANCIOTTA' TE"
"TE121","ASD INTERAMNIA CLUB SRL"
"TE130","ASD DIV. ATL.'C.BERNARDINI'TE"
"TE138","ASD ATLETICA GRAN SASSO TERAMO"
"TE160","ATLETICA TERAMO"
"TE161","CANTERA GRAN SASSO A.S.D."
"TE162","ADRIATICO TEAM POLISPORTIVA"
"TE163","G.P.PRETUZI RUNNERS TERAMO ASD"
"TE200","TURISMO PODISMO"
"TE203","ASD I PODISTI DI NEMO"
"TE204","A.S.D.G.S.MARTINSICURO"
"TE207","A.S.D. ROSETO ENDURANCE"
"TN101","ATLETICA TRENTO"
"TN102","ATL.  VALLI DI NON E SOLE"
"TN103","ATLETICA CLARINA TRENTINO"
"TN104","GS VALSUGANA TRENTINO"
"TN106","ASD CITTA' DI TRENTO"
"TN107","G.S. BONDO"
"TN108","ATHL. TEAM RIVA"
"TN109","U.S. QUERCIA DAO CONAD"
"TN111","ATL. MAIDA"
"TN113","U.S.D. CERMIS"
"TN118","US CORNACCI"
"TN119","S.A. VALCHIESE"
"TN120","U.S. DOLOMITICA ASD"
"TN126","U.S. STELLA ALPINA CARANO"
"TN127","JUNIOR SPORT AVIO"
"TN129","U.S. LATEMAR"
"TN131","LAGARINA CRUS TEAM"
"TN134","G.A. PALIO CITTA DELLA QUERCIA"
"TN135","ATLETICA ALTO GARDA E LEDRO"
"TN136","U.S. PRIMIERO ASD"
"TN139","S.S. TENNO"
"TN151","MARATHON CLUB TRENTO"
"TN500","ATLETICA VALLE DI CEMBRA"
"TN501","ATLETICA TIONE"
"TN502","U.S. MONTI PALLIDI"
"TN509","ATLETICA TEAM LOPPIO"
"TN517","ATL. VILLAZZANO"
"TN522","G.S. FRAVEGGIO"
"TN524","G.S. TRILACUM"
"TN527","ATLETICA ROTALIANA"
"TN531","TRENTINO RUNNING TEAM"
"TN533","TRENTINO LAGORAI TEAM"
"TN540","POL.VA GIUDICARIE ESTERIORI"
"TN542","ATLETICA AMBIEZ"
"TN550","GARDASPORTEVENTS"
"TN552","ATLETICA FASSA 08"
"TN555","UNIONE SPORTIVA MONTI PALLIDI"
"TN561","US CORNACCI TESERO ASD"
"TN562","JUNIOR SPORT AVIO"
"TN563","U.S. 5 STELLE SEREGNANO A.S.D."
"TN564","POLISPORTIVA OLTREFERSINA ASD"
"TN567","USD VILLAZZANO"
"TN569","U.S. CARISOLO"
"TN571","GARDA TRENTINO TRAIL ASD"
"TN572","A.S.D. NEW LIFE"
"TN577","TRI-SWIM GARDATRENTINO ASD"
"TN578","ORIENTEERING PINE' A.S.D."
"TN579","SCATTOMATTO A TUTTOSPORT ASD"
"TO001","BATTAGLIO C.U.S. TORINO ATL"
"TO002","SISPORT SSD"
"TO003","ATL. SUSA ADRIANO ASCHIERIS"
"TO004","ATLETICA GIO' 22 RIVERA"
"TO005","ATL CUMIANA STILCAR"
"TO006","U.S. LA SALLE GIAVENO"
"TO010","PODISTICA REBA"
"TO015","ATLETICA CANAVESANA"
"TO016","ASDP ATLETICA PINEROLO"
"TO017","G.S. RIV-SKF E. AGNELLI"
"TO019","ASD G.S. POMARETTO '80"
"TO020","ATL. CHIERESE & LEO"
"TO021","A.S.D. TO021"
"TO025","C.C.R.SPORT. ALPINI TROFARELLO"
"TO029","RUNNING CENTER CLUB TORINO"
"TO031","GRUPPO SPORT. SORDOPARLANTI TO"
"TO034","GRUPPO SPORTIVI CHIVASSESI"
"TO036","G.S. ATLETICA RIVOLI A.S.D."
"TO037","ATLETICA IVREA"
"TO041","G.S.P.T. TORINO"
"TO042","ATLETICA RIVAROLO"
"TO043","POLISPORTIVA ATLETICA '71"
"TO044","BALANGERO ATLETICA LEGGERA"
"TO045","POD.TRANESE UNIONE INDUSTRIALE"
"TO046","GRUPPO SPORTIVO BERTOLO"
"TO047","A.S.D. BORGARETTO 75"
"TO049","GRUPPO PODISTICO AVIS TORINO"
"TO054","AS.SPORT.DIL.ATLETICA VOLPIANO"
"TO055","ASD CEDAS FIAT GRUPPO PODISMO"
"TO058","G. P. DILETT. TAPPOROSSO"
"TO063","UNIONE SPORT. ATLETICA CAFASSE"
"TO074","A.S. DILETT. SAFATLETICA"
"TO076","POLISPORT. NOVATLETICA CHIERI"
"TO085","G.S. ATL. NICHELINO"
"TO086","CRAL TRASPORTI TORINESI"
"TO087","POL. DIL. BAIRESE"
"TO088","AMICI DEL MOMBARONE"
"TO090","A. S. DILETT. DORATLETICA"
"TO092","LIB. FORNO SERGIO BENETTI"
"TO094","ASD GIANNONERUNNING CIRCUIT"
"TO095","G. P. RIVAROLO 1977"
"TO096","POLISPORTIVA BOSCONERESE"
"TO099","PODISTICA NONE"
"TO100","ATLETICA VENTUROLI"
"TO102","G.S. DES AMIS"
"TO114","NUOVA ATLETICA CIRIE'"
"TO118","TURIN MARATHON"
"TO130","UNIONE SPORTIVA SAN MICHELE"
"TO133","ASD G.P. A.T.P. TORINO"
"TO134","POD.DEGLI AMICI PIANEZZA TO"
"TO135","GE-SE.SPORT ASS.I.O.MA."
"TO137","PODISTICA DILETT. VALCHIUSELLA"
"TO146","ATLETICA SAVOIA"
"TO155","A.S.D. BAUDENASCA"
"TO164","A.S.D. ATLETICA TEAM CARIGNANO"
"TO169","ASD GIORDANA LOMBARDI"
"TO170","TIGER SPORT RUNNING TEAM ASD"
"TO177","A.S. ATL. STRAMBINO"
"TO178","POLISPORTIVA ATLAVIR"
"TO183","ATLETICA VALPELLICE"
"TO185","RUNNER TEAM 99 SBV"
"TO187","ATLETICA PEC"
"TO191","G.S. SCOLASTICO A. PALAZZESCHI"
"TO199","ASS. DILET. CANAVESE 2005"
"TO200","BASE RUNNING"
"TO202","CRAL SOCIETA' REALE MUTUA ASS."
"TO204","ATLETICA TORINO"
"TO205","CRAL REGIONE PIEMONTE"
"TO207","ATLETICA CASELLE '93"
"TO211","ATLETICA SETTIMESE"
"TO212","POLISPORTIVA RONCHIVERDI"
"TO215","A.S.D. VOLARE"
"TO216","A.M.E.C.E.'CLUB AJIAL'S SPORT"
"TO221","G.S. INTERFORZE TORINO"
"TO223","ASD C.R.A.L. A.M.I.A.T. TORINO"
"TO224","A.S.D. PODISTICA TORINO"
"TO226","SAFATLETICA PIEMONTE ASD"
"TO230","CARIGNANO RUN"
"TO231","A.S.D. VIGONECHECORRE"
"TO236","ASD POL. PEDAGGIO CASTIGLIONE"
"TO238","ADMO PEPERONCINO RUNNING"
"TO245","ASD ATLETICA MORENICA"
"TO246","APPLERUN TEAM"
"TO247","SAFATLETICA SSD A RL"
"TO248","A.S.D. WALKING FOR WELLNESS IT"
"TO250","ATLETICA BALON"
"TO251","SPORT MAGIC BOX"
"TO254","GLI ORCHI TRAILERS ASD"
"TO257","ASD FILMAR RUNNING"
"TO258","A.S.D VALLI DI LANZO"
"TO259","U.S. SAN SECONDO A.S.D"
"TO260","RUN ATHLETIC TEAM A.S.D."
"TO261","OLIMPIATLETICA"
"TO262","DURBANO GAS ENERGY RIVAROLO 77"
"TO264","GIRO D'ITALIA RUN"
"TO265","A.S.D. EQUILIBRA RUNNING TEAM"
"TO266","VALSUSA RUNNING TEAM"
"TO267","A.S.D. PODISTICA LEINI'"
"TO268","ATLETICA VENARIA REALE"
"TO270","ASD MARCO LINGUA 4EVER"
"TO271","TEAM MARATHON S.S.D."
"TO274","ULTRA TAAAAAC TEAM"
"TO275","ASD TEAM PERETTI"
"TO278","TRAIL RUNNING TORINO A.S.D."
"TO280","TORINO ROAD RUNNERS A.S.D."
"TO281","TRIATHLON TEAM ALPIGNANO"
"TO282","ASD CARMAEVENTI"
"TO283","RARI NANTES TORINO S.S.D.A R.L"
"TO285","ASD ORTA 10 IN 10"
"TO286","FOR FUN SPORTS TEAM A.S.D."
"TO287","ASD GRAN PARADISO VALLE ORCO"
"TO289","ASD GLI AMICI DI MARCELLO"
"TO292","ROTOLANDO SRL-SD"
"TO296","ATLETICA VAL SANGONE 2023 ASD"
"TO303","A.S.D. MAZE RUNNERS"
"TP128","A.S. DIL. TEAM SELICA"
"TP143","A.S.D. U.S. ACLI MARSALA"
"TP144","A.S.DIL. ATL. LEGG. TRAPANI"
"TP152","ASD L.I.P.A. ATLETICA ALCAMO"
"TP173","G.S.D. 5 TORRI  FIAMME CREMISI"
"TP174","A.S.D. POL.GIOVANNI FALCONE TP"
"TP176","A.S. DIL. FORTIS TRAPANI"
"TP178","ASS. POL. DILETT. I MULINI"
"TP189","G. S. DILET. 'LA VOLATA'"
"TP310","A.S. CULT. DILETT. NUMBER ONE"
"TP325","NUMBER ONE ASD-APS"
"TP365","A.S.D. POL. ATL. MAGIC TRAPANI"
"TP380","A. POL. D. DELIA 2000"
"TP400","A.S. DILETT. G.S.ATL.MAZARA"
"TP422","ASS. SPORT. DIL. C.S.VALDERICE"
"TP455","POL. DILETT. EURIALO ERICE"
"TP459","A.S.D. POL. REAL PACECO"
"TP481","G.S. DILETT.  RAGANZILI"
"TP483","A.S.D. TRIATHLON TEAM TRAPANI"
"TP516","A.S. DILETT.  POL. MARSALA DOC"
"TP600","LIBERTAS CUSTONACI A.S.D."
"TP602","A.S.D. E CULT. 'ATHENS 2004'"
"TP623","POLISPORTIVA ATLETICA MAZARA N"
"TP625","A.S.D. SALINA RUNNERS"
"TP642","PODISTICA SALEMITANA"
"TP658","NATI STANCHI RUNNERS"
"TP665","ASD MACADAM ATLETICA BELICE"
"TP674","ASD BEE.R"
"TP678","ASD LA GEMMA"
"TP682","ASD G.S. ATL. PAPIO VALDERICE"
"TP685","POL. DILETT. CONQUISTA"
"TP691","ATLETICA LEGGERA SPRINT"
"TP692","A.S.D.POL. TEAM F. INGARGIOLA"
"TP695","A.S.D. TRYPANUM"
"TP710","ASD COCOON CLUB MAZARA"
"TR002","TERNANA MARATHON CLUB A.S.D."
"TR009","G.S. AMLETO MONTI"
"TR023","A.S.D.  AVIS NARNI"
"TR024","ASS.ATL.LIBERTAS ORVIETO"
"TR040","#ILOVERUN ATHLETIC TERNI"
"TR041","AMATORI PODISTICA TERNI"
"TR045","TERNANA MARATHON CLUB"
"TR047","A.S.D. RUNNERS SAN GEMINI"
"TR048","ASD ATH LAB AMELIA VELOCISSIMI"
"TR049","A.S.D. ATHLETIC LAB AMELIA"
"TR050","TERNI TRIATHLON A.S.D."
"TR051","ASD LANCIATORI TERNI"
"TR052","ASD ATHLETIC AMELIA"
"TR054","TERNI TRIATHLON A.S.D"
"TS003","CRAL TRIESTE TRASPORTI"
"TS006","BOR"
"TS007","G.S. SAN GIACOMO"
"TS010","C.U.S. TRIESTE"
"TS043","SOCIETA' GINNASTICA TRIESTINA"
"TS044","TRIESTE ATLETICA"
"TS087","C.A. FINCANT. WARTSILA IT APS"
"TS095","PENTA SPORT TRIESTE"
"TS097","TERGESTINA"
"TS098","ATLETICA GIULIANA"
"TS099","POLISPORTIVA TRIVENETO TRIESTE"
"TS100","TRIESTE TRASPORTI ATL. GIOV."
"TS101","ATLETICA JULIA"
"TS502","A.S.D. VAL ROSANDRA TRIESTE"
"TS503","A.R.A.C."
"TS508","A.S.D. CTL ACEGA"
"TS509","ATLETICA ALTOPIANO TRIESTE"
"TS510","G.S. AMICI DEL TRAM DE OPCINA"
"TS511","A.S.D. GRUPPO GENERALI TRIESTE"
"TS523","AMICI DEL PORTO DI TRIESTE"
"TS526","ATLETICA INSIEL TRIESTE"
"TS533","BAVISELA"
"TS534","CRAL POSTE ITALIANE TRIESTE"
"TS536","EVINRUDE"
"TS538","C.R.S. VIGILI DEL FUOCO TS"
"TS540","RUNNING WORLD TRIESTE"
"TS541","PODISTICA FIAMMA TRIESTE"
"TS542","PROMO RUN TRIESTE"
"TS543","POOL SPORT TRIESTE"
"TS544","SPORTIAMO"
"TS545","ATHLETIC CLUB"
"TS546","A.S.D. ATLETICA MASTER TRIESTE"
"TS547","MIRAMAR"
"TS548","ASD FREE RUNNERS TRIESTE"
"TS549","A.S.D. AD MAIORA TRIESTE"
"TS550","DAYTONA ATHLETICS SSDRL"
"TS552","GAJA"
"TV332","ATLETICA MARENO"
"TV333","LIBERTAS ATLETICA TREVISO"
"TV335","ATL.MONTEBELLUNA"
"TV338","ASD ATLETICA MOGLIANO"
"TV339","ATLETICA PONZANO"
"TV340","ATLETICA VILLORBA"
"TV341","ATLETICA SILCA CONEGLIANO"
"TV342","ATLETICA STIORE TREVISO"
"TV343","ASD ATL.VALDOBBIADENE G.S.A."
"TV344","ATLETICA INDUSTRIALI CONEGLIAN"
"TV345","AS ATL CASTELFRANCO VENETO"
"TV347","ATL.LIB. VITTORIO VENETO"
"TV348","SILCA ULTRALITE VITTORIO V.TO"
"TV349","ASD ATLETICA QUINTO"
"TV352","A.S.D. ATLETICA SAN BIAGIO"
"TV353","ASD TRI VENETO RUN"
"TV354","TREVISATLETICA"
"TV359","GRUPPO ATLETICA VEDELAGO ASD"
"TV360","NUOVA ATLETICA RONCADE"
"TV361","JAGER ATLETICA VITTORIO V.TO"
"TV364","ATLETICA SPRESIANO"
"TV370","NUOVA ATL.RIESE PIO X"
"TV371","ASD NUOVA ATLETICA 3 COMUNI"
"TV373","ATLETICA MOTTENSE"
"TV374","ATLETICA VITTORIO VENETO"
"TV377","N.ATL.S.GIACOMO BANCA D/MARCA"
"TV379","ATL. SERNAGLIA"
"TV381","ATLETICA PEDEROBBA"
"TV383","MONTELLO RUNNERS CLUB"
"TV385","GRUPPO SPORTIVO MERCURYUS"
"TV387","SCUOLA DI MARATONA  VITTORIO V"
"TV388","RUNNING TEAM CONEGLIANO"
"TV389","POLISPORTIVA PADANA LA MARCA T"
"TV390","ATLETICA DI MARCA"
"TV391","A.S.D. PAVANELLO"
"TV392","ASD SCARPE BIANCHE"
"TV393","VFGROUP ATLETICA SANTA LUCIA"
"TV394","NUOVA ATLETICA SAN LAZZARO"
"TV395","CIMAVILLA RUNNING TEAM"
"TV396","ATLETICA MONTEGRAPPA"
"TV397","MIO MIO RUN TEAM BODY EVIDENCE"
"TV398","A.S.D. TEAM TREVISO"
"TV399","A.S.D. CORRITREVISO"
"TV400","POL. JOY CLUB FUEL TO RUN"
"TV401","PERCORRERE IL SILE"
"TV402","AMICI DI LUTRANO"
"TV403","PLAYLIFE PONZANO"
"TV406","ATL-ETICA IMPRESA SOCIALE SSD"
"TV407","E20RUN"
"TV408","A.S.D. HROBERT RUNNING TEAM"
"TV409","VITTORIO ATLETICA ASD APS"
"TV412","EUROVO ATL. PIEVE DI SOLIGO"
"TV413","RIDE YOUR DREAMS TREVISO"
"UD004","C.U.S. UDINE"
"UD008","MARIO TOSI TARVISIO"
"UD013","GEMONATLETICA"
"UD014","NUOVA ATLETICA TAVAGNACCO"
"UD015","NUOVA ATLETICA DAL FRIULI"
"UD018","LIBERTAS FRIUL PALMANOVA"
"UD026","POL. LIB. MERETO DI TOMBA"
"UD030","ATLETICA MALIGNANI LIBERTAS UD"
"UD031","POL. LIB. GRIONS E REMANZACCO"
"UD034","POL. LIBERTAS TOLMEZZO"
"UD051","ASD GR. ATL. MOGGESE ERMOLLI"
"UD065","POLISPORTIVA TIMAUCLEULIS"
"UD066","UNIONE SPORTIVA ALDO MORO"
"UD071","ATLETICA BUJA"
"UD074","LIBERTAS MAJANO"
"UD093","CARNIATLETICA"
"UD096","POL. DOPOLAVORO FERROVIARIO UD"
"UD100","UNIONE SPORTIVA LAVARIANESE"
"UD102","ATHLETIC CLUB APICILIA"
"UD110","ATLETICA 2000"
"UD111","ATLETICA CIVIDALE DEL FRIULI"
"UD112","POLISPORTIVA DEL TARVISIANO"
"UD115","ATLETICA ALTO FRIULI"
"UD116","LIBERTAS UDINE"
"UD118","ATLETICA SAN DANIELE"
"UD121","LUPIGNANUM TRACK&FIELD"
"UD122","ASD PREALPI GIULIE"
"UD500","G. M. UDINESI UOEI"
"UD502","G.M. G.S. AQUILE FRIULANE"
"UD503","GEMONATLETICA S.R.L. DIL."
"UD511","G.S. ALPINI NUCLEO DI PULFERO"
"UD516","MARATONA MAGNANO"
"UD518","PIANI DI VAS"
"UD520","MARATONINA UDINESE"
"UD525","PODISMO BUTTRIO"
"UD526","GRUPPO SPORTIVO NATISONE"
"UD527","ATLETICA DOLCE NORD-EST"
"UD528","NIU' TEAM"
"UD529","KEEP MOVING"
"UD530","JALMICCO CORSE ASSOCIAZIONE SP"
"UD531","MARATONA DELLE CITTA' DEL VINO"
"UD541","MOSTRORUN A.S.D."
"UD544","PALESTRA CIELO APERTO SSD"
"VA050","ATL. CAIRATESE"
"VA051","G.S. MARATONETI CASSANO M.GO"
"VA069","VIRTUS SOMMA LOMBARDO"
"VA078","MARATONETI TRADATE"
"VA117","ATL. MALNATE"
"VA119","ATL. O.S.A. SARONNO LIB."
"VA121","PRO PATRIA A.R.C. BUSTO A."
"VA123","CUS INSUBRIA VARESE COMO"
"VA124","ATL. LIB. UBOLDO"
"VA126","S.G. GALLARATESE"
"VA128","ATL. SAN MARCO U.S. ACLI"
"VA129","POL. OLONIA"
"VA130","N. ATL. VARESE"
"VA131","U.S. VIRTUS ATL."
"VA133","SESTO 76"
"VA168","AMATORI ATL. CASORATE S."
"VA193","G.A.P. SARONNO"
"VA220","SPORT CLUB ITALIA LUINO"
"VA251","G.S. MARATHON MAX"
"VA263","G.A.M. WHIRLPOOL"
"VA287","PODISTI VALLE OLONA"
"VA373","POL. AIROLDI ORIGGIO"
"VA394","ATL. ARCISATE"
"VA451","ATL. VERBANO"
"VA460","N.ATL. ARCONATE"
"VA476","ATL. TRADATE"
"VA509","ATLETICA 3V"
"VA525","PODISTICA MEZZANESE"
"VA549","ATH.RUNNER & CLIMBER BUSTO A."
"VA550","ATL. GAVIRATE"
"VA563","RUNNERS VALBOSSA-AZZATE"
"VA598","RUNNING SARONNO"
"VA608","RUNNER VARESE"
"VA621","ATL. LAGO MAGGIORE"
"VA636","P&C PODISMOECAZZEGGIO"
"VA661","SETTE LAGHI RUNNERS"
"VA697","POLISPORTIVA SALUS GERENZANO"
"VA731","ATL. GALLARATESE"
"VA740","ATL. MACCAGNO"
"VA743","SCI NORDICO VARESE"
"VA750","CARDATLETICA"
"VA766","ATL. LA FORNACE"
"VA796","ATHLON RUNNERS"
"VA834","NUOVA ATLETICA SAMVERGA ASD"
"VA843","NRDC-ITA RUNNING CLUB"
"VA864","ATL. VARESINA MALPENSA"
"VA914","CAMPUS VARESE RUNNERS"
"VA918","VARESE ATLETICA A.S.D."
"VA943","ASD BUMBASINA RUN"
"VA980","ATLETICA TIGERS"
"VA981","TEAM ATTIVASALUTE ASD"
"VA982","A.S.D. FREE RUNNERS TEAM"
"VA990","MALPENSA ATLETICA"
"VB005","A. S. D. BOGNANCO"
"VB012","A.S.D. CADDESE"
"VB013","G. S. D. VALDIVEDRO"
"VB014","CO-VER SPORTIVA MAPEI"
"VB019","ATLETICA CISTELLA"
"VB025","G. S. D. GENZIANELLA"
"VB028","A. S. D. CASTIGLIONE OSSOLA"
"VB034","A.S.D. GRAVELLONA VCO"
"VB040","AVIS MARATHON VERBANIA"
"VB041","SPORT & SPORTIVI"
"VB047","ATL. OSSOLANA 2000"
"VB049","ATL. OSSOLANA VIGEZZO"
"VB050","MARATOLANDIA"
"VB052","ATLETICA AVIS OSSOLANA"
"VB054","SPORT PRO-MOTION"
"VB055","GAV GRUPPO ATLETICA VERBANIA A"
"VB058","SPORT PROJECT VCO"
"VC001","ATL. SANTHIA'"
"VC002","UNIONE GIOVANE BIELLA"
"VC004","ATLETICA VERCELLI 78"
"VC006","G.P. TRINESE"
"VC008","A.S.GAGLIANICO 1974"
"VC012","A.ATL. CANDELO"
"VC014","G.S.A. VALSESIA"
"VC017","G.S. SPLENDOR COSSATO"
"VC019","ATL. STRONESE-NUOVA NORDAFFARI"
"VC020","G.S. ERMENEGILDO ZEGNA"
"VC021","ATL.LESSONA"
"VC024","CEDAS LANCIA VERRONE"
"VC025","A.S. AMATORI SPORT"
"VC028","GRUPPO AMICI CORSA PETTINENGO"
"VC037","GSA POLLONE"
"VC038","C.S.ROASIO"
"VC041","SOC.SPORT.DILETTAN. ARCOBALENO"
"VC042","MULTISPORT SALUGGIA"
"VC043","ATL.GAGLIANICO"
"VC045","ATLETICA VALSESIA"
"VC046","ATL. TRIVERO 2001"
"VC047","PODISTICA VIGLIANO ASD"
"VC048","PIETRO MICCA BIELLA RUNNING"
"VC049","BUGELLA SPORT"
"VC050","ATLETICA CIGLIANO"
"VC053","LA VETTA RUNNING"
"VC054","ATLETICA SERRA CRESCENTINO"
"VC055","PGS DECATHLON VERCELLI"
"VC056","A.S.D. PODISMO DI SERA"
"VC057","ATLETICAMICA"
"VC058","MASTER ATHLETICS TEAM BIELLA"
"VC060","A.S.D. OLIMPIA RUNNERS"
"VC061","BIELLA RUNNING"
"VC062","CALIFORNIA SPORT & FITNESS"
"VC064","READY TO RUN S.R.L."
"VC065","A.S.D.CLIMB RUNNERS"
"VC066","SPLENDOR 1922"
"VC068","ASD TRAIL MONTE CASTO"
"VC071","AMATORI SPORT ASD"
"VC073","ASD FUTURATLETICA PIEMONTE"
"VE461","OLIMPICAORLE"
"VE462","C.U.S. VENEZIA"
"VE464","ATLETICA AUDACE NOALE ASD"
"VE465","AS ATHLON S.GIULIANO VE"
"VE466","A.D.C.S. LIBERTAS SCORZE'"
"VE468","AMATORI ATL.CHIRIGNAGO"
"VE470","VENEZIA RUNNERS ATL.MURANO"
"VE471","ASD ATLETICA MARCON"
"VE472","LA FENICE 1923 MESTRE"
"VE473","ATLETICA RIVIERA DEL BRENTA"
"VE474","GA ARISTIDE COIN VENEZIA 1949"
"VE475","ATL.JESOLO TURISMO"
"VE478","C.G.S.MARISPORT MOROSINI"
"VE479","POL.CAORLE"
"VE480","ASD VENEZIA TRIATHLON"
"VE482","CRAGENERALI ASD"
"VE483","ATLETICA ASI VENETO"
"VE486","ASD BARIZZA SPORT"
"VE488","VIGILI DEL FUOCO VENEZIA"
"VE490","AILATAN"
"VE491","ESSETRE RUNNING"
"VE492","ATLETICA SAN MARCO VENEZIA"
"VE495","MARTELLAGO RUNNING TEAM"
"VE499","MARATONETI ERACLEA"
"VE500","ATL.MIRAFIORI"
"VE502","ASD ATL LIB MIRANO"
"VE504","G.S.A. VENEZIA"
"VE506","SPOTORNI RUN"
"VE507","VENICEMARATHON CLUB"
"VE508","ASD MARATHON CAVALLI MARINI"
"VE512","ASD VOLTAN"
"VE513","DL GR.POD. ENICHEM"
"VE514","ATLETICO  SALA"
"VE516","ASD RUNNERS CLUB AGGGREDIRE"
"VE519","ATL. DUE TORRI SPORTING NOALE"
"VE520","ATLETICA BIBIONE"
"VE522","A.S.D. ATLETICA SAN ROCCO"
"VE528","ATLETICA SAN DONA' - ERACLEA"
"VE529","RUNNING TEAM MESTRE"
"VE530","LIGER TEAM RUNNING"
"VE531","ASD ATLETICA SPERANZA"
"VE532","ATLETICA ALBORE MARTELLAGO"
"VE534","RUN SPINEA RUN A.S.D."
"VE535","TORNADO"
"VE536","RUNNING CLUB VENEZIA A.S.D."
"VE539","POL.GAZZERA OLIMPIA CHIRIGNAGO"
"VE540","CAJGO RUNNERS VENEZIA ASD"
"VE542","ASD BUNKER SPORT"
"VE544","VENICEMARATHON SSD A R.L."
"VE546","VENEZIA ATLETICA ASD"
"VE551","MARATONELLA ASD"
"VE552","A.S.D. JESOLO TRIATHLON"
"VE553","UISP MARGHERA ATLETICA"
"VE554","UMF VENICE TEAM ASD"
"VE555","ASD OLL SCARS"
"VE558","PORTOGRUARO RUNNERS"
"VE559","VENETO SPECIAL SPORT SSD ARL"
"VE561","P.G.S. HYADES PALLAVOLO KARATE"
"VI613","ATLETICA SCHIO"
"VI614","GRUPPO ATLETICO BASSANO 1948"
"VI615","U.S. SUMMANO"
"VI616","ATL. MAROSTICA VIMAR"
"VI617","NOVATLETICA CITTA DI SCHIO ASD"
"VI618","POL.MONTECCHIO PRECALCINO ASD"
"VI619","ASI ATLETICA BREGANZE"
"VI620","G.S. LEONICENA"
"VI621","POLISPORTIVA DUEVILLE"
"VI622","CSI ATL. PROVINCIA DI VICENZA"
"VI623","ASSOCIAZIONE ATLETICA N.E.VI."
"VI624","A.S.D. RISORGIVE APS"
"VI626","ATL.VICENTINA"
"VI631","SS ATL ARZIGNANO"
"VI632","GR.SP.DIL.SCOL MARCONI CASSOLA"
"VI635","TEAM ITALIA ROAD RUNNERS"
"VI642","ATL.SCHIO MARIO LANZI"
"VI643","RUNNERS TEAM ZANE'"
"VI644","POLISPORTIVA VALDAGNO"
"VI646","A.A.A.MALO"
"VI649","A.N.A. VICENZA"
"VI650","MASTERATLETICA"
"VI652","ASD ATLETICA IRON GYM"
"VI654","VICENZA RUNNERS"
"VI656","ASD ATLETICA OVEST VICENTINO"
"VI659","EMME RUNNING TEAM"
"VI660","VICENZA MARATHON"
"VI661","TERZO TEMPO"
"VI662","LA FULMINEA RUNNING TEAM SINCE"
"VI663","POLISPORTIVA AURORA 76 ASD"
"VI664","ATLETICA SERENISSIMA ASD"
"VI666","ASD NICO RUNNERS"
"VI667","SPORT RACE A.S.D."
"VI669","AFV BELTRAME"
"VI670","GR SPORTIVO ALPINI VICENZA ASD"
"VI676","MARUNNERS"
"VI679","ASD GRUMOLO"
"VI680","SKYRUNNERS LE VIGNE VICENZA"
"VI681","A.S.D. MACURI TEAM"
"VI682","ASD POLISPORTIVA FULGOR THIENE"
"VI683","ASD DELTA SPORT PERFORMANCE"
"VI684","VALLEY ATHLETICS TEAM A.S.D."
"VI686","ATLETICA PEDEMONTANA VENETA"
"VR761","ATL. INSIEME VERONA"
"VR762","ATL. VR ASD PINDEMONTE"
"VR764","U.S. SAN MARTINO B. A."
"VR769","POL. LIBERTAS LUPATOTINA"
"VR770","G.S. LUGAGNANO"
"VR775","ATLETICA BOVOLONE"
"VR776","ATLETICA PRISMA SPEDIZIONI"
"VR777","U.S. INTREPIDA"
"VR781","A.S.D. ATLETICA VALPOLICELLA"
"VR783","ASD S. PAOLO VALEGGIO"
"VR784","FONDAZIONE M. BENTEGODI"
"VR785","ASD VALDALPONE"
"VR795","G.S.D. G. BIASIN ILLASI"
"VR798","ASD ATLETICA CEREA"
"VR799","G.S.DIL. GUARINO"
"VR800","A.S.D. ATLETICA LUPATOTINA"
"VR802","G.S.D. MOMBOCAR"
"VR815","POL. ADIGE BUON PASTORE"
"VR820","PSG FOVER VILLAFRANCA VR"
"VR821","ATL. BALDO-GARDA CAPRINO V.SE"
"VR825","C.U.S. VERONA SEZ. ATLETICA"
"VR826","ATLETICA LEGNAGO"
"VR828","ASD MARATHON LEGNAGO"
"VR830","G.A.A.C. 2007 VERONAMARATHON"
"VR831","ASD ATLETICA VILLAFRANCA VR"
"VR832","A.S.D. LA RUSTICA PESCANTINA"
"VR833","LIB. VALPOLICELLA LUPATOTINA"
"VR835","A.S.D. TEAM KM SPORT"
"VR836","GIANCARLO BIASIN ILLASI ASD"
"VR837","ATLETICA ADIGE"
"VR839","ATLETICA PRISMA LOGISTICS ASD"
"VR840","WOMAN TRIATHLON ITALIA A.S.D."
"VR842","TRAGUARDO VOLANTE RACING"
"VR844","BOSCAINI RUNNERS"
"VR845","ASSOCIAZIONE STRAVERONA ASD"
"VR846","ASD ATLETICA SBV"
"VR847","VERONA RUNNER TOGETHER FREE"
"VR848","ASD REVELO"
"VR849","TRIATHLON & TRAINING SSD"
"VR850","BLACK WARRIORS ASD"
"VR851","VRM TEAM ASD"
"VR852","ESERCITO-4 REGG. ALPINI PARAC."
"VR856","MYPACE RUNNING TEAM"
"VR857","HOP STEP JUMP VALEGGIO ATLETIC"
"VR858","A.S.D. VERONA TRAIL RUNNERS"
"VT004","POLISPORTIVA MONTALTO ASD"
"VT008","POL. VITORCHIANESE"
"VT011","POL. FULGUR TUSCANIA"
"VT014","ATLETICA ORTE"
"VT015","A.S.D. VITERBO RUNNERS"
"VT020","A.S.D. ATLETICA VETRALLA"
"VT050","A.S.D. AT RUNNING"
"VT200","ASD BOLSENA FORUM SPORT"
"VT203","POL. ATL. MONTALTO"
"VT207","ASD ATLETICA VITERBO"
"VT215","ATL. FULGUR TUSCANIA"
"VT222","ATL. 90 TARQUINIA"
"VT300","A.S.D. ATLETICA ORTE"
"VT501","ALTO LAZIO A.S.D."
"VT505","A.S.D.  ATLETICA NEPI"
"VT510","RUNNERS CANINO ASD"
"VT514","ATL. DI MARCO SPORT"
"VT585","ASD NISSOLINO ATLETICA TUSCIA"
"VV287","ATL.PIZZO 97"
"VV351","ATLETICA VIBO VALENTIA"
"VV363","MILETO MARATHON"
"VV369","CONOSCERE JONADI"
"VV373","A.S.D. ATLETICA SAN COSTANTINO"
"VV425","FILADELFIATLETICA"
