\BOOKMARK [1][]{section.1}{\376\377\000I\000n\000t\000r\000o\000d\000u\000z\000i\000o\000n\000e}{}% 1
\BOOKMARK [1][]{section.2}{\376\377\000A\000n\000d\000a\000m\000e\000n\000t\000o\000\040\000d\000e\000i\000\040\000R\000i\000s\000u\000l\000t\000a\000t\000i\000\040\000N\000a\000z\000i\000o\000n\000a\000l\000i}{}% 2
\BOOKMARK [1][]{section.3}{\376\377\000A\000G\0000\0005\0001\000:\000\040\000A\000.\000S\000.\000D\000.\000\040\000P\000O\000L\000.\000\040\000A\000T\000H\000L\000O\000N\000\040\000R\000I\000B\000E\000R\000A}{}% 3
\BOOKMARK [1][]{section.4}{\376\377\000A\000G\0000\0005\0002\000:\000\040\000A\000.\000S\000.\000D\000.\000\040\000P\000O\000L\000.\000\040\000A\000G\000A\000T\000O\000C\000L\000E\000\040\000S\000C\000I\000A\000C\000C\000A}{}% 4
\BOOKMARK [1][]{section.5}{\376\377\000A\000G\0000\0007\0005\000:\000\040\000A\000.\000S\000.\000D\000.\000G\000.\000S\000.\000\040\000V\000A\000L\000L\000E\000\040\000D\000E\000I\000\040\000T\000E\000M\000P\000L\000I\000\040\000A\000G}{}% 5
\BOOKMARK [1][]{section.6}{\376\377\000A\000G\0002\0000\0000\000:\000\040\000A\000.\000S\000.\000D\000.\000\040\000S\000C\000I\000A\000C\000C\000A\000\040\000R\000U\000N\000N\000I\000N\000G}{}% 6
\BOOKMARK [1][]{section.7}{\376\377\000A\000G\0002\0002\0008\000:\000\040\000A\000.\000S\000.\000D\000.\000\040\000O\000L\000I\000M\000P\000U\000S\000\040\000K\000E\000R\000K\000E\000N\000T\000\040\000R\000U\000N\000N\000E\000R\000S}{}% 7
\BOOKMARK [1][]{section.8}{\376\377\000A\000G\0002\0008\0009\000:\000\040\000A\000.\000S\000.\000D\000.\000\040\000A\000I\000R\000O\000N\000E\000\040\000C\000A\000S\000T\000E\000L\000T\000E\000R\000M\000I\000N\000I}{}% 8
\BOOKMARK [1][]{section.9}{\376\377\000A\000G\0003\0000\0000\000:\000\040\000A\000.\000S\000.\000D\000.\000\040\000F\000L\000G\000\040\000G\000R\000A\000N\000D\000I\000\040\000E\000V\000E\000N\000T\000I}{}% 9
\BOOKMARK [1][]{section.10}{\376\377\000A\000G\0003\0005\0000\000:\000\040\000A\000.\000C\000.\000S\000.\000D\000.\000\040\000N\000E\000W\000\040\000T\000I\000M\000E\000\040\000C\000A\000N\000I\000C\000A\000T\000T\000I\000'}{}% 10
\BOOKMARK [1][]{section.11}{\376\377\000A\000G\0004\0000\0007\000:\000\040\000A\000.\000S\000.\000\040\000D\000I\000L\000.\000\040\000P\000O\000L\000.\000\040\000M\000E\000N\000F\000I\000\040\000'\0009\0005}{}% 11
\BOOKMARK [1][]{section.12}{\376\377\000A\000G\0004\0004\0007\000:\000\040\000A\000.\000S\000.\000D\000.\000\040\000P\000R\000O\000\040\000S\000P\000O\000R\000T\000\040\000R\000A\000V\000A\000N\000U\000S\000A}{}% 12
\BOOKMARK [1][]{section.13}{\376\377\000A\000G\0004\0006\0003\000:\000\040\000A\000.\000S\000.\000D\000.\000\040\000A\000T\000L\000E\000T\000I\000C\000A\000\040\000C\000A\000N\000I\000C\000A\000T\000T\000I}{}% 13
\BOOKMARK [1][]{section.14}{\376\377\000A\000G\0004\0008\0007\000:\000\040\000A\000.\000S\000.\000D\000.\000\040\000P\000A\000S\000S\000I\000O\000N\000E\000\040\000C\000O\000R\000S\000A\000\040\000R\000I\000B\000E\000R\000A}{}% 14
\BOOKMARK [1][]{section.15}{\376\377\000A\000G\0004\0008\0009\000:\000\040\000A\000T\000L\000E\000T\000I\000C\000A\000R\000O\000S\000A\000M\000A\000R\000I\000A}{}% 15
\BOOKMARK [1][]{section.16}{\376\377\000A\000G\0004\0009\0005\000:\000\040\000A\000T\000L\000E\000T\000I\000C\000A\000\040\000L\000I\000C\000A\000T\000A}{}% 16
\BOOKMARK [1][]{section.17}{\376\377\000A\000G\0005\0000\0003\000:\000\040\000A\000.\000S\000.\000\040\000D\000I\000L\000E\000T\000T\000.\000\040\000L\000A\000\040\000T\000A\000R\000T\000A\000R\000U\000G\000A}{}% 17
\BOOKMARK [1][]{section.18}{\376\377\000A\000G\0005\0000\0005\000:\000\040\000A\000.\000S\000.\000D\000.\000P\000R\000O\000S\000P\000O\000R\000T\000\040\000C\000A\000S\000T\000R\000O\000F\000I\000L\000I\000P\000P\000O}{}% 18
\BOOKMARK [1][]{section.19}{\376\377\000A\000G\0006\0003\0009\000:\000\040\000A\000.\000S\000.\000D\000.\000\040\000M\000A\000R\000A\000T\000H\000O\000N\000\040\000T\000E\000A\000M\000\040\000C\000A\000N\000I\000C\000A\000T\000T\000I}{}% 19
\BOOKMARK [1][]{section.20}{\376\377\000A\000G\0006\0004\0001\000:\000\040\000A\000.\000S\000.\000D\000.\000\040\000C\000A\000M\000P\000O\000B\000E\000L\000L\000O\000\040\000C\000O\000R\000R\000E}{}% 20
\BOOKMARK [1][]{section.21}{\376\377\000A\000G\0006\0004\0004\000:\000\040\000A\000.\000S\000.\000\040\000D\000I\000L\000E\000T\000T\000.\000\040\000A\000M\000A\000T\000O\000R\000I\000\040\000A\000R\000A\000G\000O\000N\000A}{}% 21
\BOOKMARK [1][]{section.22}{\376\377\000A\000L\0000\0000\0001\000:\000\040\000A\000T\000L\000.\000\040\000A\000L\000E\000S\000S\000A\000N\000D\000R\000I\000A}{}% 22
\BOOKMARK [1][]{section.23}{\376\377\000A\000L\0000\0000\0002\000:\000\040\000A\000.\000T\000.\000A\000.}{}% 23
\BOOKMARK [1][]{section.24}{\376\377\000A\000L\0000\0000\0003\000:\000\040\000D\000E\000R\000T\000H\000O\000N\000A\000\040\000A\000T\000L\000E\000T\000I\000C\000A}{}% 24
\BOOKMARK [1][]{section.25}{\376\377\000A\000L\0000\0000\0004\000:\000\040\000A\000.\000S\000.\000D\000.\000\040\000A\000T\000L\000.\000\040\000S\000E\000R\000R\000A\000V\000A\000L\000L\000E\000S\000E}{}% 25
\BOOKMARK [1][]{section.26}{\376\377\000A\000L\0000\0000\0005\000:\000\040\000A\000T\000L\000.\000\040\000O\000V\000A\000D\000E\000S\000E\000\040\000O\000R\000M\000I\000G}{}% 26
\BOOKMARK [1][]{section.27}{\376\377\000A\000L\0000\0000\0006\000:\000\040\000A\000.\000S\000.\000D\000.\000\040\000A\000C\000C\000A\000D\000E\000M\000I\000A\000T\000L\000E\000T\000I\000C\000A}{}% 27
\BOOKMARK [1][]{section.28}{\376\377\000A\000L\0000\0000\0007\000:\000\040\000A\000T\000L\000.\000\040\000N\000O\000V\000E\000S\000E}{}% 28
\BOOKMARK [1][]{section.29}{\376\377\000A\000L\0000\0001\0000\000:\000\040\000G\000.\000P\000.\000\040\000B\000O\000G\000G\000E\000R\000I\000\040\000A\000R\000Q\000U\000A\000T\000A\000\040\000S\000C\000R\000I\000V\000I\000A}{}% 29
\BOOKMARK [1][]{section.30}{\376\377\000A\000L\0000\0001\0001\000:\000\040\000A\000S\000D\000\040\000V\000E\000R\000D\000E\000N\000E\000R\000O}{}% 30
\BOOKMARK [1][]{section.31}{\376\377\000A\000L\0000\0001\0002\000:\000\040\000G\000.\000S\000.\000D\000.\000\040\000S\000A\000I\000\040\000F\000R\000E\000C\000C\000E\000\040\000B\000I\000A\000N\000C\000H\000E\000\040\000P\000O\000D}{}% 31
\BOOKMARK [1][]{section.32}{\376\377\000A\000L\0000\0001\0007\000:\000\040\000J\000U\000N\000I\000O\000R\000A\000T\000L\000E\000T\000I\000C\000A\000\040\000A\000S\000D}{}% 32
\BOOKMARK [1][]{section.33}{\376\377\000A\000L\0000\0002\0003\000:\000\040\000A\000T\000L\000E\000T\000I\000C\000A\000\040\000A\000L\000E\000R\000A\000M\000I\000C\000A}{}% 33
\BOOKMARK [1][]{section.34}{\376\377\000A\000L\0000\0002\0005\000:\000\040\000P\000O\000L\000I\000S\000P\000O\000R\000T\000I\000V\000A\000\040\000G\000A\000L\000I\000L\000E\000O\000\040\000G\000A\000L\000I\000L\000E\000I}{}% 34
\BOOKMARK [1][]{section.35}{\376\377\000A\000L\0000\0002\0006\000:\000\040\000G\000.\000P\000.\000\040\000S\000O\000L\000V\000A\000Y}{}% 35
\BOOKMARK [1][]{section.36}{\376\377\000A\000L\0000\0002\0008\000:\000\040\000A\000C\000Q\000U\000I\000R\000U\000N\000N\000E\000R\000S}{}% 36
\BOOKMARK [1][]{section.37}{\376\377\000A\000L\0000\0003\0000\000:\000\040\000A\000Z\000A\000L\000A\000I\000\040\000A\000.\000S\000.\000D\000.}{}% 37
\BOOKMARK [1][]{section.38}{\376\377\000A\000L\0000\0003\0001\000:\000\040\000B\000I\000O\000\040\000C\000O\000R\000R\000E\000N\000D\000O\000\040\000A\000V\000I\000S}{}% 38
\BOOKMARK [1][]{section.39}{\376\377\000A\000L\0000\0003\0002\000:\000\040\000A\000P\000S\000\040\000L\000A\000\040\000F\000E\000N\000I\000C\000E\000\040\000A\000S\000D}{}% 39
\BOOKMARK [1][]{section.40}{\376\377\000A\000L\0000\0003\0003\000:\000\040\000A\000.\000S\000.\000D\000.\000\040\000F\000R\000E\000C\000C\000E\000\040\000B\000I\000A\000N\000C\000H\000E}{}% 40
\BOOKMARK [1][]{section.41}{\376\377\000A\000L\0000\0003\0004\000:\000\040\0000\0001\0003\0001\000R\000U\000N\000\040\000O\000F\000\040\000M\000A\000D\000E\000\040\000A\000.\000S\000.\000D\000.}{}% 41
\BOOKMARK [1][]{section.42}{\376\377\000A\000L\0000\0003\0007\000:\000\040\000A\000.\000S\000.\000D\000\040\000A\000I\000R\000O\000N\000E\000\040\000T\000R\000I\000A\000T\000H\000L\000O\000N}{}% 42
\BOOKMARK [1][]{section.43}{\376\377\000A\000N\0000\0000\0001\000:\000\040\000A\000T\000L\000E\000T\000I\000C\000A\000\040\000O\000S\000I\000M\000O}{}% 43
\BOOKMARK [1][]{section.44}{\376\377\000A\000N\0000\0000\0002\000:\000\040\000A\000.\000A\000T\000L\000.\000\040\000F\000A\000B\000R\000I\000A\000N\000O}{}% 44
\BOOKMARK [1][]{section.45}{\376\377\000A\000N\0000\0000\0003\000:\000\040\000A\000.\000S\000.\000A\000T\000L\000E\000T\000I\000C\000A\000\040\000F\000A\000L\000C\000O\000N\000A\000R\000A}{}% 45
\BOOKMARK [1][]{section.46}{\376\377\000A\000N\0000\0000\0005\000:\000\040\000A\000T\000L\000.\000\040\000V\000A\000L\000L\000E\000S\000I\000N\000A}{}% 46
\BOOKMARK [1][]{section.47}{\376\377\000A\000N\0000\0000\0007\000:\000\040\000A\000T\000L\000.\000\040\000C\000H\000I\000A\000R\000A\000V\000A\000L\000L\000E}{}% 47
\BOOKMARK [1][]{section.48}{\376\377\000A\000N\0000\0000\0009\000:\000\040\000A\000T\000L\000.\000\040\000A\000M\000A\000T\000.\000\040\000A\000V\000I\000S\000\040\000C\000A\000S\000T\000E\000L\000F\000I\000D\000A\000R\000D\000O}{}% 48
\BOOKMARK [1][]{section.49}{\376\377\000A\000N\0000\0001\0000\000:\000\040\000S\000.\000E\000.\000F\000.\000\040\000S\000T\000A\000M\000U\000R\000A\000\040\000A\000N\000C\000O\000N\000A\000\040\000A\000.\000S\000.\000D\000.}{}% 49
\BOOKMARK [1][]{section.50}{\376\377\000A\000N\0000\0001\0001\000:\000\040\000A\000T\000L\000.\000\040\000E\000N\000D\000A\000S\000\040\000A\000N\000C\000O\000N\000A}{}% 50
\BOOKMARK [1][]{section.51}{\376\377\000A\000N\0000\0001\0005\000:\000\040\000S\000P\000O\000R\000T\000\040\000D\000.\000L\000.\000F\000.\000\040\000A\000N\000C\000O\000N\000A}{}% 51
\BOOKMARK [1][]{section.52}{\376\377\000A\000N\0000\0001\0006\000:\000\040\000A\000T\000L\000.\000C\000A\000S\000T\000E\000L\000F\000I\000D\000A\000R\000D\000O\000\040\000C\000R\000I\000M\000I\000N\000E\000S\000I}{}% 52
\BOOKMARK [1][]{section.53}{\376\377\000A\000N\0000\0001\0007\000:\000\040\000N\000U\000O\000V\000A\000\040\000P\000O\000D\000I\000S\000T\000I\000C\000A\000\040\000L\000O\000R\000E\000T\000O}{}% 53
\BOOKMARK [1][]{section.54}{\376\377\000A\000N\0000\0001\0008\000:\000\040\000A\000T\000L\000.\000A\000M\000A\000T\000.\000O\000S\000I\000M\000O}{}% 54
\BOOKMARK [1][]{section.55}{\376\377\000A\000N\0000\0001\0009\000:\000\040\000P\000O\000L\000.\000C\000A\000N\000D\000I\000A\000\040\000B\000A\000R\000A\000C\000C\000O\000L\000A\000\040\000A\000S\000P\000I\000O}{}% 55
\BOOKMARK [1][]{section.56}{\376\377\000A\000N\0000\0002\0002\000:\000\040\000S\000.\000A\000T\000L\000.\000\040\000S\000E\000N\000I\000G\000A\000L\000L\000I\000A}{}% 56
\BOOKMARK [1][]{section.57}{\376\377\000A\000N\0000\0002\0008\000:\000\040\000G\000.\000S\000.\000\040\000G\000I\000A\000N\000N\000I\000N\000O\000\040\000P\000I\000E\000R\000A\000L\000I\000S\000I}{}% 57
\BOOKMARK [1][]{section.58}{\376\377\000A\000N\0000\0003\0002\000:\000\040\000A\000T\000L\000.\000\040\000J\000E\000S\000I}{}% 58
\BOOKMARK [1][]{section.59}{\376\377\000A\000N\0000\0003\0004\000:\000\040\000P\000O\000L\000.\000\040\000F\000U\000T\000U\000R\000A\000\040\000O\000S\000I\000M\000O}{}% 59
\BOOKMARK [1][]{section.60}{\376\377\000A\000N\0000\0003\0007\000:\000\040\000A\000T\000L\000E\000T\000I\000C\000A\000\040\000F\000A\000B\000R\000I\000A\000N\000O\000\040\000-\000\040\000O\000S\000I\000M\000O}{}% 60
\BOOKMARK [1][]{section.61}{\376\377\000A\000N\0000\0004\0000\000:\000\040\000P\000O\000L\000I\000S\000P\000O\000R\000T\000I\000V\000A\000\040\000E\000X\000T\000R\000A}{}% 61
\BOOKMARK [1][]{section.62}{\376\377\000A\000N\0000\0004\0002\000:\000\040\000A\000.\000S\000.\000D\000.\000\040\000C\000.\000S\000.\000\040\000F\000I\000L\000O\000T\000T\000R\000A\000N\000O\000\040\000A\000T\000L\000E\000T}{}% 62
\BOOKMARK [1][]{section.63}{\376\377\000A\000N\0000\0004\0006\000:\000\040\000U\000P\000R\000\040\000M\000O\000N\000T\000E\000M\000A\000R\000C\000I\000A\000N\000O\000\040\000S\000S\000D}{}% 63
\BOOKMARK [1][]{section.64}{\376\377\000A\000N\0000\0004\0008\000:\000\040\000A\000.\000S\000.\000D\000.\000P\000O\000D\000I\000S\000T\000I\000C\000A\000\040\000A\000V\000I\000S\000\040\000F\000A\000B\000R\000I\000A\000N\000O}{}% 64
\BOOKMARK [1][]{section.65}{\376\377\000A\000N\0000\0004\0009\000:\000\040\000A\000S\000D\000\040\000S\000P\000A\000C\000E\000\040\000R\000U\000N\000N\000I\000N\000G}{}% 65
\BOOKMARK [1][]{section.66}{\376\377\000A\000N\0000\0005\0000\000:\000\040\000A\000.\000S\000.\000D\000.\000\040\000P\000O\000D\000I\000S\000T\000I\000C\000A\000\040\000V\000A\000L\000M\000I\000S\000A}{}% 66
\BOOKMARK [1][]{section.67}{\376\377\000A\000N\0000\0005\0004\000:\000\040\000T\000R\000E\000C\000A\000S\000T\000E\000L\000L\000I\000\040\000P\000O\000L\000I\000S\000P\000O\000R\000T\000I\000V\000A\000\040\000A\000S\000D}{}% 67
\BOOKMARK [1][]{section.68}{\376\377\000A\000O\0000\0000\0001\000:\000\040\000A\000T\000L\000E\000T\000I\000C\000A\000\040\000C\000O\000G\000N\000E\000\040\000A\000O\000S\000T\000A}{}% 68
\BOOKMARK [1][]{section.69}{\376\377\000A\000O\0000\0000\0002\000:\000\040\000A\000T\000L\000E\000T\000I\000C\000A\000\040\000P\000O\000N\000T\000\040\000D\000O\000N\000N\000A\000S}{}% 69
\BOOKMARK [1][]{section.70}{\376\377\000A\000O\0000\0000\0003\000:\000\040\000A\000T\000L\000E\000T\000I\000C\000A\000\040\000M\000O\000N\000T\000E\000R\000O\000S\000A\000\040\000F\000O\000G\000U\000\040\000A\000R\000N\000A\000D}{}% 70
\BOOKMARK [1][]{section.71}{\376\377\000A\000O\0000\0000\0004\000:\000\040\000A\000T\000L\000E\000T\000I\000C\000A\000\040\000S\000A\000N\000D\000R\000O\000\040\000C\000A\000L\000V\000E\000S\000I}{}% 71
\BOOKMARK [1][]{section.72}{\376\377\000A\000O\0000\0000\0006\000:\000\040\000P\000O\000L\000I\000S\000P\000O\000R\000T\000I\000V\000A\000\040\000S\000A\000N\000T\000'\000O\000R\000S\000O\000\040\000A\000O\000S\000T\000A}{}% 72
\BOOKMARK [1][]{section.73}{\376\377\000A\000O\0000\0000\0007\000:\000\040\000A\000T\000L\000.\000\040\000Z\000E\000R\000B\000I\000O\000N\000\040\000S\000T\000-\000V\000I\000N\000C\000E\000N\000T\000\040\000C\000H\000A\000T}{}% 73
\BOOKMARK [1][]{section.74}{\376\377\000A\000O\0000\0001\0000\000:\000\040\000I\000\040\000G\000R\000I\000F\000O\000N\000I\000\040\000-\000\040\000R\000A\000P\000P\000R\000.\000\040\000G\000D\000F}{}% 74
\BOOKMARK [1][]{section.75}{\376\377\000A\000O\0000\0001\0003\000:\000\040\000A\000.\000P\000.\000D\000.\000\040\000P\000O\000N\000T\000-\000S\000A\000I\000N\000T\000-\000M\000A\000R\000T\000I\000N}{}% 75
\BOOKMARK [1][]{section.76}{\376\377\000A\000O\0000\0001\0005\000:\000\040\000A\000T\000L\000E\000T\000I\000C\000\040\000T\000E\000A\000M\000\040\0002\0000\0000\0000}{}% 76
\BOOKMARK [1][]{section.77}{\376\377\000A\000O\0000\0001\0006\000:\000\040\000R\000.\000A\000.\000S\000.\000\040\000C\000O\000U\000R\000M\000A\000Y\000E\000U\000R}{}% 77
\BOOKMARK [1][]{section.78}{\376\377\000A\000O\0000\0001\0008\000:\000\040\000P\000O\000L\000I\000S\000P\000O\000R\000T\000I\000V\000A\000\040\000C\000I\000T\000T\000A\000'\000\040\000D\000I\000\040\000A\000O\000S\000T\000A}{}% 78
\BOOKMARK [1][]{section.79}{\376\377\000A\000O\0000\0002\0001\000:\000\040\000P\000O\000L\000I\000S\000P\000O\000R\000T\000I\000V\000A\000\040\000S\000T\000.\000\040\000C\000H\000R\000I\000S\000T\000O\000P\000H\000E\000\040\000S\000E}{}% 79
\BOOKMARK [1][]{section.80}{\376\377\000A\000O\0000\0002\0002\000:\000\040\000L\000O\000\040\000C\000O\000N\000T\000R\000E\000B\000A\000N\000D\000J\000E\000'}{}% 80
\BOOKMARK [1][]{section.81}{\376\377\000A\000O\0000\0002\0004\000:\000\040\000C\000O\000G\000N\000E\000\040\0004\0000\0006\0001}{}% 81
\BOOKMARK [1][]{section.82}{\376\377\000A\000O\0000\0002\0005\000:\000\040\000A\000T\000L\000E\000T\000I\000C\000A\000\040\000S\000A\000I\000N\000T\000-\000C\000H\000R\000I\000S\000T\000O\000P\000H\000E}{}% 82
\BOOKMARK [1][]{section.83}{\376\377\000A\000O\0000\0002\0006\000:\000\040\000T\000E\000A\000M\000\040\000G\000A\000L\000\040\000S\000P\000O\000R\000T}{}% 83
\BOOKMARK [1][]{section.84}{\376\377\000A\000O\0000\0002\0008\000:\000\040\000A\000S\000D\000\040\000I\000N\000R\000U\000N}{}% 84
\BOOKMARK [1][]{section.85}{\376\377\000A\000P\0000\0000\0005\000:\000\040\000A\000S\000A\000\040\000A\000S\000C\000O\000L\000I\000\040\000P\000I\000C\000E\000N\000O}{}% 85
\BOOKMARK [1][]{section.86}{\376\377\000A\000P\0000\0000\0006\000:\000\040\000C\000E\000N\000T\000R\000O\000\040\000M\000A\000R\000C\000I\000A\000\040\000S\000O\000L\000E\000S\000T\000A\000'}{}% 86
\BOOKMARK [1][]{section.87}{\376\377\000A\000P\0000\0000\0007\000:\000\040\000A\000T\000L\000E\000T\000I\000C\000A\000\040\000T\000E\000A\000M\000\040\000P\000I\000C\000E\000N\000O\000\040\000A\000S\000D}{}% 87
\BOOKMARK [1][]{section.88}{\376\377\000A\000P\0000\0000\0009\000:\000\040\000A\000T\000L\000.\000\040\000A\000V\000I\000S\000\040\000S\000.\000B\000E\000N\000E\000D\000E\000T\000T\000O\000\040\000D\000E\000L\000\040\000T\000R\000.}{}% 88
\BOOKMARK [1][]{section.89}{\376\377\000A\000P\0000\0001\0000\000:\000\040\000A\000.\000A\000T\000L\000.\000\040\000T\000O\000R\000R\000I\000O\000N\000E\000\040\000S\000.\000B\000E\000N\000E\000D\000E\000T\000T\000O}{}% 89
\BOOKMARK [1][]{section.90}{\376\377\000A\000P\0000\0001\0009\000:\000\040\000A\000.\000S\000.\000D\000.\000\040\000C\000O\000M\000O\000D\000O\000\040\000S\000P\000O\000R\000T}{}% 90
\BOOKMARK [1][]{section.91}{\376\377\000A\000P\0000\0003\0003\000:\000\040\000A\000V\000I\000S\000\040\000M\000O\000N\000T\000E\000P\000R\000A\000N\000D\000\040\000P\000O\000D\000.\000C\000E\000N\000T\000O\000B\000U\000C\000H\000I}{}% 91
\BOOKMARK [1][]{section.92}{\376\377\000A\000P\0000\0003\0004\000:\000\040\000C\000O\000L\000L\000E\000C\000T\000I\000O\000N\000\040\000A\000T\000L\000E\000T\000I\000C\000A\000\040\000S\000A\000M\000B\000E\000N\000E\000D\000E\000T}{}% 92
\BOOKMARK [1][]{section.93}{\376\377\000A\000P\0000\0003\0008\000:\000\040\000A\000V\000I\000S\000\040\000A\000S\000C\000O\000L\000I\000\040\000M\000A\000R\000A\000T\000H\000O\000N}{}% 93
\BOOKMARK [1][]{section.94}{\376\377\000A\000P\0000\0004\0000\000:\000\040\000A\000T\000L\000E\000T\000I\000C\000A\000\040\000A\000V\000I\000S\000\040\000P\000A\000G\000L\000I\000A\000R\000E}{}% 94
\BOOKMARK [1][]{section.95}{\376\377\000A\000P\0000\0004\0001\000:\000\040\000N\000E\000W\000\040\000S\000T\000A\000R\000S\000\040\000S\000.\000\040\000B\000E\000N\000E\000D\000E\000T\000T\000O\000\040\000T\000R\000O\000N\000T\000O}{}% 95
\BOOKMARK [1][]{section.96}{\376\377\000A\000P\0000\0005\0000\000:\000\040\000T\000E\000C\000N\000O\000\040\000A\000D\000R\000I\000A\000T\000L\000E\000T\000I\000C\000A\000\040\000M\000A\000R\000C\000H\000E}{}% 96
\BOOKMARK [1][]{section.97}{\376\377\000A\000P\0000\0005\0001\000:\000\040\000S\000.\000P\000.\000\040\000O\000F\000F\000I\000D\000A\000\040\000A\000.\000S\000.\000D\000.}{}% 97
\BOOKMARK [1][]{section.98}{\376\377\000A\000P\0000\0005\0002\000:\000\040\000M\000A\000R\000A\000'\000\040\000A\000V\000I\000S\000\040\000M\000A\000R\000A\000T\000H\000O\000N}{}% 98
\BOOKMARK [1][]{section.99}{\376\377\000A\000P\0000\0005\0003\000:\000\040\000A\000S\000D\000\040\000S\000P\000O\000R\000T\000\040\000\046\000\040\000V\000I\000T\000A}{}% 99
\BOOKMARK [1][]{section.100}{\376\377\000A\000P\0000\0005\0007\000:\000\040\000O\000F\000F\000I\000D\000A\000\040\000A\000T\000L\000E\000T\000I\000C\000A\000\040\000A\000.\000S\000.\000D\000.}{}% 100
\BOOKMARK [1][]{section.101}{\376\377\000A\000P\0000\0005\0008\000:\000\040\000A\000S\000D\000\040\000N\000U\000O\000V\000A\000\040\000A\000T\000L\000E\000T\000I\000C\000A\000\040\000P\000I\000C\000E\000N\000A}{}% 101
\BOOKMARK [1][]{section.102}{\376\377\000A\000P\0000\0005\0009\000:\000\040\000E\000M\000M\000E\000\040\000P\000R\000O\000J\000E\000C\000T\000\040\000A\000T\000H\000L\000E\000T\000I\000C\000S\000\040\000S\000B\000T}{}% 102
\BOOKMARK [1][]{section.103}{\376\377\000A\000Q\0000\0000\0005\000:\000\040\000A\000.\000S\000.\000D\000.\000\040\000R\000U\000N\000N\000E\000R\000S\000\040\000A\000V\000E\000Z\000Z\000A\000N\000O}{}% 103
\BOOKMARK [1][]{section.104}{\376\377\000A\000Q\0000\0000\0006\000:\000\040\000A\000.\000S\000.\000D\000.\000\040\000A\000T\000L\000E\000T\000I\000C\000A\000\040\000L\000'\000A\000Q\000U\000I\000L\000A}{}% 104
\BOOKMARK [1][]{section.105}{\376\377\000A\000Q\0000\0000\0009\000:\000\040\000A\000S\000D\000\040\000P\000O\000D\000I\000S\000T\000I\000C\000A\000\040\000L\000U\000C\000O\000\040\000D\000E\000I\000\040\000M\000A\000R\000S\000I}{}% 105
\BOOKMARK [1][]{section.106}{\376\377\000A\000Q\0000\0001\0001\000:\000\040\000A\000S\000D\000\040\000A\000T\000L\000E\000T\000I\000C\000A\000\040\000S\000U\000L\000M\000O\000N\000A}{}% 106
\BOOKMARK [1][]{section.107}{\376\377\000A\000Q\0000\0001\0004\000:\000\040\000A\000.\000S\000.\000D\000.\000A\000M\000A\000T\000.\000A\000T\000L\000E\000T\000I\000C\000A\000\040\000S\000E\000R\000A\000F\000I\000N\000I}{}% 107
\BOOKMARK [1][]{section.108}{\376\377\000A\000Q\0000\0001\0007\000:\000\040\000A\000S\000D\000\040\000F\000E\000D\000E\000R\000L\000I\000B\000E\000R\000T\000A\000S\000\040\000L\000'\000A\000Q\000U\000I\000L\000A}{}% 108
\BOOKMARK [1][]{section.109}{\376\377\000A\000Q\0000\0002\0009\000:\000\040\000A\000.\000S\000.\000D\000.\000\040\000R\000U\000N\000N\000E\000R\000S\000\040\000A\000V\000E\000Z\000Z\000A\000N\000O}{}% 109
\BOOKMARK [1][]{section.110}{\376\377\000A\000Q\0000\0007\0006\000:\000\040\000A\000S\000D\000\040\000A\000T\000L\000E\000T\000I\000C\000A\000\040\000A\000L\000T\000O\000\040\000S\000A\000N\000G\000R\000O}{}% 110
\BOOKMARK [1][]{section.111}{\376\377\000A\000Q\0001\0000\0003\000:\000\040\000A\000.\000S\000.\000\040\000A\000T\000H\000L\000E\000T\000I\000C\000S\000\040\000P\000R\000O\000M\000O\000T\000I\000O\000N\000\040\000A\000Q}{}% 111
\BOOKMARK [1][]{section.112}{\376\377\000A\000Q\0001\0002\0009\000:\000\040\000A\000S\000D\000\040\000A\000T\000L\000E\000T\000I\000C\000A\000\040\000A\000B\000R\000U\000Z\000Z\000O\000\040\000L\000'\000A\000Q\000U\000I\000L\000A}{}% 112
\BOOKMARK [1][]{section.113}{\376\377\000A\000Q\0001\0004\0004\000:\000\040\000A\000.\000S\000.\000D\000.\000\040\000P\000E\000S\000C\000A\000S\000S\000E\000R\000O\000L\000I}{}% 113
\BOOKMARK [1][]{section.114}{\376\377\000A\000Q\0001\0007\0002\000:\000\040\000G\000.\000P\000.\000\040\000R\000U\000N\000N\000E\000R\000S\000\040\000S\000U\000L\000M\000O\000N\000A}{}% 114
\BOOKMARK [1][]{section.115}{\376\377\000A\000Q\0001\0007\0004\000:\000\040\000A\000S\000D\000\040\000U\000S\000A\000\040\000S\000P\000O\000R\000T\000I\000N\000G\000\040\000C\000L\000U\000B\000\040\000A\000V\000E\000Z\000Z\000A\000N\000O}{}% 115
\BOOKMARK [1][]{section.116}{\376\377\000A\000Q\0001\0007\0005\000:\000\040\000G\000.\000S\000.\000\040\000A\000V\000E\000Z\000Z\000A\000N\000O}{}% 116
\BOOKMARK [1][]{section.117}{\376\377\000A\000Q\0001\0007\0009\000:\000\040\000A\000B\000R\000U\000Z\000Z\000O\000\040\000R\000U\000N\000N\000I\000N\000G\000\040\000A\000S\000D}{}% 117
\BOOKMARK [1][]{section.118}{\376\377\000A\000Q\0001\0008\0000\000:\000\040\000A\000S\000D\000\040\000A\000C\000A\000D\000E\000M\000Y\000\040\000A\000T\000L\000E\000T\000I\000C\000A\000\040\000A\000B\000R\000U\000Z\000Z\000O}{}% 118
\BOOKMARK [1][]{section.119}{\376\377\000A\000R\0000\0004\0009\000:\000\040\000A\000T\000L\000.\000\040\000L\000O\000R\000E\000S\000E}{}% 119
\BOOKMARK [1][]{section.120}{\376\377\000A\000R\0000\0005\0001\000:\000\040\000A\000T\000L\000.\000\040\000S\000E\000S\000T\000I\000N\000I\000\040\000F\000I\000A\000M\000M\000E\000\040\000V\000E\000R\000D\000I\000\040\000A\000R}{}% 120
\BOOKMARK [1][]{section.121}{\376\377\000A\000R\0000\0005\0002\000:\000\040\000P\000O\000L\000.\000\040\000C\000O\000M\000U\000N\000A\000L\000E\000\040\000S\000A\000N\000S\000E\000P\000O\000L\000C\000R\000O}{}% 121
\BOOKMARK [1][]{section.122}{\376\377\000A\000R\0000\0005\0003\000:\000\040\000A\000L\000G\000A\000\040\000A\000T\000L\000E\000T\000I\000C\000A\000\040\000A\000R\000E\000Z\000Z\000O}{}% 122
\BOOKMARK [1][]{section.123}{\376\377\000A\000R\0000\0005\0004\000:\000\040\000A\000T\000L\000.\000S\000A\000N\000G\000I\000O\000V\000A\000N\000N\000E\000S\000E\000\040\0001\0009\0006\0007}{}% 123
\BOOKMARK [1][]{section.124}{\376\377\000A\000R\0000\0005\0006\000:\000\040\000G\000.\000S\000.\000A\000M\000A\000T\000O\000R\000I\000\040\000P\000O\000D\000.\000\040\000A\000R\000E\000Z\000Z\000O}{}% 124
\BOOKMARK [1][]{section.125}{\376\377\000A\000R\0000\0005\0008\000:\000\040\000P\000O\000L\000.\000\040\000R\000I\000N\000A\000S\000C\000I\000T\000A\000\040\000M\000O\000N\000T\000E\000V\000A\000R\000C\000H\000I}{}% 125
\BOOKMARK [1][]{section.126}{\376\377\000A\000R\0000\0006\0000\000:\000\040\000U\000.\000\040\000P\000.\000P\000O\000L\000I\000C\000I\000A\000N\000O\000\040\000A\000R\000E\000Z\000Z\000O\000\040\000A\000T\000L\000E\000T\000I\000C\000A}{}% 126
\BOOKMARK [1][]{section.127}{\376\377\000A\000R\0000\0006\0002\000:\000\040\000S\000.\000S\000.\000\040\000A\000T\000L\000.\000\040\000C\000A\000S\000E\000N\000T\000I\000N\000O\000\040\000P\000O\000P\000P\000I}{}% 127
\BOOKMARK [1][]{section.128}{\376\377\000A\000R\0003\0004\0001\000:\000\040\000E\000T\000R\000U\000S\000C\000A\000T\000L\000E\000T\000I\000C\000A}{}% 128
\BOOKMARK [1][]{section.129}{\376\377\000A\000R\0003\0005\0003\000:\000\040\000P\000O\000D\000I\000S\000T\000I\000C\000A\000\040\000I\000L\000\040\000C\000A\000M\000P\000I\000N\000O}{}% 129
\BOOKMARK [1][]{section.130}{\376\377\000A\000R\0003\0006\0004\000:\000\040\000A\000S\000D\000\040\000S\000U\000B\000B\000I\000A\000N\000O\000\040\000M\000A\000R\000A\000T\000H\000O\000N}{}% 130
\BOOKMARK [1][]{section.131}{\376\377\000A\000R\0004\0001\0007\000:\000\040\000A\000T\000L\000E\000T\000I\000C\000A\000\040\000A\000V\000I\000S\000\040\000B\000I\000B\000B\000I\000E\000N\000A}{}% 131
\BOOKMARK [1][]{section.132}{\376\377\000A\000R\0004\0001\0009\000:\000\040\000A\000T\000L\000E\000T\000I\000C\000A\000\040\000A\000V\000I\000S\000\040\000S\000A\000N\000S\000E\000P\000O\000L\000C\000R\000O}{}% 132
\BOOKMARK [1][]{section.133}{\376\377\000A\000R\0004\0002\0001\000:\000\040\000A\000S\000D\000\040\000P\000O\000L\000I\000S\000P\000.\000\040\000S\000P\000O\000R\000T\000\040\000R\000E\000A\000L\000\040\000L\000I\000F\000E}{}% 133
\BOOKMARK [1][]{section.134}{\376\377\000A\000R\0004\0002\0002\000:\000\040\000A\000T\000L\000E\000T\000I\000C\000A\000\040\000F\000R\000E\000E\000\040\000R\000U\000N\000N\000E\000R\000S\000\040\000A\000R\000E\000Z\000Z\000O}{}% 134
\BOOKMARK [1][]{section.135}{\376\377\000A\000R\0004\0002\0003\000:\000\040\000G\000.\000S\000\040\000F\000I\000A\000M\000M\000E\000\040\000V\000E\000R\000D\000I\000\040\000A\000R\000E\000Z\000Z\000O}{}% 135
\BOOKMARK [1][]{section.136}{\376\377\000A\000R\0004\0006\0004\000:\000\040\000F\000I\000L\000I\000R\000U\000N\000\040\000T\000E\000A\000M\000\040\000A\000S\000D}{}% 136
\BOOKMARK [1][]{section.137}{\376\377\000A\000R\0004\0007\0009\000:\000\040\000A\000S\000D\000\040\000W\000E\000L\000O\000V\000E\000I\000N\000S\000U\000L\000I\000N\000A\000\040\000T\000E\000A\000M}{}% 137
\BOOKMARK [1][]{section.138}{\376\377\000A\000R\0004\0009\0001\000:\000\040\000S\000P\000O\000R\000T\000\040\000E\000V\000E\000N\000T\000S\000\040\000C\000O\000R\000T\000O\000N\000A}{}% 138
\BOOKMARK [1][]{section.139}{\376\377\000A\000R\0005\0000\0000\000:\000\040\000E\000V\000O\000L\000U\000T\000I\000O\000N\000\040\000S\000S\000D}{}% 139
\BOOKMARK [1][]{section.140}{\376\377\000A\000R\0005\0000\0005\000:\000\040\000A\000S\000D\000\040\000B\000B\000P\000\040\000A\000T\000H\000L\000E\000T\000I\000C}{}% 140
\BOOKMARK [1][]{section.141}{\376\377\000A\000T\0000\0000\0001\000:\000\040\000S\000.\000S\000.\000\040\000V\000I\000T\000T\000O\000R\000I\000O\000\040\000A\000L\000F\000I\000E\000R\000I\000\040\000A\000S\000T\000I}{}% 141
\BOOKMARK [1][]{section.142}{\376\377\000A\000T\0000\0000\0003\000:\000\040\000A\000.\000S\000.\000D\000.\000\040\000B\000R\000A\000N\000C\000A\000L\000E\000O\000N\000E\000\040\000A\000S\000T\000I}{}% 142
\BOOKMARK [1][]{section.143}{\376\377\000A\000T\0000\0000\0005\000:\000\040\000D\000-\000L\000-\000F\000\040\000D\000O\000P\000O\000\040\000L\000A\000V\000O\000R\000O\000\040\000F\000E\000R\000R\000O\000V\000I\000A\000R\000I\000O}{}% 143
\BOOKMARK [1][]{section.144}{\376\377\000A\000T\0000\0000\0006\000:\000\040\000M\000E\000Z\000Z\000A\000L\000U\000N\000A\000\040\000A\000.\000P\000.\000D\000.}{}% 144
\BOOKMARK [1][]{section.145}{\376\377\000A\000T\0000\0000\0007\000:\000\040\000U\000S\000\040\000C\000O\000S\000T\000I\000G\000L\000I\000O\000L\000E\000\040\000G\000.\000\040\000G\000I\000O\000R\000D\000A\000N\000O}{}% 145
\BOOKMARK [1][]{section.146}{\376\377\000A\000T\0000\0001\0002\000:\000\040\000A\000T\000L\000E\000T\000I\000C\000A\000\040\000C\000A\000S\000T\000E\000L\000L\000'\000A\000L\000F\000E\000R\000O\000\040\000T\000.\000F\000.\000R\000.}{}% 146
\BOOKMARK [1][]{section.147}{\376\377\000A\000T\0000\0001\0003\000:\000\040\000A\000T\000L\000E\000T\000I\000C\000A\000\040\000M\000E\000Z\000Z\000A\000L\000U\000N\000A}{}% 147
\BOOKMARK [1][]{section.148}{\376\377\000A\000T\0000\0001\0004\000:\000\040\000A\000.\000S\000.\000D\000.\000\040\000G\000A\000T\000E\000-\000C\000R\000A\000L\000\040\000I\000N\000P\000S}{}% 148
\BOOKMARK [1][]{section.149}{\376\377\000A\000T\0000\0001\0005\000:\000\040\000A\000T\000L\000E\000T\000I\000C\000A\000N\000E\000L\000L\000I}{}% 149
\BOOKMARK [1][]{section.150}{\376\377\000A\000T\0000\0001\0007\000:\000\040\000A\000.\000S\000.\000D\000.\000\040\000H\000A\000M\000M\000E\000R\000\040\000T\000E\000A\000M}{}% 150
\BOOKMARK [1][]{section.151}{\376\377\000A\000T\0000\0001\0008\000:\000\040\000T\000E\000A\000M\000\040\000D\000L\000F\000\040\000A\000S\000T\000I\000\040\000A\000S\000D}{}% 151
\BOOKMARK [1][]{section.152}{\376\377\000A\000T\0000\0001\0009\000:\000\040\000A\000T\000L\000E\000T\000I\000C\000A\000\040\000A\000S\000T\000I\000\040\0002\000.\0002\000\040\000A\000.\000S\000.\000D\000.}{}% 152
\BOOKMARK [1][]{section.153}{\376\377\000A\000T\0000\0002\0000\000:\000\040\000A\000S\000D\000\040\000R\000A\000I\000N\000B\000O\000W\000\040\000P\000L\000A\000N\000E\000T}{}% 153
\BOOKMARK [1][]{section.154}{\376\377\000A\000T\0000\0002\0001\000:\000\040\000A\000S\000D\000\040\000J\000U\000N\000I\000O\000R\000\040\000P\000E\000N\000T\000A\000T\000H\000L\000O\000N\000\040\000A\000S\000T\000I}{}% 154
\BOOKMARK [1][]{section.155}{\376\377\000A\000V\0000\0000\0008\000:\000\040\000A\000.\000S\000.\000D\000.\000\040\000G\000.\000P\000.\000\040\000M\000O\000N\000T\000E\000L\000L\000E\000S\000E}{}% 155
\BOOKMARK [1][]{section.156}{\376\377\000A\000V\0000\0000\0009\000:\000\040\000G\000S\000A\000\040\000S\000.\000\040\000G\000E\000R\000A\000R\000D\000O\000\040\000M\000O\000N\000T\000O\000R\000O\000\040\000S\000U\000P\000.}{}% 156
\BOOKMARK [1][]{section.157}{\376\377\000A\000V\0000\0001\0000\000:\000\040\000A\000.\000S\000.\000D\000.\000\040\000G\000.\000P\000.\000\040\000D\000E\000L\000\040\000B\000A\000I\000A\000N\000E\000S\000E}{}% 157
\BOOKMARK [1][]{section.158}{\376\377\000A\000V\0000\0001\0001\000:\000\040\000A\000S\000D\000\040\000M\000O\000N\000T\000E\000M\000I\000L\000E\000T\000T\000O\000\040\000T\000E\000A\000M\000\040\000R\000U\000N\000N\000E\000R\000S}{}% 158
\BOOKMARK [1][]{section.159}{\376\377\000A\000V\0000\0001\0006\000:\000\040\000A\000.\000S\000.\000D\000.\000\040\000C\000.\000F\000.\000F\000.\000S\000.\000\040\000A\000T\000L\000.\000\040\000A\000V\000E\000L\000L\000I\000N\000O}{}% 159
\BOOKMARK [1][]{section.160}{\376\377\000A\000V\0001\0002\0002\000:\000\040\000A\000.\000S\000.\000D\000.\000\040\000'\000L\000I\000O\000N\000S\000\040\000C\000L\000U\000B\000'\000\040\000G\000R\000O\000T\000T\000A\000M\000.\000D\000A}{}% 160
\BOOKMARK [1][]{section.161}{\376\377\000A\000V\0001\0007\0005\000:\000\040\000A\000V\000E\000L\000L\000I\000N\000O\000\040\000R\000U\000N\000N\000E\000R}{}% 161
\BOOKMARK [1][]{section.162}{\376\377\000A\000V\0001\0007\0007\000:\000\040\000A\000.\000S\000.\000D\000.\000\040\000A\000T\000L\000.\000\040\000S\000U\000D\000\040\000A\000V\000E\000L\000L\000I\000N\000O}{}% 162
\BOOKMARK [1][]{section.163}{\376\377\000A\000V\0002\0000\0008\000:\000\040\000A\000S\000D\000\040\000E\000N\000T\000E\000R\000P\000R\000I\000S\000E\000\040\000S\000P\000O\000R\000T\000\040\000\046\000\040\000S\000E\000R\000V\000I\000C\000E}{}% 163
\BOOKMARK [1][]{section.164}{\376\377\000A\000V\0002\0001\0000\000:\000\040\000A\000.\000S\000.\000D\000.\000\040\000L\000'\000I\000R\000P\000I\000N\000I\000A\000\040\000C\000O\000R\000R\000E}{}% 164
\BOOKMARK [1][]{section.165}{\376\377\000A\000V\0005\0001\0000\000:\000\040\000A\000.\000S\000.\000D\000.\000A\000T\000L\000E\000T\000I\000C\000A\000\040\000A\000M\000A\000T\000O\000R\000I\000\040\000I\000R\000P\000I\000N\000I}{}% 165
\BOOKMARK [1][]{section.166}{\376\377\000A\000V\0005\0007\0003\000:\000\040\000A\000S\000D\000\040\000M\000A\000R\000A\000T\000H\000O\000N\000\040\000C\000L\000.\000\040\000A\000R\000I\000A\000N\000O\000\040\000I\000R\000P\000I\000N\000O}{}% 166
\BOOKMARK [1][]{section.167}{\376\377\000A\000V\0006\0000\0000\000:\000\040\000P\000O\000L\000.\000\040\000P\000O\000D\000J\000G\000Y\000M\000\040\000A\000V\000E\000L\000L\000I\000N\000O}{}% 167
\BOOKMARK [1][]{section.168}{\376\377\000A\000V\0007\0000\0000\000:\000\040\000A\000S\000D\000\040\000I\000R\000P\000I\000N\000I\000A\000\040\000I\000T\000A\000L\000I\000A}{}% 168
\BOOKMARK [1][]{section.169}{\376\377\000A\000V\0008\0000\0000\000:\000\040\000B\000A\000I\000A\000N\000O\000\040\000R\000U\000N\000N\000E\000R\000S}{}% 169
\BOOKMARK [1][]{section.170}{\376\377\000A\000V\0008\0000\0001\000:\000\040\000L\000I\000O\000N\000S\000\040\000V\000A\000L\000L\000E\000\040\000U\000F\000I\000T\000A}{}% 170
\BOOKMARK [1][]{section.171}{\376\377\000A\000V\0008\0000\0002\000:\000\040\000A\000.\000S\000.\000D\000.\000\040\000H\000I\000R\000P\000U\000S\000A\000T\000L\000E\000T\000I\000C\000A\000D\000U\000K\000A\000T\000A\000N\000I}{}% 171
\BOOKMARK [1][]{section.172}{\376\377\000B\000A\0000\0000\0001\000:\000\040\000P\000O\000L\000I\000S\000P\000O\000R\000T\000I\000V\000A\000\040\000F\000.\000\040\000L\000A\000N\000D\000O\000L\000F\000I}{}% 172
\BOOKMARK [1][]{section.173}{\376\377\000B\000A\0000\0000\0003\000:\000\040\000A\000S\000S\000.\000P\000O\000L\000.\000C\000.\000A\000T\000L\000.\000M\000O\000L\000F\000E\000T\000T\000A\000\040\000D\000.\000T\000.\000B\000.}{}% 173
\BOOKMARK [1][]{section.174}{\376\377\000B\000A\0000\0000\0005\000:\000\040\000A\000M\000A\000T\000O\000R\000I\000\040\000A\000T\000L\000.\000\040\000A\000C\000Q\000U\000A\000V\000I\000V\000A}{}% 174
\BOOKMARK [1][]{section.175}{\376\377\000B\000A\0000\0000\0006\000:\000\040\000A\000S\000D\000\040\000G\000I\000O\000V\000A\000N\000I\000\040\000A\000T\000L\000E\000T\000I\000\040\000B\000A\000R\000I\000\040\0001\0009\0006\0009}{}% 175
\BOOKMARK [1][]{section.176}{\376\377\000B\000A\0000\0000\0007\000:\000\040\000C\000U\000S\000\040\000B\000A\000R\000I}{}% 176
\BOOKMARK [1][]{section.177}{\376\377\000B\000A\0000\0000\0008\000:\000\040\000A\000S\000D\000\040\000E\000L\000I\000T\000E\000\040\000A\000C\000A\000D\000E\000M\000Y\000\040\000B\000A\000R\000I}{}% 177
\BOOKMARK [1][]{section.178}{\376\377\000B\000A\0000\0001\0001\000:\000\040\000A\000.\000S\000.\000\040\000A\000T\000L\000E\000T\000I\000C\000A\000\040\000C\000A\000S\000T\000E\000L\000L\000A\000N\000A}{}% 178
\BOOKMARK [1][]{section.179}{\376\377\000B\000A\0000\0001\0005\000:\000\040\000A\000.\000S\000.\000\040\000O\000L\000I\000M\000P\000I\000A\000\040\000C\000L\000U\000B\000\040\000M\000O\000L\000F\000E\000T\000T\000A}{}% 179
\BOOKMARK [1][]{section.180}{\376\377\000B\000A\0000\0002\0000\000:\000\040\000F\000I\000A\000M\000M\000A\000\040\000O\000L\000I\000M\000P\000I\000A\000\040\000P\000A\000L\000O}{}% 180
\BOOKMARK [1][]{section.181}{\376\377\000B\000A\0000\0002\0001\000:\000\040\000S\000.\000S\000.\000\040\000F\000I\000A\000M\000M\000A\000\040\000G\000I\000O\000V\000I\000N\000A\000Z\000Z\000O}{}% 181
\BOOKMARK [1][]{section.182}{\376\377\000B\000A\0000\0002\0003\000:\000\040\000A\000T\000L\000E\000T\000I\000C\000A\000\040\000G\000I\000O\000V\000A\000N\000I\000L\000E\000\040\000A\000C\000Q\000U\000A\000V\000I\000V\000A}{}% 182
\BOOKMARK [1][]{section.183}{\376\377\000B\000A\0000\0002\0005\000:\000\040\000A\000.\000S\000.\000\040\000A\000M\000A\000T\000O\000R\000I\000\040\000P\000U\000T\000I\000G\000N\000A\000N\000O}{}% 183
\BOOKMARK [1][]{section.184}{\376\377\000B\000A\0000\0002\0006\000:\000\040\000A\000T\000L\000E\000T\000I\000C\000A\000\040\000B\000A\000R\000L\000E\000T\000T\000A}{}% 184
\BOOKMARK [1][]{section.185}{\376\377\000B\000A\0000\0002\0008\000:\000\040\000A\000T\000L\000.\000G\000I\000O\000V\000A\000N\000I\000L\000E\000\040\000T\000R\000I\000G\000G\000I\000A\000N\000O\000\040\000B\000A\000R\000I}{}% 185
\BOOKMARK [1][]{section.186}{\376\377\000B\000A\0000\0002\0009\000:\000\040\000A\000.\000A\000.\000'\000E\000.\000\040\000M\000A\000N\000Z\000A\000R\000I\000'\000\040\000C\000A\000S\000A\000M\000A\000S\000S\000I\000M\000A}{}% 186
\BOOKMARK [1][]{section.187}{\376\377\000B\000A\0000\0003\0001\000:\000\040\000P\000O\000L\000.\000\040\000L\000I\000B\000E\000R\000T\000A\000S\000\040\000C\000O\000R\000A\000T\000O}{}% 187
\BOOKMARK [1][]{section.188}{\376\377\000B\000A\0000\0003\0003\000:\000\040\000A\000T\000L\000E\000T\000I\000C\000A\000\040\000B\000A\000R\000I}{}% 188
\BOOKMARK [1][]{section.189}{\376\377\000B\000A\0000\0003\0005\000:\000\040\000A\000.\000A\000.\000A\000.\000\040\000B\000A\000R\000L\000E\000T\000T\000A}{}% 189
\BOOKMARK [1][]{section.190}{\376\377\000B\000A\0000\0003\0009\000:\000\040\000A\000.\000S\000.\000D\000.\000\040\000A\000M\000I\000C\000I\000\040\000S\000T\000R\000A\000D\000A\000\040\000D\000E\000L\000\040\000T\000E\000S\000O\000R\000O}{}% 190
\BOOKMARK [1][]{section.191}{\376\377\000B\000A\0000\0004\0001\000:\000\040\000A\000T\000L\000E\000T\000I\000C\000A\000\040\000P\000R\000O\000\040\000C\000A\000N\000O\000S\000A}{}% 191
\BOOKMARK [1][]{section.192}{\376\377\000B\000A\0000\0004\0003\000:\000\040\000G\000.\000S\000.\000A\000T\000L\000E\000T\000I\000C\000A\000\040\000A\000M\000A\000T\000O\000R\000I\000\040\000C\000O\000R\000A\000T\000O}{}% 192
\BOOKMARK [1][]{section.193}{\376\377\000B\000A\0000\0004\0007\000:\000\040\000N\000U\000O\000V\000A\000\040\000A\000T\000L\000.\000\040\000F\000E\000M\000M\000.\000\040\000A\000C\000Q\000U\000A\000V\000I\000V\000A}{}% 193
\BOOKMARK [1][]{section.194}{\376\377\000B\000A\0000\0004\0009\000:\000\040\000G\000.\000S\000.\000P\000.\000\040\000I\000I\000I\000\040\000R\000E\000G\000I\000O\000N\000E\000\040\000A\000E\000R\000E\000A\000\040\000B\000A\000R\000I}{}% 194
\BOOKMARK [1][]{section.195}{\376\377\000B\000A\0000\0005\0002\000:\000\040\000B\000A\000R\000I\000\040\000R\000O\000A\000D\000\040\000R\000U\000N\000N\000E\000R\000S\000\040\000C\000L\000U\000B}{}% 195
\BOOKMARK [1][]{section.196}{\376\377\000B\000A\0000\0005\0007\000:\000\040\000A\000T\000H\000L\000E\000T\000I\000C\000\040\000M\000A\000R\000A\000T\000H\000O\000N\000\040\000S\000A\000N\000T\000E\000R\000A\000M\000O}{}% 196
\BOOKMARK [1][]{section.197}{\376\377\000B\000A\0000\0005\0008\000:\000\040\000A\000T\000L\000E\000T\000I\000C\000A\000\040\000M\000O\000N\000O\000P\000O\000L\000I}{}% 197
\BOOKMARK [1][]{section.198}{\376\377\000B\000A\0000\0006\0008\000:\000\040\000A\000T\000H\000L\000E\000T\000I\000C\000\040\000T\000E\000A\000M\000\040\000B\000A\000R\000L\000E\000T\000T\000A}{}% 198
\BOOKMARK [1][]{section.199}{\376\377\000B\000A\0000\0007\0007\000:\000\040\000A\000T\000L\000.\000L\000E\000G\000G\000E\000R\000A\000\040\000L\000I\000B\000E\000R\000T\000A\000S\000\040\000M\000O\000N\000O\000P\000O\000L\000I}{}% 199
\BOOKMARK [1][]{section.200}{\376\377\000B\000A\0000\0008\0002\000:\000\040\000A\000T\000L\000E\000T\000I\000C\000A\000\040\000T\000O\000M\000M\000A\000S\000O\000\040\000A\000S\000S\000I\000\040\000T\000R\000A\000N\000I}{}% 200
\BOOKMARK [1][]{section.201}{\376\377\000B\000A\0000\0008\0009\000:\000\040\000A\000L\000T\000E\000R\000A\000T\000L\000E\000T\000I\000C\000A\000\040\000L\000O\000C\000O\000R\000O\000T\000O\000N\000D\000O}{}% 201
\BOOKMARK [1][]{section.202}{\376\377\000B\000A\0000\0009\0001\000:\000\040\000A\000D\000E\000N\000\040\000E\000X\000P\000R\000I\000V\000I\000A\000\040\000D\000A\000I\000\040\000O\000P\000T\000I\000C\000A\000L\000\040\000M\000O\000L\000F}{}% 202
\BOOKMARK [1][]{section.203}{\376\377\000B\000A\0000\0009\0003\000:\000\040\000A\000T\000L\000E\000T\000I\000C\000\040\000C\000L\000U\000B\000\040\000A\000L\000T\000A\000M\000U\000R\000A}{}% 203
\BOOKMARK [1][]{section.204}{\376\377\000B\000A\0000\0009\0006\000:\000\040\000A\000.\000S\000.\000\040\000A\000T\000L\000\040\000S\000P\000R\000I\000N\000T\000\040\000B\000A\000R\000L\000E\000T\000T\000A}{}% 204
\BOOKMARK [1][]{section.205}{\376\377\000B\000A\0000\0009\0007\000:\000\040\000S\000P\000O\000R\000T\000\040\000C\000E\000N\000T\000E\000R\000\040\000A\000.\000S\000.\000D\000.}{}% 205
\BOOKMARK [1][]{section.206}{\376\377\000B\000A\0000\0009\0009\000:\000\040\000P\000O\000L\000.\000\040\000'\000D\000.\000\040\000P\000I\000E\000T\000R\000I\000'\000\040\000G\000R\000A\000V\000I\000N\000A}{}% 206
\BOOKMARK [1][]{section.207}{\376\377\000B\000A\0005\0000\0001\000:\000\040\000A\000T\000L\000.\000\040\000H\000E\000L\000I\000O\000S\000\040\000T\000E\000R\000L\000I\000Z\000Z\000I}{}% 207
\BOOKMARK [1][]{section.208}{\376\377\000B\000A\0005\0000\0002\000:\000\040\000A\000.\000S\000.\000D\000.\000\040\000M\000O\000N\000T\000E\000D\000O\000R\000O\000\040\000N\000O\000C\000I}{}% 208
\BOOKMARK [1][]{section.209}{\376\377\000B\000A\0005\0000\0005\000:\000\040\000A\000.\000S\000.\000\040\000Q\000U\000E\000L\000L\000I\000\040\000D\000E\000L\000L\000A\000\040\000P\000I\000N\000E\000T\000A}{}% 209
\BOOKMARK [1][]{section.210}{\376\377\000B\000A\0005\0000\0007\000:\000\040\000A\000.\000M\000A\000R\000A\000T\000O\000N\000E\000T\000I\000\040\000A\000N\000D\000R\000I\000E\000S\000I}{}% 210
\BOOKMARK [1][]{section.211}{\376\377\000B\000A\0005\0001\0005\000:\000\040\000A\000.\000S\000.\000\040\000'\000\040\000B\000E\000L\000V\000E\000D\000E\000R\000E\000\040\000'\000\040\000A\000N\000D\000R\000I\000A}{}% 211
\BOOKMARK [1][]{section.212}{\376\377\000B\000A\0005\0001\0008\000:\000\040\000A\000T\000L\000E\000T\000I\000C\000A\000\040\000S\000A\000M\000M\000I\000C\000H\000E\000L\000E}{}% 212
\BOOKMARK [1][]{section.213}{\376\377\000B\000A\0005\0002\0001\000:\000\040\000A\000.\000S\000.\000\040\000D\000O\000F\000\040\000A\000M\000A\000T\000O\000R\000I\000\040\000T\000U\000R\000I}{}% 213
\BOOKMARK [1][]{section.214}{\376\377\000B\000A\0005\0002\0007\000:\000\040\000A\000.\000S\000.\000\040\000N\000O\000L\000I\000M\000I\000T\000S}{}% 214
\BOOKMARK [1][]{section.215}{\376\377\000B\000A\0005\0002\0009\000:\000\040\000A\000.\000S\000.\000D\000.\000\040\000T\000R\000A\000N\000I\000\040\000M\000A\000R\000A\000T\000H\000O\000N}{}% 215
\BOOKMARK [1][]{section.216}{\376\377\000B\000A\0005\0003\0000\000:\000\040\000G\000.\000S\000.\000B\000R\000I\000G\000A\000T\000A\000\040\000C\000O\000R\000A\000Z\000Z\000A\000T\000A\000\040\000P\000I\000N\000E\000R\000O\000L\000O}{}% 216
\BOOKMARK [1][]{section.217}{\376\377\000B\000A\0005\0003\0003\000:\000\040\000E\000U\000R\000A\000T\000L\000E\000T\000I\000C\000A\000\040\000B\000I\000S\000C\000E\000G\000L\000I\000E}{}% 217
\BOOKMARK [1][]{section.218}{\376\377\000B\000A\0005\0003\0005\000:\000\040\000A\000.\000S\000.\000\040\000A\000T\000L\000E\000T\000I\000C\000A\000\040\000P\000O\000L\000I\000G\000N\000A\000N\000O}{}% 218
\BOOKMARK [1][]{section.219}{\376\377\000B\000A\0005\0003\0008\000:\000\040\000A\000T\000L\000E\000T\000I\000\040\000V\000A\000L\000L\000E\000\040\000D\000E\000L\000L\000'\000O\000F\000A\000N\000T\000O}{}% 219
\BOOKMARK [1][]{section.220}{\376\377\000B\000A\0005\0004\0001\000:\000\040\000A\000L\000T\000E\000A\000T\000L\000E\000T\000I\000C\000A\000\040\000A\000L\000T\000A\000M\000U\000R\000A}{}% 220
\BOOKMARK [1][]{section.221}{\376\377\000B\000A\0005\0004\0005\000:\000\040\000A\000M\000A\000T\000O\000R\000I\000\040\000A\000T\000L\000E\000T\000I\000C\000A\000\040\000T\000R\000I\000G\000G\000I\000A\000N\000O}{}% 221
\BOOKMARK [1][]{section.222}{\376\377\000B\000A\0005\0004\0008\000:\000\040\000G\000.\000S\000.\000\040\000E\000S\000E\000R\000C\000I\000T\000O\000\040\0001\0000\000\260\000\040\000R\000E\000.\000T\000R\000A}{}% 222
\BOOKMARK [1][]{section.223}{\376\377\000B\000A\0005\0005\0000\000:\000\040\000A\000V\000I\000S\000\040\000I\000N\000\040\000C\000O\000R\000S\000A\000\040\000C\000O\000N\000V\000E\000R\000S\000A\000N\000O}{}% 223
\BOOKMARK [1][]{section.224}{\376\377\000B\000A\0005\0005\0003\000:\000\040\000A\000T\000L\000E\000T\000I\000C\000A\000\040\000A\000D\000E\000L\000F\000I\000A}{}% 224
\BOOKMARK [1][]{section.225}{\376\377\000B\000A\0005\0005\0004\000:\000\040\000F\000R\000E\000E\000\040\000R\000U\000N\000N\000E\000R\000S\000\040\000M\000O\000L\000F\000E\000T\000T\000A}{}% 225
\BOOKMARK [1][]{section.226}{\376\377\000B\000A\0005\0005\0006\000:\000\040\000A\000T\000L\000.\000\040\000P\000O\000L\000I\000S\000P\000O\000R\000T\000I\000V\000A\000\040\000T\000R\000A\000N\000I}{}% 226
\BOOKMARK [1][]{section.227}{\376\377\000B\000A\0005\0005\0007\000:\000\040\000A\000S\000S\000.\000\040\000S\000.\000\040\000D\000.\000\040\000P\000I\000N\000K\000\040\000P\000A\000N\000T\000H\000E\000R}{}% 227
\BOOKMARK [1][]{section.228}{\376\377\000B\000A\0005\0008\0001\000:\000\040\000A\000.\000S\000.\000D\000.\000\040\000A\000T\000L\000E\000T\000I\000C\000A\000\040\000B\000I\000T\000R\000I\000T\000T\000O}{}% 228
\BOOKMARK [1][]{section.229}{\376\377\000B\000A\0005\0008\0002\000:\000\040\000A\000.\000S\000.\000D\000.\000\040\000B\000I\000S\000C\000E\000G\000L\000I\000E\000\040\000R\000U\000N\000N\000I\000N\000G}{}% 229
\BOOKMARK [1][]{section.230}{\376\377\000B\000A\0005\0008\0006\000:\000\040\000A\000.\000S\000.\000D\000.\000\040\000A\000S\000O\000P\000I\000C\000O\000\040\000R\000U\000N\000N\000I\000N\000G\000\040\000B\000A\000R\000I}{}% 230
\BOOKMARK [1][]{section.231}{\376\377\000B\000A\0005\0008\0007\000:\000\040\000L\000A\000\040\000P\000I\000E\000T\000R\000A}{}% 231
\BOOKMARK [1][]{section.232}{\376\377\000B\000A\0005\0008\0009\000:\000\040\000P\000O\000L\000.\000\040\000D\000I\000L\000E\000T\000T\000.\000\040\000G\000I\000O\000V\000I\000N\000A\000Z\000Z\000O}{}% 232
\BOOKMARK [1][]{section.233}{\376\377\000B\000A\0005\0009\0002\000:\000\040\000B\000A\000R\000L\000E\000T\000T\000A\000\040\000S\000P\000O\000R\000T\000I\000V\000A}{}% 233
\BOOKMARK [1][]{section.234}{\376\377\000B\000A\0005\0009\0004\000:\000\040\000P\000E\000D\000O\000N\000E\000-\000R\000I\000C\000C\000A\000R\000D\000I\000\040\000B\000I\000S\000C\000E\000G\000L\000I\000E}{}% 234
\BOOKMARK [1][]{section.235}{\376\377\000B\000A\0005\0009\0007\000:\000\040\000A\000S\000D\000\040\000N\000U\000O\000V\000A\000\040\000A\000T\000L\000E\000T\000I\000C\000A\000\040\000G\000I\000O\000V\000I\000N\000A\000Z\000Z\000O}{}% 235
\BOOKMARK [1][]{section.236}{\376\377\000B\000A\0005\0009\0009\000:\000\040\000R\000U\000N\000N\000I\000N\000G\000\040\000P\000E\000O\000P\000L\000E\000\040\000N\000O\000I\000C\000A\000T\000T\000A\000R\000O}{}% 236
\BOOKMARK [1][]{section.237}{\376\377\000B\000A\0007\0000\0000\000:\000\040\000A\000.\000S\000.\000D\000.\000\040\000N\000A\000D\000I\000R\000\040\000O\000N\000\040\000T\000H\000E\000\040\000R\000O\000A\000D\000\040\000-\000\040\000P\000U\000T}{}% 237
\BOOKMARK [1][]{section.238}{\376\377\000B\000A\0007\0000\0002\000:\000\040\000M\000U\000R\000G\000I\000A\000\040\000M\000A\000R\000A\000T\000H\000O\000N\000\040\000S\000A\000N\000T\000E\000R\000A\000M\000O}{}% 238
\BOOKMARK [1][]{section.239}{\376\377\000B\000A\0007\0000\0003\000:\000\040\000H\000A\000P\000P\000Y\000\040\000R\000U\000N\000N\000E\000R\000S\000\040\000A\000L\000T\000A\000M\000U\000R\000A}{}% 239
\BOOKMARK [1][]{section.240}{\376\377\000B\000A\0007\0000\0004\000:\000\040\000A\000S\000D\000\040\000P\000E\000R\000\040\000A\000S\000P\000E\000R\000A\000\040\000A\000D\000\040\000A\000S\000T\000R\000A\000\040\000B\000A\000R\000I}{}% 240
\BOOKMARK [1][]{section.241}{\376\377\000B\000A\0007\0000\0005\000:\000\040\000B\000I\000T\000O\000N\000T\000O\000\040\000R\000U\000N\000N\000E\000R\000S}{}% 241
\BOOKMARK [1][]{section.242}{\376\377\000B\000A\0007\0000\0006\000:\000\040\000A\000T\000L\000E\000T\000I\000C\000A\000\040\0002\0000\0001\0000}{}% 242
\BOOKMARK [1][]{section.243}{\376\377\000B\000A\0007\0000\0007\000:\000\040\000D\000R\000E\000A\000M\000\040\000T\000E\000A\000M\000\040\000B\000A\000R\000I}{}% 243
\BOOKMARK [1][]{section.244}{\376\377\000B\000A\0007\0000\0008\000:\000\040\000C\000A\000R\000I\000N\000G\000E\000L\000L\000A\000\040\000S\000A\000N\000N\000I\000C\000A\000N\000D\000R\000O\000\040\000D\000I\000\040\000B\000A\000R\000I}{}% 244
\BOOKMARK [1][]{section.245}{\376\377\000B\000A\0007\0000\0009\000:\000\040\000C\000A\000M\000P\000U\000S\000\040\000B\000E\000L\000L\000A\000V\000I\000S\000T\000A}{}% 245
\BOOKMARK [1][]{section.246}{\376\377\000B\000A\0007\0001\0000\000:\000\040\000A\000.\000S\000.\000D\000.\000\040\000G\000R\000A\000V\000I\000N\000A\000\040\000F\000E\000S\000T\000I\000N\000A\000\040\000L\000E\000N\000T\000E\000!}{}% 246
\BOOKMARK [1][]{section.247}{\376\377\000B\000A\0007\0001\0001\000:\000\040\000B\000I\000O\000\040\000A\000M\000B\000R\000A\000\040\000N\000E\000W\000\040\000A\000G\000E}{}% 247
\BOOKMARK [1][]{section.248}{\376\377\000B\000A\0007\0001\0003\000:\000\040\000G\000I\000O\000I\000A\000\040\000R\000U\000N\000N\000I\000N\000G\000\040\000A\000.\000S\000.\000D\000.}{}% 248
\BOOKMARK [1][]{section.249}{\376\377\000B\000A\0007\0001\0004\000:\000\040\000A\000L\000B\000E\000R\000O\000B\000E\000L\000L\000O\000\040\000R\000U\000N\000N\000I\000N\000G\000\040\000A\000S\000D}{}% 249
\BOOKMARK [1][]{section.250}{\376\377\000B\000A\0007\0001\0005\000:\000\040\000A\000T\000L\000E\000T\000I\000C\000A\000\040\000A\000L\000T\000A\000M\000U\000R\000A}{}% 250
\BOOKMARK [1][]{section.251}{\376\377\000B\000A\0007\0001\0006\000:\000\040\000B\000A\000R\000I\000L\000E\000\040\000F\000L\000O\000W\000E\000R\000\040\000F\000.\000R\000.\000T\000E\000R\000L\000I\000Z\000Z\000I\000\040\000A\000S\000D}{}% 251
\BOOKMARK [1][]{section.252}{\376\377\000B\000A\0007\0001\0007\000:\000\040\000A\000T\000L\000E\000T\000I\000C\000A\000\040\000F\000I\000A\000M\000M\000A\000\040\000G\000I\000O\000V\000I\000N\000A\000Z\000Z\000O\000\040\000C\000A\000R}{}% 252
\BOOKMARK [1][]{section.253}{\376\377\000B\000A\0007\0001\0008\000:\000\040\000A\000S\000D\000\040\000B\000I\000A\000N\000C\000O\000V\000E\000R\000D\000E\000\040\000G\000I\000O\000V\000I\000N\000A\000Z\000Z\000O}{}% 253
\BOOKMARK [1][]{section.254}{\376\377\000B\000A\0007\0001\0009\000:\000\040\000R\000U\000N\000N\000E\000R\000S\000\040\000D\000E\000L\000\040\000L\000E\000V\000A\000N\000T\000E}{}% 254
\BOOKMARK [1][]{section.255}{\376\377\000B\000A\0007\0002\0000\000:\000\040\000A\000T\000L\000E\000T\000I\000C\000A\000\040\000M\000E\000D\000I\000T\000E\000R\000R\000A\000N\000E\000A\000\040\000B\000A\000R\000I}{}% 255
\BOOKMARK [1][]{section.256}{\376\377\000B\000A\0007\0002\0001\000:\000\040\000L\000A\000\040\000F\000A\000B\000R\000I\000C\000A\000\040\000D\000I\000\040\000C\000O\000R\000S\000A}{}% 256
\BOOKMARK [1][]{section.257}{\376\377\000B\000A\0007\0002\0003\000:\000\040\000S\000.\000S\000.\000D\000.\000\040\000A\000.\000R\000.\000L\000.\000\040\000D\000Y\000N\000A\000M\000Y\000K\000\040\000F\000I\000T\000N\000E\000S\000S}{}% 257
\BOOKMARK [1][]{section.258}{\376\377\000B\000A\0007\0002\0004\000:\000\040\000R\000O\000A\000D\000\040\000R\000U\000N\000N\000E\000R\000S\000\040\000T\000R\000A\000N\000I}{}% 258
\BOOKMARK [1][]{section.259}{\376\377\000B\000A\0007\0002\0005\000:\000\040\000A\000.\000S\000.\000D\000.\000\040\000A\000T\000L\000E\000T\000I\000C\000A\000\040\000A\000Z\000Z\000U\000R\000R\000A}{}% 259
\BOOKMARK [1][]{section.260}{\376\377\000B\000A\0007\0002\0006\000:\000\040\000B\000I\000T\000O\000N\000T\000O\000\040\000S\000P\000O\000R\000T\000I\000V\000A}{}% 260
\BOOKMARK [1][]{section.261}{\376\377\000B\000A\0007\0002\0008\000:\000\040\000S\000E\000I\000\040\000S\000P\000O\000R\000T}{}% 261
\BOOKMARK [1][]{section.262}{\376\377\000B\000A\0007\0002\0009\000:\000\040\000A\000.\000S\000.\000D\000.\000\040\000L\000A\000\040\000F\000E\000N\000I\000C\000E}{}% 262
\BOOKMARK [1][]{section.263}{\376\377\000B\000A\0007\0003\0000\000:\000\040\000S\000T\000R\000A\000R\000U\000N\000N\000E\000R\000S\000\040\000B\000A\000R\000I}{}% 263
\BOOKMARK [1][]{section.264}{\376\377\000B\000A\0007\0003\0001\000:\000\040\000A\000.\000S\000.\000D\000.\000\040\000R\000O\000A\000D\000\040\000R\000U\000N\000N\000I\000N\000G\000\040\000M\000O\000L\000F\000E\000T\000T\000A}{}% 264
\BOOKMARK [1][]{section.265}{\376\377\000B\000A\0007\0003\0002\000:\000\040\000A\000C\000Q\000U\000A\000M\000A\000R\000I\000N\000A\000\040\000P\000A\000L\000E\000S\000E}{}% 265
\BOOKMARK [1][]{section.266}{\376\377\000B\000A\0007\0003\0003\000:\000\040\000A\000L\000L\000E\000N\000A\000M\000E\000N\000T\000I}{}% 266
\BOOKMARK [1][]{section.267}{\376\377\000B\000A\0007\0003\0004\000:\000\040\000A\000T\000L\000E\000T\000I\000C\000A\000M\000E\000N\000T\000E}{}% 267
\BOOKMARK [1][]{section.268}{\376\377\000B\000A\0007\0003\0005\000:\000\040\000A\000S\000D\000\040\000N\000E\000W\000\040\000A\000T\000H\000L\000E\000T\000I\000C\000\040\000P\000R\000O\000J\000E\000C\000T}{}% 268
\BOOKMARK [1][]{section.269}{\376\377\000B\000A\0007\0003\0006\000:\000\040\000B\000I\000T\000E\000T\000T\000O\000\040\000R\000U\000N\000N\000E\000R\000S\000\040\000A\000.\000S\000.\000D\000.}{}% 269
\BOOKMARK [1][]{section.270}{\376\377\000B\000A\0007\0003\0009\000:\000\040\000A\000S\000D\000\040\000S\000M\000A\000R\000T\000\040\000F\000I\000T\000\040\000G\000R\000A\000V\000I\000N\000A}{}% 270
\BOOKMARK [1][]{section.271}{\376\377\000B\000A\0007\0004\0000\000:\000\040\000R\000U\000N\000N\000I\000N\000G\000\040\000T\000E\000A\000M\000\040\000D\000'\000A\000N\000G\000E\000L\000A\000\040\000S\000P\000O\000R\000T}{}% 271
\BOOKMARK [1][]{section.272}{\376\377\000B\000A\0007\0004\0001\000:\000\040\000F\000U\000T\000U\000R\000A\000T\000H\000L\000E\000T\000I\000C\000\040\000T\000E\000A\000M\000\040\000A\000P\000U\000L\000I\000A}{}% 272
\BOOKMARK [1][]{section.273}{\376\377\000B\000A\0007\0004\0002\000:\000\040\000A\000L\000L\000\040\000T\000R\000I\000\040\000S\000P\000O\000R\000T\000S\000\040\000A\000.\000S\000.\000D\000.}{}% 273
\BOOKMARK [1][]{section.274}{\376\377\000B\000A\0007\0004\0003\000:\000\040\000N\000U\000O\000V\000A\000T\000L\000E\000T\000I\000C\000A\000\040\000B\000I\000S\000C\000E\000G\000L\000I\000E}{}% 274
\BOOKMARK [1][]{section.275}{\376\377\000B\000A\0007\0004\0005\000:\000\040\000V\000I\000R\000T\000U\000S\000\040\000M\000O\000D\000U\000G\000N\000O}{}% 275
\BOOKMARK [1][]{section.276}{\376\377\000B\000A\0007\0004\0009\000:\000\040\000P\000I\000L\000A\000\040\000A\000T\000L\000E\000T\000I\000C\000A\000\040\000B\000A\000R\000I}{}% 276
\BOOKMARK [1][]{section.277}{\376\377\000B\000A\0007\0005\0001\000:\000\040\000N\000U\000O\000V\000A\000\040\000A\000T\000L\000E\000T\000I\000C\000A\000\040\000B\000I\000T\000O\000N\000T\000O}{}% 277
\BOOKMARK [1][]{section.278}{\376\377\000B\000A\0007\0005\0002\000:\000\040\000A\000S\000D\000\040\000A\000T\000L\000E\000T\000I\000C\000A\000\040\000F\000I\000A\000M\000M\000A\000\040\000G\000I\000O\000V\000I\000N\000A\000Z\000Z\000O}{}% 278
\BOOKMARK [1][]{section.279}{\376\377\000B\000A\0007\0005\0004\000:\000\040\000G\000.\000S\000.\000\040\000A\000V\000I\000S\000\040\000B\000A\000R\000L\000E\000T\000T\000A\000\040\000A\000.\000S\000.\000D\000.}{}% 279
\BOOKMARK [1][]{section.280}{\376\377\000B\000A\0007\0005\0005\000:\000\040\000A\000S\000D\000\040\000R\000U\000N\000N\000I\000N\000G\000\040\000C\000A\000S\000S\000A\000N\000O\000\040\000V\000E\000N\000T\000I\0001\0008}{}% 280
\BOOKMARK [1][]{section.281}{\376\377\000B\000A\0007\0005\0006\000:\000\040\000A\000S\000D\000\040\000C\000O\000R\000A\000T\000O\000\040\000A\000T\000L\000E\000T\000I\000C\000A\000\040\000L\000E\000G\000G\000E\000R\000A}{}% 281
\BOOKMARK [1][]{section.282}{\376\377\000B\000A\0007\0005\0007\000:\000\040\000T\000R\000A\000C\000K\000\040\000\046\000\040\000F\000I\000E\000L\000D\000\040\000B\000A\000R\000I}{}% 282
\BOOKMARK [1][]{section.283}{\376\377\000B\000A\0007\0005\0008\000:\000\040\000A\000S\000D\000\040\000A\000V\000I\000S\000\040\000M\000O\000L\000A\000\040\000R\000U\000N\000N\000I\000N\000G}{}% 283
\BOOKMARK [1][]{section.284}{\376\377\000B\000A\0007\0005\0009\000:\000\040\000A\000S\000D\000\040\000S\000P\000I\000T\000S\000\040\000R\000U\000N\000\040\000W\000\040\000\046\000\040\000T\000\040\000S\000A\000M\000M\000I\000C\000H\000E\000L\000E}{}% 284
\BOOKMARK [1][]{section.285}{\376\377\000B\000A\0007\0006\0000\000:\000\040\000A\000S\000D\000\040\000R\000U\000T\000I\000G\000L\000I\000A\000N\000O\000\040\000R\000O\000A\000D\000\040\000R\000U\000N\000N\000E\000R\000S}{}% 285
\BOOKMARK [1][]{section.286}{\376\377\000B\000A\0007\0006\0001\000:\000\040\000G\000M\000\040\000S\000P\000O\000R\000T\000\040\000A\000S\000D}{}% 286
\BOOKMARK [1][]{section.287}{\376\377\000B\000A\0007\0006\0002\000:\000\040\000O\000F\000F\000I\000C\000I\000N\000A\000\040\000A\000T\000L\000E\000T\000I\000C\000A\000\040\0002\0000\0001\0000\000\040\000S\000S\000D}{}% 287
\BOOKMARK [1][]{section.288}{\376\377\000B\000A\0007\0006\0003\000:\000\040\000A\000S\000D\000\040\000A\000T\000L\000E\000T\000I\000C\000A\000\040\000C\000A\000R\000T\000U\000R\000\040\000F\000I\000A\000M\000M\000A}{}% 288
\BOOKMARK [1][]{section.289}{\376\377\000B\000A\0007\0006\0004\000:\000\040\000A\000S\000D\000\040\000T\000E\000R\000L\000I\000Z\000Z\000I\000\040\000S\000P\000O\000R\000T\000I\000N\000G\000\040\000C\000L\000U\000B}{}% 289
\BOOKMARK [1][]{section.290}{\376\377\000B\000A\0007\0006\0005\000:\000\040\000A\000T\000L\000E\000T\000I\000C\000A\000\040\000P\000H\000O\000E\000N\000I\000X\000\040\000A\000S\000D}{}% 290
\BOOKMARK [1][]{section.291}{\376\377\000B\000A\0007\0006\0008\000:\000\040\000A\000M\000I\000C\000I\000\040\000F\000O\000N\000T\000A\000N\000A\000\040\000R\000O\000M\000A\000N\000O\000\040\000T\000R\000I\000G\000G\000I\000A\000N\000O}{}% 291
\BOOKMARK [1][]{section.292}{\376\377\000B\000A\0007\0006\0009\000:\000\040\000A\000.\000S\000.\000D\000.\000\040\000I\000O\000C\000O\000R\000R\000O}{}% 292
\BOOKMARK [1][]{section.293}{\376\377\000B\000A\0007\0007\0000\000:\000\040\000A\000S\000D\000\040\000C\000O\000R\000R\000E\000R\000E\000\040\000P\000E\000R\000\040\000S\000E\000M\000P\000R\000E}{}% 293
\BOOKMARK [1][]{section.294}{\376\377\000B\000A\0007\0007\0002\000:\000\040\000A\000S\000D\000\040\000P\000O\000L\000I\000S\000P\000O\000R\000T\000I\000V\000A\000\040\000P\000A\000O\000L\000O\000\040\000S\000A\000S\000S\000O}{}% 294
\BOOKMARK [1][]{section.295}{\376\377\000B\000A\0007\0007\0003\000:\000\040\000A\000.\000S\000.\000D\000.\000\040\000A\000M\000I\000C\000I\000\040\000D\000I\000\040\000M\000A\000R\000C\000O}{}% 295
\BOOKMARK [1][]{section.296}{\376\377\000B\000A\0007\0007\0004\000:\000\040\000S\000P\000O\000R\000T\000\040\000\046\000\040\000L\000I\000F\000E\000\040\000A\000S\000D}{}% 296
\BOOKMARK [1][]{section.297}{\376\377\000B\000A\0007\0007\0005\000:\000\040\000A\000.\000S\000.\000D\000.\000\040\000G\000R\000I\000F\000O\000\040\000C\000L\000U\000B}{}% 297
\BOOKMARK [1][]{section.298}{\376\377\000B\000A\0007\0007\0006\000:\000\040\000A\000S\000D\000\040\000A\000T\000L\000E\000T\000I\000C\000A\000\040\000C\000O\000N\000V\000E\000R\000S\000A\000N\000O}{}% 298
\BOOKMARK [1][]{section.299}{\376\377\000B\000A\0007\0007\0007\000:\000\040\000P\000R\000\040\000F\000U\000T\000U\000R\000A\000\040\000A\000T\000L\000E\000T\000I\000C\000A\000\040\000C\000A\000S\000A\000M\000A\000S\000S\000I\000M\000A}{}% 299
\BOOKMARK [1][]{section.300}{\376\377\000B\000A\0007\0007\0008\000:\000\040\000E\000V\000E\000N\000T\000I\000\040\000S\000P\000O\000R\000T\000I\000V\000I\000\040\000A\000S\000D}{}% 300
\BOOKMARK [1][]{section.301}{\376\377\000B\000A\0007\0007\0009\000:\000\040\000A\000.\000D\000.\000\040\000S\000P\000O\000R\000T\000\040\000A\000.\000S\000.\000D\000.}{}% 301
\BOOKMARK [1][]{section.302}{\376\377\000B\000A\0007\0008\0000\000:\000\040\000Z\000E\000R\000O\000D\000U\000E\000\040\000S\000.\000S\000.\000D\000.\000\040\000A\000\040\000R\000.\000L\000.}{}% 302
\BOOKMARK [1][]{section.303}{\376\377\000B\000A\0007\0008\0001\000:\000\040\000A\000S\000D\000\040\000F\000I\000T\000W\000A\000L\000K\000I\000N\000G\000\040\000A\000N\000D\000R\000I\000A\000\040\000C\000A\000M\000M\000I\000N\000A}{}% 303
\BOOKMARK [1][]{section.304}{\376\377\000B\000A\0007\0008\0002\000:\000\040\000A\000N\000D\000R\000I\000A\000\040\000A\000T\000H\000L\000E\000T\000I\000C\000\040\000C\000L\000U\000B\000\040\000A\000.\000S\000.\000D\000.}{}% 304
\BOOKMARK [1][]{section.305}{\376\377\000B\000A\0007\0008\0006\000:\000\040\000A\000.\000S\000.\000D\000.\000\040\000N\000U\000O\000V\000A\000\040\000A\000T\000L\000E\000T\000I\000C\000A\000\040\000F\000I\000A\000M\000M\000A}{}% 305
\BOOKMARK [1][]{section.306}{\376\377\000B\000G\0000\0000\0003\000:\000\040\000A\000T\000L\000.\000\040\000B\000E\000R\000G\000A\000M\000O\000\040\0001\0009\0005\0009\000\040\000O\000R\000I\000O\000C\000E\000N\000T\000E\000R}{}% 306
\BOOKMARK [1][]{section.307}{\376\377\000B\000G\0000\0000\0004\000:\000\040\000U\000.\000S\000.\000\040\000S\000C\000A\000N\000Z\000O\000R\000O\000S\000C\000I\000A\000T\000E}{}% 307
\BOOKMARK [1][]{section.308}{\376\377\000B\000G\0000\0000\0005\000:\000\040\000A\000T\000L\000.\000\040\000P\000R\000E\000S\000E\000Z\000Z\000O}{}% 308
\BOOKMARK [1][]{section.309}{\376\377\000B\000G\0000\0000\0007\000:\000\040\000P\000O\000L\000.\000\040\000O\000S\000I\000O\000\040\000S\000O\000P\000R\000A}{}% 309
\BOOKMARK [1][]{section.310}{\376\377\000B\000G\0000\0002\0004\000:\000\040\000A\000T\000L\000.\000\040\000L\000E\000F\000F\000E}{}% 310
\BOOKMARK [1][]{section.311}{\376\377\000B\000G\0000\0002\0005\000:\000\040\000E\000D\000U\000C\000A\000Z\000I\000O\000N\000E\000.\000S\000P\000O\000R\000T\000\040\000A\000.\000S\000.\000D\000.}{}% 311
\BOOKMARK [1][]{section.312}{\376\377\000B\000G\0000\0003\0006\000:\000\040\000A\000T\000L\000.\000\040\000S\000A\000L\000E\000T\000T\000I}{}% 312
\BOOKMARK [1][]{section.313}{\376\377\000B\000G\0000\0004\0002\000:\000\040\000E\000A\000S\000Y\000\040\000S\000P\000E\000E\000D\000\040\0002\0000\0000\0000}{}% 313
\BOOKMARK [1][]{section.314}{\376\377\000B\000G\0000\0004\0005\000:\000\040\000A\000T\000L\000.\000\040\000P\000I\000A\000N\000U\000R\000A\000\040\000B\000E\000R\000G\000A\000M\000A\000S\000C\000A}{}% 314
\BOOKMARK [1][]{section.315}{\376\377\000B\000G\0000\0004\0008\000:\000\040\000V\000A\000N\000O\000T\000T\000I\000\040\000R\000U\000N\000N\000I\000N\000G\000\040\000T\000E\000A\000M}{}% 315
\BOOKMARK [1][]{section.316}{\376\377\000B\000G\0000\0007\0000\000:\000\040\000A\000.\000S\000.\000D\000.\000\040\000A\000U\000R\000O\000R\000A\000\040\000F\000O\000N\000T\000A\000N\000E\000L\000L\000A}{}% 316
\BOOKMARK [1][]{section.317}{\376\377\000B\000G\0001\0000\0005\000:\000\040\000P\000O\000L\000.\000\040\000D\000.\000\040\000O\000R\000A\000T\000O\000R\000I\000O\000\040\000C\000L\000U\000S\000O\000N\000E}{}% 317
\BOOKMARK [1][]{section.318}{\376\377\000B\000G\0001\0003\0004\000:\000\040\000A\000T\000L\000.\000\040\000L\000A\000\040\000T\000O\000R\000R\000E}{}% 318
\BOOKMARK [1][]{section.319}{\376\377\000B\000G\0001\0003\0005\000:\000\040\000G\000.\000\040\000A\000L\000P\000I\000N\000I\000S\000T\000I\000C\000O\000\040\000V\000E\000R\000T\000O\000V\000E\000S\000E}{}% 319
\BOOKMARK [1][]{section.320}{\376\377\000B\000G\0001\0003\0008\000:\000\040\000U\000.\000S\000.\000\040\000O\000L\000I\000M\000P\000I\000A\000\040\000A\000.\000S\000.\000D\000.}{}% 320
\BOOKMARK [1][]{section.321}{\376\377\000B\000G\0001\0004\0000\000:\000\040\000L\000I\000B\000E\000R\000T\000A\000S\000\040\000A\000T\000L\000.\000\040\000C\000A\000R\000A\000V\000A\000G\000G\000I\000O}{}% 321
\BOOKMARK [1][]{section.322}{\376\377\000B\000G\0001\0004\0001\000:\000\040\000A\000T\000L\000.\000\040\000P\000O\000L\000.\000\040\000A\000R\000D\000E\000S\000I\000O}{}% 322
\BOOKMARK [1][]{section.323}{\376\377\000B\000G\0001\0004\0003\000:\000\040\000C\000.\000A\000.\000O\000L\000I\000M\000P\000I\000A\000-\000C\000.\000M\000.\000V\000A\000L\000S\000E\000R\000I\000A\000N\000A\000\040\000S\000U\000P}{}% 323
\BOOKMARK [1][]{section.324}{\376\377\000B\000G\0001\0004\0006\000:\000\040\000R\000U\000N\000N\000I\000N\000G\000\040\000T\000O\000R\000R\000E\000\040\000D\000E\000'\000\040\000R\000O\000V\000E\000R\000I}{}% 324
\BOOKMARK [1][]{section.325}{\376\377\000B\000G\0001\0004\0009\000:\000\040\000A\000T\000L\000.\000\040\000V\000A\000L\000L\000I\000\040\000B\000E\000R\000G\000A\000M\000A\000S\000C\000H\000E\000\040\000L\000E\000F\000F\000E}{}% 325
\BOOKMARK [1][]{section.326}{\376\377\000B\000G\0001\0006\0006\000:\000\040\000G\000S\000\040\000A\000V\000I\000S\000\040\000T\000R\000E\000V\000I\000G\000L\000I\000O\000\040\000G\000.\000B\000R\000U\000S\000A\000F\000E\000R\000R\000I}{}% 326
\BOOKMARK [1][]{section.327}{\376\377\000B\000G\0001\0007\0000\000:\000\040\000C\000R\000A\000L\000\040\000B\000A\000N\000C\000A\000\040\000P\000O\000P\000.\000\040\000B\000E\000R\000G\000A\000M\000O}{}% 327
\BOOKMARK [1][]{section.328}{\376\377\000B\000G\0001\0007\0001\000:\000\040\000R\000U\000N\000N\000E\000R\000S\000\040\000A\000C\000A\000D\000E\000M\000Y\000\040\000A\000S\000D}{}% 328
\BOOKMARK [1][]{section.329}{\376\377\000B\000G\0002\0002\0002\000:\000\040\000P\000O\000L\000.\000\040\000B\000O\000L\000G\000A\000R\000E\000\040\000S\000E\000Z\000.\000\040\000A\000T\000L\000.}{}% 329
\BOOKMARK [1][]{section.330}{\376\377\000B\000G\0002\0002\0003\000:\000\040\000A\000T\000L\000.\000\040\000V\000A\000L\000L\000E\000\040\000B\000R\000E\000M\000B\000A\000N\000A}{}% 330
\BOOKMARK [1][]{section.331}{\376\377\000B\000G\0002\0002\0004\000:\000\040\000A\000T\000L\000.\000\040\000C\000U\000R\000N\000O}{}% 331
\BOOKMARK [1][]{section.332}{\376\377\000B\000G\0002\0002\0005\000:\000\040\000A\000T\000L\000.\000\040\000C\000A\000S\000A\000Z\000Z\000A}{}% 332
\BOOKMARK [1][]{section.333}{\376\377\000B\000G\0002\0002\0007\000:\000\040\000A\000T\000L\000.\000\040\000A\000L\000M\000E\000'}{}% 333
\BOOKMARK [1][]{section.334}{\376\377\000B\000G\0002\0002\0008\000:\000\040\000U\000.\000S\000.\000\040\000R\000O\000G\000N\000O}{}% 334
\BOOKMARK [1][]{section.335}{\376\377\000B\000G\0002\0003\0002\000:\000\040\000P\000O\000L\000.\000\040\000A\000T\000L\000.\000\040\000B\000R\000E\000M\000B\000A\000T\000E\000\040\000S\000O\000P\000R\000A}{}% 335
\BOOKMARK [1][]{section.336}{\376\377\000B\000G\0002\0003\0006\000:\000\040\000A\000.\000S\000.\000D\000.\000\040\000L\000A\000\040\000R\000E\000C\000A\000S\000T\000E\000L\000L\000O}{}% 336
\BOOKMARK [1][]{section.337}{\376\377\000B\000G\0002\0003\0007\000:\000\040\000G\000.\000S\000.\000\040\000O\000R\000E\000Z\000Z\000O}{}% 337
\BOOKMARK [1][]{section.338}{\376\377\000B\000G\0002\0004\0008\000:\000\040\000A\000T\000L\000.\000\040\000E\000S\000T\000R\000A\000D\000A}{}% 338
\BOOKMARK [1][]{section.339}{\376\377\000B\000G\0002\0008\0002\000:\000\040\000A\000T\000L\000.\000\040\000C\000A\000S\000T\000E\000L\000\040\000R\000O\000Z\000Z\000O\000N\000E}{}% 339
\BOOKMARK [1][]{section.340}{\376\377\000B\000G\0002\0008\0009\000:\000\040\000U\000.\000S\000.\000\040\000S\000A\000N\000\040\000P\000E\000L\000L\000E\000G\000R\000I\000N\000O\000\040\000T\000E\000R\000M\000E}{}% 340
\BOOKMARK [1][]{section.341}{\376\377\000B\000G\0002\0009\0000\000:\000\040\000A\000T\000L\000.\000\040\000R\000O\000M\000A\000N\000O}{}% 341
\BOOKMARK [1][]{section.342}{\376\377\000B\000G\0002\0009\0001\000:\000\040\000P\000O\000L\000.\000\040\000C\000A\000P\000P\000U\000C\000C\000I\000N\000E\000S\000E}{}% 342
\BOOKMARK [1][]{section.343}{\376\377\000B\000G\0003\0000\0000\000:\000\040\000A\000T\000L\000.\000\040\000T\000R\000E\000V\000I\000G\000L\000I\000O}{}% 343
\BOOKMARK [1][]{section.344}{\376\377\000B\000G\0003\0003\0009\000:\000\040\000B\000I\000G\000A\000C\000C\000\040\000D\000E\000\040\000E\000L\000A}{}% 344
\BOOKMARK [1][]{section.345}{\376\377\000B\000G\0003\0004\0003\000:\000\040\000U\000.\000S\000.\000\040\000M\000O\000Z\000Z\000O}{}% 345
\BOOKMARK [1][]{section.346}{\376\377\000B\000G\0003\0005\0001\000:\000\040\000G\000.\000S\000.\000\040\000A\000.\000M\000A\000R\000I\000N\000E\000L\000L\000I\000\040\000C\000O\000M\000E\000N\000D\000U\000N\000O}{}% 346
\BOOKMARK [1][]{section.347}{\376\377\000B\000G\0003\0005\0003\000:\000\040\000P\000O\000O\000L\000\040\000S\000O\000C\000.\000A\000T\000L\000.\000A\000L\000T\000A\000\040\000V\000A\000L\000S\000E\000R\000I\000A\000N\000A}{}% 347
\BOOKMARK [1][]{section.348}{\376\377\000B\000G\0003\0007\0001\000:\000\040\000S\000P\000O\000R\000T\000I\000N\000G\000\040\000C\000L\000U\000B\000\040\000A\000L\000Z\000A\000N\000O}{}% 348
\BOOKMARK [1][]{section.349}{\376\377\000B\000G\0003\0007\0009\000:\000\040\000A\000T\000L\000.\000\040\000C\000R\000A\000L\000\040\000C\000R\000E\000B\000E\000R\000G}{}% 349
\BOOKMARK [1][]{section.350}{\376\377\000B\000G\0003\0009\0000\000:\000\040\000A\000T\000L\000.\000\040\000C\000O\000L\000O\000G\000N\000O\000\040\000A\000L\000\040\000S\000E\000R\000I\000O}{}% 350
\BOOKMARK [1][]{section.351}{\376\377\000B\000G\0004\0001\0007\000:\000\040\000P\000O\000L\000.\000\040\000G\000R\000A\000S\000S\000O\000B\000B\000I\000O}{}% 351
\BOOKMARK [1][]{section.352}{\376\377\000B\000G\0004\0002\0000\000:\000\040\000M\000A\000R\000A\000T\000H\000O\000N\000\040\000T\000E\000A\000M\000\040\000B\000G}{}% 352
\BOOKMARK [1][]{section.353}{\376\377\000B\000G\0004\0002\0005\000:\000\040\000M\000E\000D\000I\000R\000U\000N}{}% 353
\BOOKMARK [1][]{section.354}{\376\377\000B\000G\0004\0007\0002\000:\000\040\000R\000U\000N\000N\000E\000R\000S\000\040\000B\000E\000R\000G\000A\000M\000O}{}% 354
\BOOKMARK [1][]{section.355}{\376\377\000B\000G\0004\0007\0009\000:\000\040\000G\000.\000S\000.\000\040\000O\000R\000O\000B\000I\000E}{}% 355
\BOOKMARK [1][]{section.356}{\376\377\000B\000G\0005\0001\0001\000:\000\040\000A\000T\000L\000.\000\040\000V\000A\000L\000L\000E\000\040\000I\000M\000A\000G\000N\000A}{}% 356
\BOOKMARK [1][]{section.357}{\376\377\000B\000G\0005\0002\0000\000:\000\040\000G\000R\000U\000P\000P\000O\000\040\000S\000P\000O\000R\000T\000I\000V\000O\000\040\000O\000R\000O\000B\000I\000C\000O}{}% 357
\BOOKMARK [1][]{section.358}{\376\377\000B\000G\0005\0003\0006\000:\000\040\000G\000.\000S\000.\000\040\000A\000L\000T\000I\000T\000U\000D\000E}{}% 358
\BOOKMARK [1][]{section.359}{\376\377\000B\000G\0005\0004\0002\000:\000\040\000A\000T\000L\000.\000\040\000B\000R\000U\000S\000A\000P\000O\000R\000T\000O}{}% 359
\BOOKMARK [1][]{section.360}{\376\377\000B\000G\0005\0007\0002\000:\000\040\000O\000R\000A\000T\000O\000R\000I\000O\000\040\000A\000L\000B\000I\000N\000O\000\040\000A\000T\000L\000.}{}% 360
\BOOKMARK [1][]{section.361}{\376\377\000B\000G\0005\0007\0006\000:\000\040\000A\000T\000L\000.\000\040\000A\000L\000T\000A\000\040\000V\000A\000L\000L\000E\000\040\000B\000R\000E\000M\000B\000A\000N\000A}{}% 361
\BOOKMARK [1][]{section.362}{\376\377\000B\000G\0005\0008\0004\000:\000\040\000P\000O\000L\000.\000\040\000V\000I\000L\000L\000E\000S\000E}{}% 362
\BOOKMARK [1][]{section.363}{\376\377\000B\000G\0005\0009\0004\000:\000\040\000C\000L\000U\000B\000\040\000P\000A\000N\000T\000E\000R\000A\000\040\000R\000O\000S\000A}{}% 363
\BOOKMARK [1][]{section.364}{\376\377\000B\000G\0005\0009\0005\000:\000\040\000T\000A\000R\000T\000A\000R\000U\000N\000N\000E\000R\000S\000\040\000V\000A\000L\000T\000E\000S\000S\000E}{}% 364
\BOOKMARK [1][]{section.365}{\376\377\000B\000G\0006\0000\0005\000:\000\040\000A\000T\000L\000.\000\040\000V\000A\000L\000B\000R\000E\000N\000O}{}% 365
\BOOKMARK [1][]{section.366}{\376\377\000B\000G\0006\0000\0006\000:\000\040\000F\000O\000'\000\040\000D\000I\000\040\000P\000E}{}% 366
\BOOKMARK [1][]{section.367}{\376\377\000B\000G\0006\0002\0000\000:\000\040\000G\000.\000S\000.\000\040\000F\000I\000O\000R\000I\000N\000E}{}% 367
\BOOKMARK [1][]{section.368}{\376\377\000B\000G\0006\0002\0007\000:\000\040\000P\000O\000L\000I\000S\000P\000O\000R\000T\000I\000V\000A\000\040\000R\000A\000N\000I\000C\000A\000\040\000A\000S\000D}{}% 368
\BOOKMARK [1][]{section.369}{\376\377\000B\000G\0006\0004\0009\000:\000\040\000G\000R\000U\000P\000P\000O\000\040\000S\000P\000O\000R\000T\000I\000V\000O\000\040\000A\000D\000D\000A}{}% 369
\BOOKMARK [1][]{section.370}{\376\377\000B\000G\0006\0005\0008\000:\000\040\000A\000T\000L\000E\000T\000I\000C\000A\000\040\000M\000A\000R\000A\000T\000H\000O\000N\000\040\000A\000L\000M\000E\000N\000N\000O\000\040\000S\000.\000S\000.}{}% 370
\BOOKMARK [1][]{section.371}{\376\377\000B\000G\0006\0007\0005\000:\000\040\000A\000T\000L\000E\000T\000I\000C\000A\000\040\000T\000R\000E\000S\000C\000O\000R\000E}{}% 371
\BOOKMARK [1][]{section.372}{\376\377\000B\000G\0006\0008\0009\000:\000\040\000A\000.\000S\000.\000D\000.\000\040\000A\000T\000L\000E\000T\000I\000C\000A\000\040\000S\000A\000R\000N\000I\000C\000O}{}% 372
\BOOKMARK [1][]{section.373}{\376\377\000B\000G\0007\0000\0005\000:\000\040\000A\000T\000L\000.\000\040\000E\000\040\000P\000O\000D\000I\000S\000T\000I\000C\000A\000\040\000P\000O\000L\000.\000B\000O\000T\000T\000A\000N\000U\000C\000O}{}% 373
\BOOKMARK [1][]{section.374}{\376\377\000B\000G\0007\0002\0006\000:\000\040\000R\000O\000M\000A\000N\000O\000\040\000R\000U\000N\000N\000I\000N\000G}{}% 374
\BOOKMARK [1][]{section.375}{\376\377\000B\000G\0007\0003\0007\000:\000\040\000P\000O\000L\000I\000S\000P\000O\000R\000T\000I\000V\000A\000\040\000I\000M\000I\000B\000E\000R\000G}{}% 375
\BOOKMARK [1][]{section.376}{\376\377\000B\000G\0007\0003\0008\000:\000\040\000X\000-\000B\000I\000O\000N\000I\000C\000\040\000R\000U\000N\000N\000I\000N\000G\000\040\000T\000E\000A\000M}{}% 376
\BOOKMARK [1][]{section.377}{\376\377\000B\000G\0007\0004\0007\000:\000\040\000A\000T\000L\000E\000T\000I\000C\000A\000\040\000D\000A\000L\000M\000I\000N\000E\000\040\000E\000D\000U\000C\000A\000N\000D\000O}{}% 377
\BOOKMARK [1][]{section.378}{\376\377\000B\000G\0007\0006\0002\000:\000\040\000F\000R\000E\000C\000C\000E\000\040\000G\000I\000A\000L\000L\000O\000\040\000B\000L\000U}{}% 378
\BOOKMARK [1][]{section.379}{\376\377\000B\000G\0007\0007\0002\000:\000\040\000A\000S\000D\000\040\000A\000T\000L\000E\000T\000I\000C\000A\000\040\000S\000T\000E\000Z\000Z\000A\000N\000O}{}% 379
\BOOKMARK [1][]{section.380}{\376\377\000B\000G\0007\0009\0005\000:\000\040\000B\000E\000R\000G\000A\000M\000O\000\040\000S\000T\000A\000R\000S\000\040\000A\000T\000L\000E\000T\000I\000C\000A}{}% 380
\BOOKMARK [1][]{section.381}{\376\377\000B\000G\0008\0000\0000\000:\000\040\000P\000O\000D\000I\000S\000T\000I\000\040\000F\000A\000R\000E\000S\000I}{}% 381
\BOOKMARK [1][]{section.382}{\376\377\000B\000G\0008\0004\0000\000:\000\040\000A\000S\000D\000\040\000G\000S\000A\000\040\000S\000O\000V\000E\000R\000E\000\040\000A\000T\000L\000E\000T\000I\000C\000A}{}% 382
\BOOKMARK [1][]{section.383}{\376\377\000B\000G\0008\0004\0001\000:\000\040\000G\000R\000U\000P\000P\000O\000\040\000S\000P\000O\000R\000T\000I\000V\000O\000\040\000A\000L\000P\000I\000N\000I\000\040\000S\000O\000V\000E\000R\000E}{}% 383
\BOOKMARK [1][]{section.384}{\376\377\000B\000G\0008\0005\0005\000:\000\040\000G\000R\000U\000P\000P\000O\000\040\000P\000O\000D\000I\000S\000T\000I\000C\000O\000\040\000A\000R\000C\000E\000N\000E\000\040\000A\000.\000S\000.\000D\000.}{}% 384
\BOOKMARK [1][]{section.385}{\376\377\000B\000G\0008\0006\0009\000:\000\040\000A\000T\000L\000E\000T\000I\000C\000A\000\040\000C\000R\000A\000L\000\040\000B\000A\000N\000C\000O\000\040\000B\000P\000M}{}% 385
\BOOKMARK [1][]{section.386}{\376\377\000B\000G\0008\0009\0001\000:\000\040\000E\000L\000L\000E\000\040\000E\000R\000R\000E\000\040\000A\000S\000D}{}% 386
\BOOKMARK [1][]{section.387}{\376\377\000B\000G\0008\0009\0003\000:\000\040\000C\000A\000N\000T\000O\000\040\000D\000I\000\040\000C\000O\000R\000S\000A}{}% 387
\BOOKMARK [1][]{section.388}{\376\377\000B\000G\0009\0001\0000\000:\000\040\000C\000U\000S\000\040\000B\000E\000R\000G\000A\000M\000O\000\040\000A\000T\000L\000E\000T\000I\000C\000A\000\040\000A\000S\000D}{}% 388
\BOOKMARK [1][]{section.389}{\376\377\000B\000G\0009\0001\0007\000:\000\040\000W\000E\000\040\000R\000U\000N\000\040\000B\000E\000R\000G\000A\000M\000O\000\040\000A\000S\000D}{}% 389
\BOOKMARK [1][]{section.390}{\376\377\000B\000G\0009\0002\0008\000:\000\040\000P\000O\000D\000I\000S\000T\000I\000\040\000D\000U\000E\000\040\000C\000A\000S\000T\000E\000L\000L\000I\000\040\000A\000S\000D}{}% 390
\BOOKMARK [1][]{section.391}{\376\377\000B\000G\0009\0003\0002\000:\000\040\000A\000T\000L\000.\000\040\000T\000R\000E\000S\000C\000O\000R\000E\000\040\000T\000R\000A\000C\000K\000\040\000A\000N\000D\000\040\000F\000I\000E\000L\000D}{}% 391
\BOOKMARK [1][]{section.392}{\376\377\000B\000G\0009\0006\0001\000:\000\040\000P\000O\000L\000I\000S\000P\000O\000R\000T\000I\000V\000A\000\040\000C\000U\000R\000N\000O\000\040\000A\000.\000S\000.\000D\000.}{}% 392
\BOOKMARK [1][]{section.393}{\376\377\000B\000G\0009\0006\0002\000:\000\040\000B\000E\000R\000B\000E\000N\000N\000O\000\040\000R\000U\000N\000N\000E\000R\000S}{}% 393
\BOOKMARK [1][]{section.394}{\376\377\000B\000G\0009\0007\0004\000:\000\040\000C\000U\000S\000\040\000B\000E\000R\000G\000A\000M\000O\000\040\000A\000S\000D}{}% 394
\BOOKMARK [1][]{section.395}{\376\377\000B\000L\0000\0000\0001\000:\000\040\000A\000T\000L\000.\000L\000O\000N\000G\000A\000R\000O\000N\000E\000\040\000S\000I\000N\000T\000E\000C\000O}{}% 395
\BOOKMARK [1][]{section.396}{\376\377\000B\000L\0000\0000\0004\000:\000\040\000G\000.\000S\000.\000\040\000Q\000U\000A\000N\000T\000I\000N\000\040\000A\000L\000P\000E\000N\000P\000L\000U\000S}{}% 396
\BOOKMARK [1][]{section.397}{\376\377\000B\000L\0000\0000\0005\000:\000\040\000A\000T\000L\000.\000\040\000T\000R\000I\000C\000H\000I\000A\000N\000A}{}% 397
\BOOKMARK [1][]{section.398}{\376\377\000B\000L\0000\0000\0006\000:\000\040\000U\000S\000R\000\040\000L\000A\000S\000E\000N\000\040\000-\000\040\000L\000A\000T\000T\000E\000\040\000A\000L\000B\000A\000L\000U\000N\000A}{}% 398
\BOOKMARK [1][]{section.399}{\376\377\000B\000L\0000\0000\0007\000:\000\040\000U\000S\000\040\000C\000E\000S\000I\000O}{}% 399
\BOOKMARK [1][]{section.400}{\376\377\000B\000L\0000\0000\0008\000:\000\040\000G\000S\000\040\000L\000A\000\040\000P\000I\000A\000V\000E\000\040\0002\0000\0000\0000}{}% 400
\BOOKMARK [1][]{section.401}{\376\377\000B\000L\0000\0000\0009\000:\000\040\000A\000T\000H\000L\000E\000T\000I\000C\000\040\000C\000L\000U\000B\000\040\000F\000I\000R\000E\000X\000\040\000B\000E\000L\000L\000U\000N\000O}{}% 401
\BOOKMARK [1][]{section.402}{\376\377\000B\000L\0000\0001\0000\000:\000\040\000A\000.\000A\000T\000L\000.\000D\000O\000L\000O\000M\000I\000T\000I\000\040\000B\000E\000L\000L\000U\000N\000O}{}% 402
\BOOKMARK [1][]{section.403}{\376\377\000B\000L\0000\0001\0001\000:\000\040\000B\000E\000L\000L\000U\000N\000O\000A\000T\000L\000E\000T\000I\000C\000A\000\040\000M\000.\000G\000.\000B\000.}{}% 403
\BOOKMARK [1][]{section.404}{\376\377\000B\000L\0000\0001\0002\000:\000\040\000A\000N\000A\000\040\000A\000T\000L\000.\000F\000E\000L\000T\000R\000E}{}% 404
\BOOKMARK [1][]{section.405}{\376\377\000B\000L\0000\0001\0005\000:\000\040\000A\000T\000L\000.\000I\000N\000T\000E\000R\000L\000O\000Z\000Z\000O}{}% 405
\BOOKMARK [1][]{section.406}{\376\377\000B\000L\0000\0001\0007\000:\000\040\000G\000.\000S\000.\000V\000V\000.\000F\000F\000.\000-\000D\000E\000\040\000V\000E\000C\000C\000H\000I\000-\000B\000L}{}% 406
\BOOKMARK [1][]{section.407}{\376\377\000B\000L\0000\0001\0008\000:\000\040\000P\000O\000L\000.\000S\000.\000G\000I\000U\000S\000T\000I\000N\000A}{}% 407
\BOOKMARK [1][]{section.408}{\376\377\000B\000L\0000\0001\0009\000:\000\040\000A\000T\000L\000.\000A\000G\000O\000R\000D\000I\000N\000A}{}% 408
\BOOKMARK [1][]{section.409}{\376\377\000B\000L\0000\0002\0001\000:\000\040\000G\000I\000R\000O\000\040\000D\000E\000L\000L\000E\000\040\000M\000U\000R\000A\000\040\000C\000I\000T\000T\000A\000\040\000F\000E\000L\000T\000R\000E}{}% 409
\BOOKMARK [1][]{section.410}{\376\377\000B\000L\0000\0002\0002\000:\000\040\000A\000T\000L\000.\000S\000A\000P\000P\000A\000D\000A\000\040\000P\000L\000O\000D\000N}{}% 410
\BOOKMARK [1][]{section.411}{\376\377\000B\000L\0000\0002\0005\000:\000\040\000P\000O\000L\000I\000S\000P\000O\000R\000T\000I\000V\000A\000\040\000C\000A\000P\000R\000I\000O\000L\000I}{}% 411
\BOOKMARK [1][]{section.412}{\376\377\000B\000L\0000\0002\0007\000:\000\040\000A\000T\000L\000E\000T\000I\000C\000A\000\040\000C\000O\000M\000E\000L\000I\000C\000O}{}% 412
\BOOKMARK [1][]{section.413}{\376\377\000B\000L\0000\0002\0009\000:\000\040\000A\000T\000L\000.\000\040\000C\000O\000R\000T\000I\000N\000A\000\040\000C\000.\000\040\000R\000U\000R\000A\000L\000E\000\040\000C\000O\000R\000T\000I\000N\000A}{}% 413
\BOOKMARK [1][]{section.414}{\376\377\000B\000L\0000\0003\0000\000:\000\040\000A\000T\000L\000.\000F\000I\000O\000R\000I\000\040\000B\000A\000R\000P}{}% 414
\BOOKMARK [1][]{section.415}{\376\377\000B\000L\0000\0003\0003\000:\000\040\000G\000R\000.\000M\000A\000R\000C\000.\000\040\000C\000A\000L\000A\000L\000Z\000O\000\040\000A\000T\000L\000.\000\040\000C\000A\000D\000O\000R\000E}{}% 415
\BOOKMARK [1][]{section.416}{\376\377\000B\000L\0000\0004\0001\000:\000\040\000A\000.\000S\000.\000D\000.\000\040\000G\000R\000U\000P\000P\000O\000\040\000S\000P\000O\000R\000T\000I\000V\000O\000\040\000A\000S\000T\000R\000A}{}% 416
\BOOKMARK [1][]{section.417}{\376\377\000B\000L\0000\0004\0002\000:\000\040\000A\000S\000D\000\040\000V\000O\000D\000O\000\040\000D\000I\000\040\000C\000A\000D\000O\000R\000E}{}% 417
\BOOKMARK [1][]{section.418}{\376\377\000B\000L\0000\0004\0004\000:\000\040\000A\000T\000L\000E\000T\000I\000C\000A\000D\000O\000R\000E\000\040\000-\000\040\000G\000I\000O\000C\000A\000L\000L\000E\000N\000A\000\040\000A\000S\000D}{}% 418
\BOOKMARK [1][]{section.419}{\376\377\000B\000L\0000\0004\0006\000:\000\040\000R\000U\000N\000\046\000F\000U\000N\000\040\000O\000L\000T\000R\000E\000\040\000T\000E\000A\000M}{}% 419
\BOOKMARK [1][]{section.420}{\376\377\000B\000L\0000\0004\0007\000:\000\040\000A\000L\000P\000A\000G\000O\000\040\000T\000O\000R\000N\000A\000D\000O\000\040\000R\000U\000N}{}% 420
\BOOKMARK [1][]{section.421}{\376\377\000B\000N\0000\0002\0006\000:\000\040\000A\000.\000S\000.\000D\000.\000\040\000L\000I\000B\000.\000\040\000P\000O\000L\000.\000\040\000A\000M\000A\000T\000.\000\040\000A\000T\000L\000.\000\040\000B\000N}{}% 421
\BOOKMARK [1][]{section.422}{\376\377\000B\000N\0000\0005\0000\000:\000\040\000A\000S\000D\000\040\000R\000U\000N\000N\000I\000N\000G\000\040\000T\000E\000L\000E\000S\000E\000\040\000T\000E\000R\000M\000E}{}% 422
\BOOKMARK [1][]{section.423}{\376\377\000B\000N\0001\0000\0000\000:\000\040\000P\000O\000D\000.\000\040\000V\000A\000L\000L\000E\000\040\000C\000A\000U\000D\000I\000N\000A}{}% 423
\BOOKMARK [1][]{section.424}{\376\377\000B\000N\0001\0008\0002\000:\000\040\000L\000I\000B\000.\000\040\000A\000T\000L\000.\000\040\000B\000E\000N\000E\000V\000E\000N\000T\000O}{}% 424
\BOOKMARK [1][]{section.425}{\376\377\000B\000N\0002\0008\0006\000:\000\040\000A\000S\000D\000\040\000P\000O\000L\000.\000\040\000A\000S\000T\000R\000O\000\040\0002\0000\0000\0000\000\040\000B\000E\000N\000E\000V\000E\000N\000T\000O}{}% 425
\BOOKMARK [1][]{section.426}{\376\377\000B\000N\0003\0000\0000\000:\000\040\000A\000.\000S\000.\000D\000.\000\040\000A\000T\000L\000.\000\040\000D\000U\000G\000E\000N\000T\000A}{}% 426
\BOOKMARK [1][]{section.427}{\376\377\000B\000N\0004\0005\0000\000:\000\040\000S\000A\000N\000N\000I\000O\000\040\000R\000U\000N\000N\000E\000R\000S}{}% 427
\BOOKMARK [1][]{section.428}{\376\377\000B\000N\0004\0006\0000\000:\000\040\000S\000.\000S\000.\000D\000.\000\040\000T\000E\000L\000E\000S\000I\000A\000\040\000R\000U\000N\000N\000I\000N\000G\000\040\000T\000E\000A\000M}{}% 428
\BOOKMARK [1][]{section.429}{\376\377\000B\000N\0004\0009\0000\000:\000\040\000A\000S\000D\000\040\000F\000I\000L\000I\000P\000P\000I\000D\000E\000\040\000R\000U\000N\000N\000E\000R\000S}{}% 429
\BOOKMARK [1][]{section.430}{\376\377\000B\000N\0005\0001\0004\000:\000\040\000A\000S\000D\000\040\000A\000M\000A\000T\000O\000R\000I\000\040\000P\000O\000D\000I\000S\000M\000O\000\040\000B\000E\000N\000E\000V\000E\000N\000T\000O}{}% 430
\BOOKMARK [1][]{section.431}{\376\377\000B\000N\0007\0000\0002\000:\000\040\000A\000.\000S\000.\000D\000.\000\040\000P\000O\000D\000I\000S\000M\000O\000\040\000B\000E\000N\000E\000V\000E\000N\000T\000O}{}% 431
\BOOKMARK [1][]{section.432}{\376\377\000B\000N\0008\0000\0000\000:\000\040\000L\000I\000B\000E\000R\000T\000A\000S\000\040\000A\000M\000A\000T\000O\000R\000I\000\040\000A\000T\000L\000E\000T\000I\000C\000A\000\040\000L\000E\000G\000G}{}% 432
\BOOKMARK [1][]{section.433}{\376\377\000B\000O\0000\0000\0002\000:\000\040\000A\000C\000Q\000U\000A\000D\000E\000L\000A\000\040\000A\000S\000D}{}% 433
\BOOKMARK [1][]{section.434}{\376\377\000B\000O\0000\0000\0005\000:\000\040\000G\000.\000S\000.\000\040\000G\000A\000B\000B\000I\000\040\000A\000S\000D}{}% 434
\BOOKMARK [1][]{section.435}{\376\377\000B\000O\0000\0000\0007\000:\000\040\000A\000S\000D\000\040\000V\000I\000R\000T\000U\000S\000\040\000S\000E\000Z\000.\000\040\000A\000T\000L\000.\000\040\000E\000M\000I\000L\000S\000I\000D\000E\000R}{}% 435
\BOOKMARK [1][]{section.436}{\376\377\000B\000O\0000\0000\0008\000:\000\040\000C\000.\000U\000.\000S\000.\000\040\000B\000O\000L\000O\000G\000N\000A\000\040\000A\000.\000S\000.\000D\000.}{}% 436
\BOOKMARK [1][]{section.437}{\376\377\000B\000O\0000\0000\0009\000:\000\040\000P\000O\000D\000I\000S\000T\000I\000C\000A\000\040\000P\000O\000N\000T\000E\000L\000U\000N\000G\000O\000\040\000B\000O\000L\000O\000G\000N\000A}{}% 437
\BOOKMARK [1][]{section.438}{\376\377\000B\000O\0000\0001\0001\000:\000\040\000C\000.\000S\000.\000\040\000C\000A\000R\000A\000B\000I\000N\000I\000E\000R\000I\000\040\000S\000E\000Z\000.\000\040\000A\000T\000L\000E\000T\000I\000C\000A}{}% 438
\BOOKMARK [1][]{section.439}{\376\377\000B\000O\0000\0001\0004\000:\000\040\000A\000T\000L\000.\000\040\000I\000M\000O\000L\000A\000\040\000S\000A\000C\000M\000I\000\040\000A\000V\000I\000S}{}% 439
\BOOKMARK [1][]{section.440}{\376\377\000B\000O\0000\0001\0005\000:\000\040\000A\000.\000S\000.\000D\000.\000\040\000F\000R\000A\000N\000C\000E\000S\000C\000O\000\040\000F\000R\000A\000N\000C\000I\000A}{}% 440
\BOOKMARK [1][]{section.441}{\376\377\000B\000O\0000\0001\0007\000:\000\040\000A\000S\000D\000\040\000P\000O\000D\000.\000\040\000L\000I\000P\000P\000O\000\040\000C\000A\000L\000D\000E\000R\000A\000R\000A}{}% 441
\BOOKMARK [1][]{section.442}{\376\377\000B\000O\0000\0002\0001\000:\000\040\000G\000.\000P\000.\000\040\000I\000\040\000C\000A\000G\000N\000O\000N}{}% 442
\BOOKMARK [1][]{section.443}{\376\377\000B\000O\0000\0002\0003\000:\000\040\000A\000T\000L\000.\000\040\000A\000V\000I\000S\000\040\000C\000A\000S\000T\000E\000L\000\040\000S\000.\000P\000I\000E\000T\000R\000O}{}% 443
\BOOKMARK [1][]{section.444}{\376\377\000B\000O\0000\0003\0007\000:\000\040\000P\000O\000L\000.\000\040\000D\000I\000L\000.\000\040\000S\000A\000N\000R\000A\000F\000E\000L}{}% 444
\BOOKMARK [1][]{section.445}{\376\377\000B\000O\0000\0003\0008\000:\000\040\000A\000S\000D\000\040\000T\000E\000A\000M\000\040\000G\000R\000A\000N\000A\000R\000O\000L\000O}{}% 445
\BOOKMARK [1][]{section.446}{\376\377\000B\000O\0000\0004\0001\000:\000\040\000A\000S\000D\000\040\000F\000I\000D\000A\000S\000\040\000G\000N\000A\000R\000R\000O\000\040\000J\000E\000T\000\040\000M\000A\000T\000T\000E\000I}{}% 446
\BOOKMARK [1][]{section.447}{\376\377\000B\000O\0001\0002\0004\000:\000\040\000A\000T\000L\000.\000\040\000C\000A\000S\000T\000E\000N\000A\000S\000O\000\040\000C\000E\000L\000T\000I\000C\000\040\000D\000R\000U\000I\000D}{}% 447
\BOOKMARK [1][]{section.448}{\376\377\000B\000O\0001\0003\0008\000:\000\040\000P\000O\000L\000.\000\040\000P\000O\000R\000T\000A\000\040\000S\000A\000R\000A\000G\000O\000Z\000Z\000A}{}% 448
\BOOKMARK [1][]{section.449}{\376\377\000B\000O\0001\0005\0000\000:\000\040\000L\000O\000L\000L\000I\000A\000U\000T\000O\000\040\000A\000S\000D}{}% 449
\BOOKMARK [1][]{section.450}{\376\377\000B\000O\0001\0008\0004\000:\000\040\000S\000O\000C\000I\000E\000T\000A\000'\000\040\000V\000I\000C\000T\000O\000R\000I\000A}{}% 450
\BOOKMARK [1][]{section.451}{\376\377\000B\000O\0002\0003\0009\000:\000\040\000A\000.\000S\000.\000D\000.\000\040\000L\000U\000M\000E\000G\000A\000L\000T\000O\000R\000E\000N\000O}{}% 451
\BOOKMARK [1][]{section.452}{\376\377\000B\000O\0002\0006\0003\000:\000\040\000G\000.\000P\000.\000\040\000A\000T\000L\000E\000T\000I\000C\000A\000\040\000M\000O\000L\000I\000N\000E\000L\000L\000A}{}% 452
\BOOKMARK [1][]{section.453}{\376\377\000B\000O\0002\0007\0000\000:\000\040\000A\000T\000L\000.\000\040\000V\000A\000L\000L\000E\000S\000A\000M\000O\000G\000G\000I\000A}{}% 453
\BOOKMARK [1][]{section.454}{\376\377\000B\000O\0003\0003\0004\000:\000\040\000P\000O\000L\000.\000\040\000C\000I\000R\000C\000O\000L\000O\000\040\000D\000O\000Z\000Z\000A\000\040\000A\000S\000D}{}% 454
\BOOKMARK [1][]{section.455}{\376\377\000B\000O\0003\0007\0009\000:\000\040\000E\000U\000R\000E\000K\000A\000\040\000A\000T\000L\000.\000\040\000V\000A\000L\000L\000E\000\040\000D\000E\000L\000\040\000R\000E\000N\000O}{}% 455
\BOOKMARK [1][]{section.456}{\376\377\000B\000O\0004\0001\0008\000:\000\040\000A\000T\000L\000E\000T\000I\000C\000A\000\040\000M\000E\000L\000I\000T\000O}{}% 456
\BOOKMARK [1][]{section.457}{\376\377\000B\000O\0004\0002\0007\000:\000\040\000C\000S\000I\000\040\000S\000A\000S\000S\000O\000\040\000M\000A\000R\000C\000O\000N\000I}{}% 457
\BOOKMARK [1][]{section.458}{\376\377\000B\000O\0004\0002\0009\000:\000\040\000P\000O\000L\000.\000\040\000Z\000O\000L\000A\000\040\000S\000E\000Z\000.\000\040\000A\000T\000L\000E\000T\000I\000C\000A}{}% 458
\BOOKMARK [1][]{section.459}{\376\377\000B\000O\0004\0003\0000\000:\000\040\000A\000T\000L\000E\000T\000I\000C\000A\000\040\000N\000E\000W\000\040\000S\000T\000A\000R}{}% 459
\BOOKMARK [1][]{section.460}{\376\377\000B\000O\0004\0003\0004\000:\000\040\000A\000S\000D\000\040\000A\000T\000L\000E\000T\000I\000C\000A\000\040\000B\000L\000I\000Z\000Z\000A\000R\000D}{}% 460
\BOOKMARK [1][]{section.461}{\376\377\000B\000O\0004\0003\0007\000:\000\040\000S\000.\000G\000.\000\040\000P\000E\000R\000S\000I\000C\000E\000T\000A\000N\000A}{}% 461
\BOOKMARK [1][]{section.462}{\376\377\000B\000O\0004\0006\0008\000:\000\040\000T\000R\000I\000I\000R\000O\000N}{}% 462
\BOOKMARK [1][]{section.463}{\376\377\000B\000O\0004\0007\0003\000:\000\040\000A\000P\000D\000\040\000D\000I\000P\000E\000N\000D\000E\000N\000T\000I\000\040\000A\000U\000S\000L\000\040\000D\000I\000\040\000B\000O\000L\000O\000G\000N\000A}{}% 463
\BOOKMARK [1][]{section.464}{\376\377\000B\000O\0005\0000\0006\000:\000\040\000A\000.\000S\000.\000D\000.\000\040\000P\000O\000N\000T\000E\000V\000E\000C\000C\000H\000I\000O\000\040\000B\000O\000L\000O\000G\000N\000A}{}% 464
\BOOKMARK [1][]{section.465}{\376\377\000B\000O\0005\0000\0008\000:\000\040\000P\000O\000L\000.\000\040\000M\000O\000N\000T\000E\000\040\000S\000A\000N\000\040\000P\000I\000E\000T\000R\000O}{}% 465
\BOOKMARK [1][]{section.466}{\376\377\000B\000O\0005\0001\0002\000:\000\040\000Q\000.\000E\000.\000D\000.}{}% 466
\BOOKMARK [1][]{section.467}{\376\377\000B\000O\0005\0001\0006\000:\000\040\000P\000O\000L\000I\000S\000P\000O\000R\000T\000I\000V\000A\000\040\000P\000R\000O\000G\000R\000E\000S\000S\000O\000\040\000A\000S\000D}{}% 467
\BOOKMARK [1][]{section.468}{\376\377\000B\000O\0005\0002\0002\000:\000\040\000P\000O\000L\000I\000S\000P\000O\000R\000T\000I\000V\000A\000\040\000A\000T\000L\000E\000T\000I\000C\000O\000\040\000B\000O\000R\000G\000O\000\040\000P\000A}{}% 468
\BOOKMARK [1][]{section.469}{\376\377\000B\000O\0005\0002\0007\000:\000\040\000A\000.\000S\000.\000D\000\040\000T\000E\000A\000M\000\040\000S\000P\000A\000R\000T\000A\000N\000S}{}% 469
\BOOKMARK [1][]{section.470}{\376\377\000B\000O\0005\0003\0006\000:\000\040\000A\000S\000D\000\040\000A\000T\000L\000E\000T\000I\000C\000A\000\040\000M\000E\000L\000I\000T\000O\000\040\000B\000O\000L\000O\000G\000N\000A}{}% 470
\BOOKMARK [1][]{section.471}{\376\377\000B\000O\0005\0004\0004\000:\000\040\000P\000A\000S\000S\000O\000\040\000C\000A\000P\000P\000O\000N\000I\000\040\000A\000S\000D}{}% 471
\BOOKMARK [1][]{section.472}{\376\377\000B\000O\0005\0004\0005\000:\000\040\0009\000,\0009\0002\000\040\000R\000U\000N\000N\000I\000N\000G\000\040\000A\000S\000D}{}% 472
\BOOKMARK [1][]{section.473}{\376\377\000B\000O\0005\0006\0003\000:\000\040\000P\000O\000L\000I\000S\000P\000O\000R\000T\000I\000V\000A\000\040\000M\000O\000N\000T\000E\000V\000E\000G\000L\000I\000O\000\040\000A\000.\000S\000.\000D}{}% 473
\BOOKMARK [1][]{section.474}{\376\377\000B\000O\0005\0007\0001\000:\000\040\000U\000N\000I\000O\000N\000E\000\040\000S\000P\000O\000R\000T\000I\000V\000A\000\040\000Z\000O\000L\000A\000\040\000A\000.\000S\000.\000D\000.}{}% 474
\BOOKMARK [1][]{section.475}{\376\377\000B\000O\0005\0008\0001\000:\000\040\000A\000.\000S\000.\000D\000.\000\040\000C\000C\000\040\000G\000I\000U\000S\000E\000P\000P\000E\000\040\000C\000A\000V\000A\000G\000N\000E\000R\000O}{}% 475
\BOOKMARK [1][]{section.476}{\376\377\000B\000O\0005\0008\0005\000:\000\040\000R\000U\000N\000\040\000L\000I\000K\000E\000\040\000U\000S\000\040\000S\000P\000D\000\040\000A\000\040\000R\000L}{}% 476
\BOOKMARK [1][]{section.477}{\376\377\000B\000O\0005\0009\0008\000:\000\040\000S\000S\000D\000R\000L\000\040\000C\000I\000N\000Q\000U\000E\000\040\000C\000E\000R\000C\000H\000I}{}% 477
\BOOKMARK [1][]{section.478}{\376\377\000B\000O\0006\0001\0003\000:\000\040\000A\000T\000L\000E\000T\000I\000C\000A\000\040\000S\000A\000N\000\040\000G\000I\000O\000R\000G\000I\000O\000\040\000D\000I\000\040\000P\000I\000A\000N\000O}{}% 478
\BOOKMARK [1][]{section.479}{\376\377\000B\000R\0001\0000\0003\000:\000\040\000A\000T\000L\000E\000T\000I\000C\000A\000\040\000A\000M\000A\000T\000O\000R\000I\000\040\000B\000R\000I\000N\000D\000I\000S\000I}{}% 479
\BOOKMARK [1][]{section.480}{\376\377\000B\000R\0001\0000\0004\000:\000\040\000A\000T\000L\000.\000A\000M\000.\000\040\000C\000I\000S\000T\000E\000R\000N\000I\000N\000O\000\040\000E\000C\000O\000L\000S\000E\000R\000V\000I\000Z\000I}{}% 480
\BOOKMARK [1][]{section.481}{\376\377\000B\000R\0001\0000\0009\000:\000\040\000T\000O\000P\000\040\000R\000U\000N\000N\000I\000N\000G\000\040\000B\000R\000I\000N\000D\000I\000S\000I}{}% 481
\BOOKMARK [1][]{section.482}{\376\377\000B\000R\0001\0001\0003\000:\000\040\000A\000T\000L\000E\000T\000I\000C\000A\000\040\000C\000A\000S\000A\000L\000I\000N\000I}{}% 482
\BOOKMARK [1][]{section.483}{\376\377\000B\000R\0001\0001\0005\000:\000\040\000A\000.\000S\000.\000N\000U\000O\000V\000A\000T\000L\000E\000T\000I\000C\000A\000\040\000F\000R\000A\000N\000C\000A\000V\000I\000L\000L\000A}{}% 483
\BOOKMARK [1][]{section.484}{\376\377\000B\000R\0001\0001\0006\000:\000\040\000A\000T\000L\000.\000\040\000C\000E\000N\000T\000R\000O\000\040\000S\000P\000O\000R\000T\000\040\000B\000R\000I\000N\000D\000I\000S\000I}{}% 484
\BOOKMARK [1][]{section.485}{\376\377\000B\000R\0001\0002\0008\000:\000\040\000A\000T\000L\000E\000T\000I\000C\000A\000\040\000O\000R\000I\000A}{}% 485
\BOOKMARK [1][]{section.486}{\376\377\000B\000R\0001\0003\0001\000:\000\040\000A\000.\000S\000.\000\040\000A\000T\000L\000E\000T\000I\000C\000A\000\040\000L\000A\000T\000I\000A\000N\000O}{}% 486
\BOOKMARK [1][]{section.487}{\376\377\000B\000R\0001\0003\0004\000:\000\040\000A\000S\000S\000.\000\040\000A\000M\000I\000C\000I\000\040\000A\000T\000L\000.\000V\000I\000L\000L\000A\000\040\000C\000A\000S\000T\000E\000L\000L\000I}{}% 487
\BOOKMARK [1][]{section.488}{\376\377\000B\000R\0001\0003\0005\000:\000\040\000A\000T\000L\000E\000T\000I\000C\000A\000\040\000C\000I\000T\000T\000A\000'\000\040\000B\000I\000A\000N\000C\000A}{}% 488
\BOOKMARK [1][]{section.489}{\376\377\000B\000R\0001\0003\0008\000:\000\040\000A\000.\000S\000.\000D\000.\000\040\000T\000E\000A\000M\000\040\000F\000R\000A\000N\000C\000A\000V\000I\000L\000L\000A}{}% 489
\BOOKMARK [1][]{section.490}{\376\377\000B\000R\0001\0003\0009\000:\000\040\000G\000Y\000M\000N\000A\000S\000I\000U\000M\000\040\000S\000.\000\040\000P\000A\000N\000C\000R\000A\000Z\000I\000O}{}% 490
\BOOKMARK [1][]{section.491}{\376\377\000B\000R\0001\0004\0001\000:\000\040\000P\000O\000L\000I\000S\000P\000O\000R\000T\000\040\000C\000I\000C\000L\000O\000\040\000C\000L\000U\000B\000\040\000F\000A\000S\000A\000N\000O}{}% 491
\BOOKMARK [1][]{section.492}{\376\377\000B\000R\0001\0004\0002\000:\000\040\000A\000.\000P\000.\000D\000.\000\040\000A\000.\000S\000.\000\040\000M\000I\000C\000H\000E\000L\000E\000\040\000S\000A\000L\000E\000N\000T\000I\000N\000O}{}% 492
\BOOKMARK [1][]{section.493}{\376\377\000B\000R\0001\0004\0003\000:\000\040\000A\000.\000S\000.\000D\000.\000\040\000A\000T\000L\000E\000T\000I\000C\000A\000\040\000C\000A\000R\000O\000V\000I\000G\000N\000O}{}% 493
\BOOKMARK [1][]{section.494}{\376\377\000B\000R\0001\0004\0004\000:\000\040\000A\000T\000A\000L\000A\000S\000\040\000S\000A\000N\000\040\000V\000I\000T\000O\000\040\000D\000E\000I\000\040\000N\000O\000R\000M\000A\000N\000N\000I}{}% 494
\BOOKMARK [1][]{section.495}{\376\377\000B\000R\0001\0004\0005\000:\000\040\000A\000.\000S\000.\000D\000.\000\040\000A\000T\000L\000E\000T\000I\000C\000A\000\040\000M\000E\000S\000A\000G\000N\000E\000\040\000-\000\040\000A\000V\000I\000S}{}% 495
\BOOKMARK [1][]{section.496}{\376\377\000B\000R\0001\0004\0007\000:\000\040\000F\000O\000L\000G\000O\000R\000E\000\040\000B\000R\000I\000N\000D\000I\000S\000I\000\040\0001\0009\0004\0006}{}% 496
\BOOKMARK [1][]{section.497}{\376\377\000B\000R\0001\0004\0008\000:\000\040\000L\000E\000\040\000O\000M\000B\000R\000E\000\040\000D\000E\000L\000L\000'\000A\000L\000B\000E\000R\000O}{}% 497
\BOOKMARK [1][]{section.498}{\376\377\000B\000R\0001\0005\0003\000:\000\040\000A\000S\000D\000\040\000A\000P\000U\000L\000I\000A\000T\000H\000L\000E\000T\000I\000C\000A}{}% 498
\BOOKMARK [1][]{section.499}{\376\377\000B\000R\0001\0005\0004\000:\000\040\000A\000T\000L\000E\000T\000I\000C\000A\000\040\000C\000E\000G\000L\000I\000E\000\040\000M\000E\000S\000S\000A\000P\000I\000C\000A}{}% 499
\BOOKMARK [1][]{section.500}{\376\377\000B\000R\0001\0005\0005\000:\000\040\000A\000P\000D\000\040\000R\000U\000N\000N\000E\000R\000S\000\040\000S\000A\000N\000\040\000M\000I\000C\000H\000E\000L\000E\000\040\000S\000A\000L\000E\000N\000T}{}% 500
\BOOKMARK [1][]{section.501}{\376\377\000B\000R\0001\0005\0006\000:\000\040\000A\000.\000S\000.\000D\000.\000\040\000O\000R\000I\000A\000B\000I\000K\000E\000R\000U\000N}{}% 501
\BOOKMARK [1][]{section.502}{\376\377\000B\000R\0001\0005\0007\000:\000\040\000A\000S\000D\000\040\000L\000A\000B\000O\000R\000A\000T\000O\000R\000I\000O\000\040\000D\000E\000L\000\040\000B\000E\000N\000E\000S\000S\000E\000R\000E}{}% 502
\BOOKMARK [1][]{section.503}{\376\377\000B\000R\0001\0005\0008\000:\000\040\000O\000S\000T\000U\000N\000I\000\040\000R\000U\000N\000N\000E\000R\000'\000S}{}% 503
\BOOKMARK [1][]{section.504}{\376\377\000B\000R\0001\0005\0009\000:\000\040\000D\000O\000R\000A\000N\000D\000O\000\040\000P\000I\000E\000T\000R\000I}{}% 504
\BOOKMARK [1][]{section.505}{\376\377\000B\000R\0001\0006\0000\000:\000\040\000P\000O\000D\000I\000S\000M\000O\000\040\000S\000P\000V\000\040\000M\000Y\000\040\000D\000O\000M\000O}{}% 505
\BOOKMARK [1][]{section.506}{\376\377\000B\000R\0001\0006\0002\000:\000\040\000O\000L\000I\000M\000P\000O\000\040\000L\000A\000T\000I\000A\000N\000O}{}% 506
\BOOKMARK [1][]{section.507}{\376\377\000B\000R\0001\0006\0003\000:\000\040\000E\000C\000O\000L\000S\000E\000R\000V\000I\000Z\000I\000\040\000R\000U\000N\000N\000E\000R\000S}{}% 507
\BOOKMARK [1][]{section.508}{\376\377\000B\000R\0001\0006\0005\000:\000\040\000A\000S\000D\000\040\000I\000M\000P\000E\000R\000I\000A\000L\000I\000\040\000A\000T\000L\000E\000T\000I\000C\000A}{}% 508
\BOOKMARK [1][]{section.509}{\376\377\000B\000R\0001\0006\0007\000:\000\040\000A\000S\000D\000\040\000M\000F\000R\000\040\000B\000R\000I\000N\000D\000I\000S\000I}{}% 509
\BOOKMARK [1][]{section.510}{\376\377\000B\000R\0001\0006\0008\000:\000\040\000A\000S\000D\000\040\000A\000T\000L\000E\000T\000I\000C\000A\000\040\000O\000R\000I\000A\000\040\000S\000U\000P\000E\000R\000S\000T\000A\000R}{}% 510
\BOOKMARK [1][]{section.511}{\376\377\000B\000R\0001\0006\0009\000:\000\040\000A\000.\000S\000.\000D\000.\000\040\000U\000R\000B\000A\000N\000\040\000R\000U\000N\000N\000E\000R}{}% 511
\BOOKMARK [1][]{section.512}{\376\377\000B\000R\0001\0007\0000\000:\000\040\000A\000S\000D\000\040\000L\000E\000\040\000O\000M\000B\000R\000E\000\040\000D\000E\000L\000L\000'\000A\000L\000B\000E\000R\000O}{}% 512
\BOOKMARK [1][]{section.513}{\376\377\000B\000R\0001\0007\0001\000:\000\040\000A\000S\000D\000\040\000Z\000Z\000W\000\040\000T\000R\000I\000A\000T\000H\000L\000O\000N}{}% 513
\BOOKMARK [1][]{section.514}{\376\377\000B\000R\0001\0007\0002\000:\000\040\000A\000S\000D\000\040\000G\000I\000O\000V\000A\000N\000I\000\040\000M\000E\000S\000S\000A\000P\000I\000\040\000L\000A\000T\000I\000A\000N\000O}{}% 514
\BOOKMARK [1][]{section.515}{\376\377\000B\000R\0001\0007\0003\000:\000\040\000A\000S\000D\000\040\000A\000P\000P\000I\000A\000T\000L\000E\000T\000I\000C\000A}{}% 515
\BOOKMARK [1][]{section.516}{\376\377\000B\000S\0000\0001\0008\000:\000\040\000U\000N\000I\000O\000N\000E\000\040\000S\000P\000O\000R\000T\000I\000V\000A\000\040\000A\000C\000L\000I\000\040\000S\000A\000N\000\040\000P\000O\000L\000O}{}% 516
\BOOKMARK [1][]{section.517}{\376\377\000B\000S\0000\0003\0000\000:\000\040\000A\000S\000D\000\040\000P\000O\000D\000I\000S\000T\000I\000\040\000U\000R\000A\000G\000O\000M\000E\000L\000L\000A\000\040\000B\000R\000E\000S\000C\000I\000A}{}% 517
\BOOKMARK [1][]{section.518}{\376\377\000B\000S\0000\0003\0005\000:\000\040\000A\000S\000D\000\040\000A\000T\000L\000E\000T\000I\000C\000A\000\040\000J\000A\000C\000O\000B\000S\000\040\000A\000C\000A\000D\000E\000M\000Y}{}% 518
\BOOKMARK [1][]{section.519}{\376\377\000B\000S\0000\0003\0008\000:\000\040\000A\000S\000D\000\040\000A\000U\000D\000A\000C\000E\000S\000\040\000V\000A\000L\000L\000E\000\040\000D\000E\000L\000\040\000G\000A\000R\000Z\000A}{}% 519
\BOOKMARK [1][]{section.520}{\376\377\000B\000S\0000\0008\0002\000:\000\040\000P\000O\000L\000I\000S\000P\000O\000R\000T\000I\000V\000A\000\040\000G\000.\000B\000.\000\040\000V\000I\000G\000H\000E\000N\000Z\000I}{}% 520
\BOOKMARK [1][]{section.521}{\376\377\000B\000S\0001\0000\0007\000:\000\040\000A\000I\000D\000O\000\040\000A\000R\000T\000O\000G\000N\000E\000\040\000A\000S\000D}{}% 521
\BOOKMARK [1][]{section.522}{\376\377\000B\000S\0001\0001\0003\000:\000\040\000B\000R\000I\000X\000I\000A\000\040\000P\000O\000W\000E\000R\000\040\000S\000S\000D\000\040\000S\000R\000L}{}% 522
\BOOKMARK [1][]{section.523}{\376\377\000B\000S\0001\0007\0003\000:\000\040\000G\000.\000S\000.\000\040\000I\000V\000E\000C\000O\000\040\000B\000R\000E\000S\000C\000I\000A}{}% 523
\BOOKMARK [1][]{section.524}{\376\377\000B\000S\0001\0007\0005\000:\000\040\000A\000T\000L\000.\000\040\000F\000A\000B\000A\000R\000M}{}% 524
\BOOKMARK [1][]{section.525}{\376\377\000B\000S\0001\0007\0006\000:\000\040\000R\000O\000S\000A\000\040\000R\000U\000N\000N\000I\000N\000G\000\040\000T\000E\000A\000M}{}% 525
\BOOKMARK [1][]{section.526}{\376\377\000B\000S\0001\0007\0007\000:\000\040\000P\000O\000L\000.\000\040\000S\000A\000R\000E\000Z\000Z\000O\000\040\000S\000E\000Z\000.\000\040\000A\000T\000L\000.}{}% 526
\BOOKMARK [1][]{section.527}{\376\377\000B\000S\0001\0007\0008\000:\000\040\000A\000.\000S\000.\000D\000.\000\040\000R\000O\000B\000U\000R\000\040\000S\000A\000L\000\322}{}% 527
\BOOKMARK [1][]{section.528}{\376\377\000B\000S\0001\0007\0009\000:\000\040\000A\000S\000D\000\040\000A\000T\000L\000E\000T\000I\000C\000A\000\040\000L\000E\000O\000N\000E\000S\000S\000A}{}% 528
\BOOKMARK [1][]{section.529}{\376\377\000B\000S\0001\0008\0001\000:\000\040\000A\000T\000L\000.\000\040\000B\000R\000E\000S\000C\000I\000A\000\040\0001\0009\0005\0000}{}% 529
\BOOKMARK [1][]{section.530}{\376\377\000B\000S\0001\0008\0003\000:\000\040\000C\000.\000S\000.\000\040\000S\000.\000R\000O\000C\000C\000H\000I\000N\000O}{}% 530
\BOOKMARK [1][]{section.531}{\376\377\000B\000S\0001\0008\0004\000:\000\040\000O\000R\000A\000T\000O\000R\000I\000O\000\040\000R\000O\000E\000\040\000V\000O\000L\000C\000I\000A\000N\000O}{}% 531
\BOOKMARK [1][]{section.532}{\376\377\000B\000S\0001\0008\0006\000:\000\040\000C\000.\000S\000.\000\040\000L\000I\000B\000.\000\040\000G\000U\000S\000S\000A\000G\000O}{}% 532
\BOOKMARK [1][]{section.533}{\376\377\000B\000S\0001\0009\0000\000:\000\040\000A\000T\000L\000.\000\040\000E\000V\000E\000R\000G\000R\000E\000E\000N}{}% 533
\BOOKMARK [1][]{section.534}{\376\377\000B\000S\0001\0009\0001\000:\000\040\000U\000.\000S\000.\000\040\000S\000E\000R\000L\000E}{}% 534
\BOOKMARK [1][]{section.535}{\376\377\000B\000S\0001\0009\0006\000:\000\040\000P\000O\000L\000I\000S\000P\000O\000R\000T\000I\000V\000A\000\040\000C\000A\000P\000R\000I\000O\000L\000E\000S\000E\000\040\000S\000S\000D\000A\000R\000L}{}% 535
\BOOKMARK [1][]{section.536}{\376\377\000B\000S\0001\0009\0007\000:\000\040\000P\000O\000L\000.\000C\000A\000L\000V\000A\000G\000E\000S\000E}{}% 536
\BOOKMARK [1][]{section.537}{\376\377\000B\000S\0001\0009\0008\000:\000\040\000A\000S\000D\000\040\000A\000T\000L\000.\000\040\000V\000I\000L\000L\000A\000N\000U\000O\000V\000A\000\040\000'\0007\0000}{}% 537
\BOOKMARK [1][]{section.538}{\376\377\000B\000S\0001\0009\0009\000:\000\040\000A\000T\000L\000.\000\040\000V\000A\000L\000L\000E\000C\000A\000M\000O\000N\000I\000C\000A}{}% 538
\BOOKMARK [1][]{section.539}{\376\377\000B\000S\0002\0000\0001\000:\000\040\000U\000.\000S\000.\000\040\000A\000U\000D\000A\000C\000E\000S\000\040\000N\000A\000V\000E}{}% 539
\BOOKMARK [1][]{section.540}{\376\377\000B\000S\0002\0000\0002\000:\000\040\000G\000.\000P\000.\000\040\000S\000.\000A\000N\000G\000E\000L\000A\000\040\000A\000V\000I\000S\000\040\000D\000E\000S\000E\000N\000Z\000A\000N\000O}{}% 540
\BOOKMARK [1][]{section.541}{\376\377\000B\000S\0002\0004\0003\000:\000\040\000A\000T\000L\000.\000\040\000R\000E\000B\000O\000\040\000G\000U\000S\000S\000A\000G\000O}{}% 541
\BOOKMARK [1][]{section.542}{\376\377\000B\000S\0002\0005\0006\000:\000\040\000P\000A\000D\000I\000L\000E\000\040\000R\000U\000N\000N\000I\000N\000G\000\040\000T\000E\000A\000M}{}% 542
\BOOKMARK [1][]{section.543}{\376\377\000B\000S\0002\0006\0008\000:\000\040\000A\000.\000R\000.\000T\000.\000\040\000C\000O\000M\000M\000.\000\040\000A\000T\000L\000.\000T\000R\000A\000V\000A\000G\000L\000I\000A\000T\000O}{}% 543
\BOOKMARK [1][]{section.544}{\376\377\000B\000S\0002\0007\0004\000:\000\040\000G\000.\000P\000.\000\040\000P\000E\000L\000L\000E\000G\000R\000I\000N\000E\000L\000L\000I}{}% 544
\BOOKMARK [1][]{section.545}{\376\377\000B\000S\0002\0007\0008\000:\000\040\000A\000T\000L\000.\000\040\000C\000A\000R\000P\000E\000N\000E\000D\000O\000L\000O}{}% 545
\BOOKMARK [1][]{section.546}{\376\377\000B\000S\0002\0008\0004\000:\000\040\000A\000T\000L\000.\000\040\000C\000.\000S\000.\000S\000.\000R\000.\000\040\000B\000R\000E\000S\000C\000I\000A}{}% 546
\BOOKMARK [1][]{section.547}{\376\377\000B\000S\0002\0009\0007\000:\000\040\000A\000T\000L\000.\000\040\000C\000L\000U\000B\000\040\0001\0000\000\040\000+\000\040\0007\000\040\000S\000A\000L\000O}{}% 547
\BOOKMARK [1][]{section.548}{\376\377\000B\000S\0002\0009\0009\000:\000\040\000E\000Q\000U\000I\000P\000E\000\040\000R\000U\000N\000N\000I\000N\000G}{}% 548
\BOOKMARK [1][]{section.549}{\376\377\000B\000S\0003\0000\0003\000:\000\040\000O\000L\000Y\000M\000P\000I\000A\000\040\000A\000T\000H\000L\000E\000T\000I\000C\000\040\000T\000E\000A\000M}{}% 549
\BOOKMARK [1][]{section.550}{\376\377\000B\000S\0003\0000\0004\000:\000\040\000A\000T\000L\000.\000\040\000D\000I\000\040\000L\000U\000M\000E\000Z\000Z\000A\000N\000E}{}% 550
\BOOKMARK [1][]{section.551}{\376\377\000B\000S\0003\0001\0008\000:\000\040\000A\000T\000L\000.\000\040\000C\000H\000I\000A\000R\000I\000\040\0001\0009\0006\0004\000\040\000L\000I\000B\000.}{}% 551
\BOOKMARK [1][]{section.552}{\376\377\000B\000S\0003\0001\0009\000:\000\040\000A\000T\000L\000.\000\040\000R\000O\000D\000E\000N\000G\000O\000\040\000S\000A\000I\000A\000N\000O\000\040\000M\000I\000C\000O}{}% 552
\BOOKMARK [1][]{section.553}{\376\377\000B\000S\0003\0003\0003\000:\000\040\000P\000O\000L\000.\000\040\000V\000O\000B\000A\000R\000N\000O}{}% 553
\BOOKMARK [1][]{section.554}{\376\377\000B\000S\0003\0004\0001\000:\000\040\000F\000G\000.\000\040\000A\000T\000L\000.\000\040\000F\000A\000L\000E\000G\000N\000A\000M\000E\000R\000I\000A\000\040\000G\000U\000E\000R\000R\000I\000N\000I}{}% 554
\BOOKMARK [1][]{section.555}{\376\377\000B\000S\0003\0005\0005\000:\000\040\000U\000.\000\040\000A\000T\000L\000.\000\040\000V\000A\000L\000T\000R\000O\000M\000P\000I\000A}{}% 555
\BOOKMARK [1][]{section.556}{\376\377\000B\000S\0003\0006\0002\000:\000\040\000G\000.\000S\000.\000\040\000M\000O\000N\000T\000E\000G\000A\000R\000G\000N\000A\000N\000O}{}% 556
\BOOKMARK [1][]{section.557}{\376\377\000B\000S\0003\0006\0004\000:\000\040\000G\000.\000S\000.\000\040\000A\000T\000L\000.\000\040\000R\000E\000Z\000Z\000A\000T\000O}{}% 557
\BOOKMARK [1][]{section.558}{\376\377\000B\000S\0003\0006\0006\000:\000\040\000P\000O\000L\000.\000\040\000A\000D\000R\000E\000N\000S\000E}{}% 558
\BOOKMARK [1][]{section.559}{\376\377\000B\000S\0003\0006\0008\000:\000\040\000U\000.\000S\000.\000\040\000M\000A\000L\000O\000N\000N\000O}{}% 559
\BOOKMARK [1][]{section.560}{\376\377\000B\000S\0003\0007\0007\000:\000\040\000A\000T\000L\000.\000\040\000B\000E\000D\000I\000Z\000Z\000O\000L\000E}{}% 560
\BOOKMARK [1][]{section.561}{\376\377\000B\000S\0003\0009\0007\000:\000\040\000U\000.\000S\000.\000\040\000L\000A\000\040\000S\000P\000O\000R\000T\000I\000V\000A}{}% 561
\BOOKMARK [1][]{section.562}{\376\377\000B\000S\0004\0004\0002\000:\000\040\000A\000T\000L\000.\000\040\000L\000I\000B\000.\000\040\000C\000A\000S\000T\000E\000G\000N\000A\000T\000O}{}% 562
\BOOKMARK [1][]{section.563}{\376\377\000B\000S\0004\0005\0004\000:\000\040\000G\000.\000P\000.\000\040\000F\000E\000L\000T\000E\000R\000\040\000S\000P\000O\000R\000T\000\040\000P\000U\000E\000G\000N\000A\000G\000O}{}% 563
\BOOKMARK [1][]{section.564}{\376\377\000B\000S\0004\0006\0001\000:\000\040\000A\000T\000L\000.\000\040\000O\000G\000L\000I\000E\000S\000E\000\040\000P\000A\000L\000A\000Z\000Z\000O\000L\000O\000\040\000S\000/\000O}{}% 564
\BOOKMARK [1][]{section.565}{\376\377\000B\000S\0004\0006\0005\000:\000\040\000N\000E\000W\000\040\000A\000T\000H\000L\000E\000T\000I\000C\000S\000\040\000S\000U\000L\000Z\000A\000N\000O}{}% 565
\BOOKMARK [1][]{section.566}{\376\377\000B\000S\0004\0006\0008\000:\000\040\000A\000T\000L\000E\000T\000I\000C\000A\000\040\000X\000\040\000U\000N\000A\000\040\000V\000I\000T\000A\000\040\000M\000I\000G\000L\000I\000O\000R\000E}{}% 566
\BOOKMARK [1][]{section.567}{\376\377\000B\000S\0004\0009\0007\000:\000\040\000A\000.\000S\000.\000D\000.\000\040\000O\000L\000I\000M\000P\000I\000A\000\040\000B\000R\000E\000S\000C\000I\000A}{}% 567
\BOOKMARK [1][]{section.568}{\376\377\000B\000S\0005\0000\0008\000:\000\040\000P\000R\000O\000\040\000D\000E\000S\000E\000N\000Z\000A\000N\000O}{}% 568
\BOOKMARK [1][]{section.569}{\376\377\000B\000S\0005\0002\0001\000:\000\040\000F\000R\000E\000E\000-\000Z\000O\000N\000E}{}% 569
\BOOKMARK [1][]{section.570}{\376\377\000B\000S\0005\0003\0005\000:\000\040\000R\000U\000N\000N\000I\000N\000G\000\040\000\046\000\040\000A\000D\000V\000E\000N\000T\000U\000R\000E}{}% 570
\BOOKMARK [1][]{section.571}{\376\377\000B\000S\0005\0003\0008\000:\000\040\000A\000T\000L\000.\000\040\000G\000A\000V\000A\000R\000D\000O\000\040\000'\0009\0000\000\040\000L\000I\000B\000.}{}% 571
\BOOKMARK [1][]{section.572}{\376\377\000B\000S\0005\0004\0004\000:\000\040\000B\000O\000V\000E\000G\000N\000O\000\040\000F\000A\000L\000E\000G\000N\000A\000M\000E\000R\000I\000A\000\040\000F\000O\000N\000T\000A\000N\000A}{}% 572
\BOOKMARK [1][]{section.573}{\376\377\000B\000S\0005\0004\0005\000:\000\040\000A\000T\000L\000.\000\040\000F\000R\000A\000N\000C\000I\000A\000C\000O\000R\000T\000A\000\040\000O\000X\000Y\000B\000U\000R\000N}{}% 573
\BOOKMARK [1][]{section.574}{\376\377\000B\000S\0005\0006\0002\000:\000\040\000A\000T\000L\000.\000\040\000P\000A\000R\000A\000T\000I\000C\000O}{}% 574
\BOOKMARK [1][]{section.575}{\376\377\000B\000S\0005\0006\0006\000:\000\040\000T\000R\000E\000S\000T\000E\000L\000L\000E\000\040\000D\000E\000S\000E\000N\000Z\000A\000N\000O}{}% 575
\BOOKMARK [1][]{section.576}{\376\377\000B\000S\0005\0007\0005\000:\000\040\000A\000T\000L\000.\000\040\000V\000I\000R\000T\000U\000S\000\040\000C\000A\000S\000T\000E\000N\000E\000D\000O\000L\000O}{}% 576
\BOOKMARK [1][]{section.577}{\376\377\000B\000S\0005\0009\0003\000:\000\040\000A\000T\000L\000E\000T\000I\000C\000A\000\040\000D\000E\000L\000L\000O}{}% 577
\BOOKMARK [1][]{section.578}{\376\377\000B\000S\0005\0009\0006\000:\000\040\000A\000T\000L\000.\000\040\000C\000E\000L\000L\000A\000T\000I\000C\000A}{}% 578
\BOOKMARK [1][]{section.579}{\376\377\000B\000S\0006\0000\0007\000:\000\040\000A\000T\000L\000.\000\040\000P\000O\000M\000P\000I\000A\000N\000O}{}% 579
\BOOKMARK [1][]{section.580}{\376\377\000B\000S\0006\0001\0002\000:\000\040\000P\000O\000L\000.\000\040\000V\000O\000B\000A\000R\000N\000O}{}% 580
\BOOKMARK [1][]{section.581}{\376\377\000B\000S\0006\0001\0004\000:\000\040\000P\000O\000L\000.\000\040\000H\000Y\000P\000P\000O\000D\000R\000O\000M\000\040\000'\0009\0009\000\040\000P\000O\000N\000T\000O\000G\000L\000I\000O}{}% 581
\BOOKMARK [1][]{section.582}{\376\377\000B\000S\0006\0002\0006\000:\000\040\000C\000I\000R\000C\000O\000L\000O\000\040\000A\000M\000A\000T\000O\000R\000I\000\040\000P\000O\000D\000I\000S\000T\000I}{}% 582
\BOOKMARK [1][]{section.583}{\376\377\000B\000S\0006\0004\0000\000:\000\040\000A\000V\000\040\000S\000P\000O\000R\000T\000I\000N\000G\000\040\000T\000E\000A\000M}{}% 583
\BOOKMARK [1][]{section.584}{\376\377\000B\000S\0006\0004\0008\000:\000\040\000K\000I\000N\000E\000T\000I\000K\000\040\000R\000U\000N\000N\000I\000N\000G}{}% 584
\BOOKMARK [1][]{section.585}{\376\377\000B\000S\0006\0005\0002\000:\000\040\000A\000S\000D\000\040\000M\000O\000T\000U\000S\000\040\000A\000T\000L\000E\000T\000I\000C\000A}{}% 585
\BOOKMARK [1][]{section.586}{\376\377\000B\000S\0006\0005\0007\000:\000\040\000C\000O\000R\000R\000I\000N\000T\000I\000M\000E}{}% 586
\BOOKMARK [1][]{section.587}{\376\377\000B\000S\0006\0005\0009\000:\000\040\000A\000V\000I\000S\000\040\000S\000P\000O\000R\000T\000\040\000C\000A\000Z\000Z\000A\000G\000O\000\040\000S\000A\000N\000\040\000M\000A\000R\000T\000I\000N\000O}{}% 587
\BOOKMARK [1][]{section.588}{\376\377\000B\000S\0006\0006\0000\000:\000\040\000A\000R\000I\000E\000N\000I\000\040\000T\000E\000A\000M}{}% 588
\BOOKMARK [1][]{section.589}{\376\377\000B\000S\0006\0006\0004\000:\000\040\000S\000P\000O\000R\000T\000\046\000F\000I\000T\000N\000E\000S\000S\000\040\000S\000R\000L\000\040\000S\000S\000D}{}% 589
\BOOKMARK [1][]{section.590}{\376\377\000B\000S\0006\0008\0004\000:\000\040\000A\000T\000L\000E\000T\000I\000C\000A\000\040\000C\000O\000N\000C\000E\000S\000I\000O\000\040\0002\0000\0000\0009}{}% 590
\BOOKMARK [1][]{section.591}{\376\377\000B\000S\0006\0008\0008\000:\000\040\000A\000T\000L\000E\000T\000I\000C\000A\000\040\000B\000R\000E\000S\000C\000I\000A\000\040\000M\000A\000R\000A\000T\000H\000O\000N}{}% 591
\BOOKMARK [1][]{section.592}{\376\377\000B\000S\0006\0009\0002\000:\000\040\000A\000.\000S\000.\000D\000.\000\040\000C\000.\000U\000.\000S\000.\000\040\000B\000R\000E\000S\000C\000I\000A}{}% 592
\BOOKMARK [1][]{section.593}{\376\377\000B\000S\0006\0009\0004\000:\000\040\000A\000T\000L\000E\000T\000I\000C\000A\000\040\000B\000R\000E\000S\000C\000I\000A\000\040\0002\0000\0001\0000}{}% 593
\BOOKMARK [1][]{section.594}{\376\377\000B\000S\0007\0000\0002\000:\000\040\000G\000.\000P\000.\000\040\000O\000V\000E\000R\000\040\000P\000O\000N\000T\000E\000V\000I\000C\000O}{}% 594
\BOOKMARK [1][]{section.595}{\376\377\000B\000S\0007\0000\0007\000:\000\040\000R\000U\000N\000N\000I\000N\000G\000\040\000C\000A\000Z\000Z\000A\000G\000O\000\040\000S\000A\000N\000\040\000M\000A\000R\000T\000I\000N\000O}{}% 595
\BOOKMARK [1][]{section.596}{\376\377\000B\000S\0007\0001\0004\000:\000\040\000A\000T\000L\000E\000T\000I\000C\000A\000\040\000P\000E\000R\000T\000I\000C\000A\000\040\000B\000A\000S\000S\000A}{}% 596
\BOOKMARK [1][]{section.597}{\376\377\000B\000S\0007\0001\0007\000:\000\040\000R\000U\000N\000N\000E\000R\000S\000\040\000C\000A\000P\000R\000I\000O\000L\000E\000S\000E}{}% 597
\BOOKMARK [1][]{section.598}{\376\377\000B\000S\0007\0004\0002\000:\000\040\000G\000A\000R\000D\000A\000\040\000R\000U\000N\000N\000I\000N\000G\000\040\000A\000.\000S\000.\000D\000.}{}% 598
\BOOKMARK [1][]{section.599}{\376\377\000B\000S\0007\0004\0008\000:\000\040\000R\000U\000N\000N\000I\000N\000G\000\040\000P\000R\000E\000A\000L\000P\000I\000N\000O\000\040\000A\000S\000D}{}% 599
\BOOKMARK [1][]{section.600}{\376\377\000B\000S\0007\0005\0002\000:\000\040\000R\000U\000N\000N\000E\000R\000S\000\040\000S\000A\000L\000O\000'}{}% 600
\BOOKMARK [1][]{section.601}{\376\377\000B\000S\0007\0005\0005\000:\000\040\000A\000T\000L\000E\000T\000I\000C\000A\000\040\000E\000D\000E\000N\000\040\000'\0007\0007\000\040\000A\000S\000D}{}% 601
\BOOKMARK [1][]{section.602}{\376\377\000B\000S\0007\0005\0007\000:\000\040\000A\000T\000L\000E\000T\000I\000C\000A\000\040\000P\000O\000N\000C\000A\000R\000A\000L\000E\000\040\000B\000O\000R\000G\000O}{}% 602
\BOOKMARK [1][]{section.603}{\376\377\000B\000S\0007\0006\0009\000:\000\040\000L\000I\000B\000E\000R\000T\000A\000S\000\040\000V\000A\000L\000L\000E\000S\000A\000B\000B\000I\000A}{}% 603
\BOOKMARK [1][]{section.604}{\376\377\000B\000S\0007\0007\0003\000:\000\040\000S\000P\000O\000R\000T\000\040\000F\000I\000T\000N\000E\000S\000S\000\040\000\046\000\040\000C\000O\000.\000\040\000S\000R\000L\000\040\000S\000S\000D}{}% 604
\BOOKMARK [1][]{section.605}{\376\377\000B\000S\0007\0007\0007\000:\000\040\000E\000S\000C\000\040\000S\000S\000D\000\040\000S\000R\000L\000\040\000E\000U\000R\000O\000P\000A\000\040\000S\000C}{}% 605
\BOOKMARK [1][]{section.606}{\376\377\000B\000S\0007\0008\0003\000:\000\040\000A\000.\000S\000.\000D\000.\000\040\000S\000A\000N\000\040\000F\000I\000L\000I\000P\000P\000O\000\040\000R\000U\000N\000N\000E\000R\000S}{}% 606
\BOOKMARK [1][]{section.607}{\376\377\000B\000S\0007\0008\0006\000:\000\040\000B\000R\000I\000X\000I\000A\000\040\000A\000T\000L\000E\000T\000I\000C\000A\000\040\0002\0000\0001\0004\000\040\000S\000S\000D\000\040\000S\000R\000L}{}% 607
\BOOKMARK [1][]{section.608}{\376\377\000B\000S\0007\0009\0007\000:\000\040\000S\000T\000R\000A\000L\000E\000N\000O}{}% 608
\BOOKMARK [1][]{section.609}{\376\377\000B\000S\0008\0003\0006\000:\000\040\000F\000.\000O\000.\000R\000U\000N\000N\000I\000N\000G\000\040\000T\000E\000A\000M}{}% 609
\BOOKMARK [1][]{section.610}{\376\377\000B\000S\0008\0004\0006\000:\000\040\000A\000T\000H\000L\000E\000T\000I\000C\000\040\000A\000C\000A\000D\000E\000M\000Y\000\040\000A\000.\000S\000.\000D\000.}{}% 610
\BOOKMARK [1][]{section.611}{\376\377\000B\000S\0008\0005\0004\000:\000\040\000A\000T\000L\000E\000T\000I\000C\000A\000\040\000M\000O\000N\000T\000I\000C\000H\000I\000A\000R\000I}{}% 611
\BOOKMARK [1][]{section.612}{\376\377\000B\000S\0008\0008\0003\000:\000\040\000B\000I\000O\000N\000E\000\040\000T\000R\000A\000I\000L\000E\000R\000S\000\040\000T\000E\000A\000M}{}% 612
\BOOKMARK [1][]{section.613}{\376\377\000B\000S\0009\0000\0000\000:\000\040\000S\000O\000C\000\040\000C\000A\000N\000O\000T\000T\000I\000E\000R\000I\000\040\000G\000A\000R\000D\000A\000\040\000S\000A\000L\000O\000'\000\040\000A\000S\000D}{}% 613
\BOOKMARK [1][]{section.614}{\376\377\000B\000S\0009\0000\0009\000:\000\040\000P\000O\000L\000I\000S\000P\000O\000R\000T\000I\000V\000A\000\040\000C\000A\000L\000V\000A\000G\000E\000S\000E\000\040\000A\000S\000D}{}% 614
\BOOKMARK [1][]{section.615}{\376\377\000B\000S\0009\0002\0005\000:\000\040\000M\000O\000N\000T\000E\000\040\000O\000R\000F\000A\000N\000O\000\040\000R\000U\000N\000N\000E\000R\000S\000\040\000A\000S\000D}{}% 615
\BOOKMARK [1][]{section.616}{\376\377\000B\000S\0009\0005\0000\000:\000\040\000V\000E\000N\000U\000S\000\040\000T\000R\000I\000A\000T\000H\000L\000O\000N\000\040\000A\000C\000A\000D\000E\000M\000Y\000\040\000S\000S\000D\000A\000R\000L}{}% 616
\BOOKMARK [1][]{section.617}{\376\377\000B\000S\0009\0005\0002\000:\000\040\000A\000D\000V\000A\000N\000C\000E\000\040\000G\000A\000R\000D\000A\000\040\000T\000E\000A\000M\000\040\0002\0000\0001\0009\000\040\000A\000S\000D}{}% 617
\BOOKMARK [1][]{section.618}{\376\377\000B\000S\0009\0008\0005\000:\000\040\000S\000P\000O\000R\000T\000\040\000C\000L\000U\000B\000\040\000B\000R\000E\000S\000C\000I\000A}{}% 618
\BOOKMARK [1][]{section.619}{\376\377\000B\000Z\0000\0000\0001\000:\000\040\000A\000.\000S\000.\000\040\000M\000E\000R\000A\000N\000O}{}% 619
\BOOKMARK [1][]{section.620}{\376\377\000B\000Z\0000\0000\0003\000:\000\040\000A\000S\000S\000.\000S\000P\000O\000R\000T\000.\000D\000I\000L\000.\000\040\000I\000V\000E\000C\000O\000\040\000A\000T\000L\000E\000T\000I\000C\000A}{}% 620
\BOOKMARK [1][]{section.621}{\376\377\000B\000Z\0000\0000\0006\000:\000\040\000A\000M\000A\000T\000E\000U\000R\000-\000L\000A\000E\000U\000F\000E\000R\000C\000L\000U\000B\000\040\000K\000A\000L\000T\000E\000R\000N}{}% 621
\BOOKMARK [1][]{section.622}{\376\377\000B\000Z\0000\0000\0008\000:\000\040\000S\000S\000V\000\040\000B\000R\000U\000N\000E\000C\000K\000\040\000V\000O\000L\000K\000S\000B\000A\000N\000K\000\040\000A\000S\000V}{}% 622
\BOOKMARK [1][]{section.623}{\376\377\000B\000Z\0000\0000\0009\000:\000\040\000A\000S\000V\000\040\000R\000E\000N\000N\000E\000R\000C\000L\000U\000B\000\040\000V\000I\000N\000S\000C\000H\000G\000A\000U}{}% 623
\BOOKMARK [1][]{section.624}{\376\377\000B\000Z\0000\0001\0001\000:\000\040\000S\000.\000V\000.\000\040\000L\000A\000N\000A\000\040\000-\000\040\000R\000A\000I\000K\000A\000\040\000A\000S\000V}{}% 624
\BOOKMARK [1][]{section.625}{\376\377\000B\000Z\0000\0001\0002\000:\000\040\000A\000.\000S\000.\000D\000.\000\040\000A\000T\000L\000.\000C\000L\000U\000B\000\040\0002\0000\0000\0000\000\040\000D\000O\000B\000B\000I\000A\000C\000O}{}% 625
\BOOKMARK [1][]{section.626}{\376\377\000B\000Z\0000\0001\0003\000:\000\040\000A\000S\000V\000\040\000S\000T\000E\000R\000Z\000I\000N\000G\000\040\000V\000O\000L\000K\000S\000B\000A\000N\000K}{}% 626
\BOOKMARK [1][]{section.627}{\376\377\000B\000Z\0000\0001\0004\000:\000\040\000A\000S\000V\000\040\000J\000E\000N\000E\000S\000I\000E\000N\000\040\000S\000O\000L\000T\000N\000F\000L\000I\000T\000Z\000E\000R}{}% 627
\BOOKMARK [1][]{section.628}{\376\377\000B\000Z\0000\0001\0006\000:\000\040\000U\000.\000S\000.\000D\000.\000\040\000B\000R\000O\000N\000Z\000O\000L\000O}{}% 628
\BOOKMARK [1][]{section.629}{\376\377\000B\000Z\0000\0001\0008\000:\000\040\000S\000A\000F\000\040\000B\000O\000L\000Z\000A\000N\000O\000\040\0001\0009\0005\0003}{}% 629
\BOOKMARK [1][]{section.630}{\376\377\000B\000Z\0000\0001\0009\000:\000\040\000S\000P\000O\000R\000T\000C\000L\000U\000B\000\040\000M\000E\000R\000A\000N\000O}{}% 630
\BOOKMARK [1][]{section.631}{\376\377\000B\000Z\0000\0002\0000\000:\000\040\000A\000S\000V\000\040\000L\000A\000C\000\040\000V\000I\000N\000S\000C\000H\000G\000A\000U\000\040\000R\000A\000I\000F\000F\000E\000I\000S\000E\000N}{}% 631
\BOOKMARK [1][]{section.632}{\376\377\000B\000Z\0000\0002\0003\000:\000\040\000A\000S\000V\000\040\000L\000.\000C\000.\000\040\000B\000O\000Z\000E\000N\000\040\000R\000A\000I\000F\000F\000E\000I\000S\000E\000N}{}% 632
\BOOKMARK [1][]{section.633}{\376\377\000B\000Z\0000\0002\0005\000:\000\040\000S\000O\000C\000I\000E\000T\000A\000'\000\040\000A\000T\000L\000E\000T\000I\000C\000A\000\040\000B\000O\000L\000Z\000A\000N\000O}{}% 633
\BOOKMARK [1][]{section.634}{\376\377\000B\000Z\0000\0002\0006\000:\000\040\000A\000.\000S\000.\000D\000.\000\040\000S\000.\000A\000.\000F\000.\000\040\000L\000A\000I\000V\000E\000S}{}% 634
\BOOKMARK [1][]{section.635}{\376\377\000B\000Z\0000\0002\0008\000:\000\040\000A\000S\000C\000\040\000S\000A\000R\000N\000T\000A\000L}{}% 635
\BOOKMARK [1][]{section.636}{\376\377\000B\000Z\0000\0003\0001\000:\000\040\000A\000.\000S\000.\000D\000.\000S\000S\000V\000\040\000B\000R\000I\000X\000E\000N}{}% 636
\BOOKMARK [1][]{section.637}{\376\377\000B\000Z\0000\0003\0003\000:\000\040\000A\000.\000S\000.\000D\000.\000\040\000P\000O\000L\000.\000\040\000A\000V\000I\000\040\000V\000I\000P\000I\000T\000E\000N\000O}{}% 637
\BOOKMARK [1][]{section.638}{\376\377\000B\000Z\0000\0003\0006\000:\000\040\000A\000.\000S\000.\000D\000.\000\040\000S\000S\000V\000\040\000L\000E\000I\000F\000E\000R\000S\000\040\000L\000.\000A\000.}{}% 638
\BOOKMARK [1][]{section.639}{\376\377\000B\000Z\0000\0004\0000\000:\000\040\000G\000.\000S\000.\000'\000L\000E\000N\000T\000I\000\040\000E\000\040\000V\000E\000L\000O\000C\000I\000'\000\040\000R\000A\000I\000F\000F\000E\000I\000S\000E}{}% 639
\BOOKMARK [1][]{section.640}{\376\377\000B\000Z\0000\0004\0003\000:\000\040\000S\000.\000V\000.\000\040\000M\000O\000E\000L\000T\000E\000N\000\040\000R\000A\000I\000F\000F\000E\000I\000S\000E\000N\000\040\000A\000.\000S\000.\000V\000.}{}% 640
\BOOKMARK [1][]{section.641}{\376\377\000B\000Z\0000\0005\0000\000:\000\040\000A\000T\000L\000E\000T\000I\000C\000A\000\040\000G\000H\000E\000R\000D\000E\000I\000N\000A\000\040\000R\000A\000I\000F\000F\000E\000I\000S\000E\000N}{}% 641
\BOOKMARK [1][]{section.642}{\376\377\000B\000Z\0000\0005\0002\000:\000\040\000A\000.\000S\000.\000D\000I\000L\000.\000\040\000F\000U\000L\000L\000\040\000S\000P\000O\000R\000T\000\040\000M\000E\000R\000A\000N}{}% 642
\BOOKMARK [1][]{section.643}{\376\377\000B\000Z\0000\0005\0004\000:\000\040\000K\000S\000V\000\040\000L\000E\000I\000C\000H\000T\000A\000T\000H\000L\000E\000T\000I\000K\000\040\000D\000I\000L\000E\000T\000T\000A\000N\000T\000I\000S}{}% 643
\BOOKMARK [1][]{section.644}{\376\377\000B\000Z\0000\0005\0006\000:\000\040\000A\000S\000V\000\040\000L\000.\000G\000.\000\040\000S\000C\000H\000L\000E\000R\000N\000\040\000R\000A\000I\000F\000F\000E\000I\000S\000E\000N}{}% 644
\BOOKMARK [1][]{section.645}{\376\377\000B\000Z\0000\0005\0008\000:\000\040\000A\000.\000S\000.\000C\000.\000\040\000B\000E\000R\000G}{}% 645
\BOOKMARK [1][]{section.646}{\376\377\000B\000Z\0000\0006\0000\000:\000\040\000A\000S\000S\000.\000S\000P\000O\000R\000T\000.\000D\000I\000L\000E\000T\000T\000A\000N\000T\000.\000D\000R\000I\000B\000B\000L\000I\000N\000G}{}% 646
\BOOKMARK [1][]{section.647}{\376\377\000B\000Z\0000\0006\0006\000:\000\040\000A\000T\000H\000L\000E\000T\000I\000C\000\040\000C\000L\000U\000B\000\040\0009\0006\000\040\000A\000L\000P\000E\000R\000I\000A}{}% 647
\BOOKMARK [1][]{section.648}{\376\377\000B\000Z\0000\0006\0007\000:\000\040\000S\000U\000E\000D\000T\000I\000R\000O\000L\000E\000R\000\040\000L\000V\000\040\000S\000P\000A\000R\000K\000A\000S\000S\000E}{}% 648
\BOOKMARK [1][]{section.649}{\376\377\000B\000Z\0000\0006\0008\000:\000\040\000S\000.\000G\000\040\000E\000I\000S\000A\000C\000K\000T\000A\000L\000\040\000R\000A\000I\000F\000F\000E\000I\000S\000E\000N\000\040\000A\000S\000V}{}% 649
\BOOKMARK [1][]{section.650}{\376\377\000B\000Z\0000\0007\0001\000:\000\040\000C\000.\000S\000.\000S\000.\000\040\000L\000E\000O\000N\000A\000R\000D\000O\000\040\000D\000A\000\040\000V\000I\000N\000C\000I}{}% 650
\BOOKMARK [1][]{section.651}{\376\377\000B\000Z\0000\0007\0003\000:\000\040\000A\000.\000S\000.\000D\000.\000\040\000S\000U\000E\000D\000T\000I\000R\000O\000L\000\040\000T\000E\000A\000M\000\040\000C\000L\000U\000B}{}% 651
\BOOKMARK [1][]{section.652}{\376\377\000B\000Z\0000\0007\0004\000:\000\040\000A\000S\000V\000\040\000T\000E\000L\000M\000E\000K\000O\000M\000\040\000T\000E\000A\000M\000\040\000S\000U\000E\000D\000T\000I\000R\000O\000L}{}% 652
\BOOKMARK [1][]{section.653}{\376\377\000B\000Z\0000\0007\0009\000:\000\040\000A\000S\000C\000\040\000L\000A\000A\000S\000\040\000R\000A\000I\000F\000F\000E\000I\000S\000E\000N}{}% 653
\BOOKMARK [1][]{section.654}{\376\377\000B\000Z\0000\0008\0005\000:\000\040\000A\000S\000V\000\040\000G\000H\000E\000R\000D\000E\000I\000N\000A\000\040\000R\000U\000N\000N\000E\000R\000S}{}% 654
\BOOKMARK [1][]{section.655}{\376\377\000B\000Z\0000\0008\0007\000:\000\040\000S\000P\000O\000R\000T\000L\000E\000R\000\040\000T\000E\000A\000M}{}% 655
\BOOKMARK [1][]{section.656}{\376\377\000B\000Z\0000\0008\0008\000:\000\040\000A\000M\000A\000T\000E\000U\000R\000S\000P\000O\000R\000T\000C\000L\000U\000B\000\040\000P\000A\000S\000S\000E\000I\000E\000R}{}% 656
\BOOKMARK [1][]{section.657}{\376\377\000B\000Z\0000\0009\0002\000:\000\040\000A\000S\000V\000\040\000D\000E\000U\000T\000S\000C\000H\000N\000O\000F\000E\000N}{}% 657
\BOOKMARK [1][]{section.658}{\376\377\000B\000Z\0000\0009\0004\000:\000\040\000A\000.\000S\000.\000D\000.\000T\000E\000A\000M\000\040\0003\000V}{}% 658
\BOOKMARK [1][]{section.659}{\376\377\000B\000Z\0000\0009\0007\000:\000\040\000A\000S\000V\000\040\000S\000T\000E\000I\000N\000E\000G\000G}{}% 659
\BOOKMARK [1][]{section.660}{\376\377\000B\000Z\0000\0009\0008\000:\000\040\000R\000I\000T\000T\000E\000N\000\040\000S\000P\000O\000R\000T\000\040\000R\000U\000N\000\040\000T\000E\000A\000M}{}% 660
\BOOKMARK [1][]{section.661}{\376\377\000B\000Z\0000\0009\0009\000:\000\040\000L\000A\000U\000F\000V\000E\000R\000E\000I\000N\000\040\000A\000S\000V\000\040\000F\000R\000E\000I\000E\000N\000F\000E\000L\000D}{}% 661
\BOOKMARK [1][]{section.662}{\376\377\000B\000Z\0001\0000\0000\000:\000\040\000L\000I\000S\000P\000H\000E\000R\000A}{}% 662
\BOOKMARK [1][]{section.663}{\376\377\000B\000Z\0001\0000\0001\000:\000\040\000M\000E\000R\000A\000N\000O\000\040\000A\000T\000L\000E\000T\000I\000C\000A\000\040\000R\000U\000N\000N\000I\000N\000G\000\040\000A\000.\000S\000.\000D\000.}{}% 663
\BOOKMARK [1][]{section.664}{\376\377\000C\000A\0000\0000\0001\000:\000\040\000C\000.\000U\000.\000S\000.\000\040\000C\000A\000G\000L\000I\000A\000R\000I}{}% 664
\BOOKMARK [1][]{section.665}{\376\377\000C\000A\0000\0000\0002\000:\000\040\000S\000\040\000G\000\040\000A\000M\000S\000I\000C\000O\000R\000A}{}% 665
\BOOKMARK [1][]{section.666}{\376\377\000C\000A\0000\0000\0003\000:\000\040\000S\000S\000\040\000E\000S\000P\000E\000R\000I\000A}{}% 666
\BOOKMARK [1][]{section.667}{\376\377\000C\000A\0000\0000\0004\000:\000\040\000A\000T\000L\000\040\000O\000R\000R\000O\000L\000I\000\040\000M\000A\000R\000I\000A\000N\000O\000\040\000L\000E\000O\000N\000I}{}% 667
\BOOKMARK [1][]{section.668}{\376\377\000C\000A\0000\0001\0000\000:\000\040\000P\000O\000L\000\040\000A\000T\000L\000\040\000S\000E\000R\000R\000A\000M\000A\000N\000N\000A}{}% 668
\BOOKMARK [1][]{section.669}{\376\377\000C\000A\0000\0001\0002\000:\000\040\000A\000T\000L\000E\000T\000I\000C\000A\000\040\000S\000E\000L\000A\000R\000G\000I\000U\000S}{}% 669
\BOOKMARK [1][]{section.670}{\376\377\000C\000A\0000\0001\0004\000:\000\040\000A\000R\000C\000I\000N\000O\000V\000A\000\040\000A\000T\000L\000\040\000A\000R\000B\000U\000S}{}% 670
\BOOKMARK [1][]{section.671}{\376\377\000C\000A\0000\0001\0005\000:\000\040\000A\000T\000L\000\040\000M\000A\000M\000E\000L\000I\000\040\000U\000S\000S\000A\000N\000A}{}% 671
\BOOKMARK [1][]{section.672}{\376\377\000C\000A\0000\0001\0007\000:\000\040\000A\000S\000D\000\040\000U\000S\000\040\000A\000T\000L\000\040\000G\000U\000S\000P\000I\000N\000I}{}% 672
\BOOKMARK [1][]{section.673}{\376\377\000C\000A\0000\0001\0008\000:\000\040\000A\000T\000L\000\040\000D\000E\000C\000I\000M\000O\000P\000U\000T\000Z\000U}{}% 673
\BOOKMARK [1][]{section.674}{\376\377\000C\000A\0000\0002\0005\000:\000\040\000G\000.\000S\000.\000\040\000A\000T\000L\000E\000T\000I\000C\000A\000\040\000D\000O\000L\000I\000A\000N\000O\000V\000A}{}% 674
\BOOKMARK [1][]{section.675}{\376\377\000C\000A\0000\0003\0002\000:\000\040\000A\000S\000\040\000T\000E\000S\000P\000I\000E\000N\000S\000E\000\040\000Q\000U\000A\000R\000T\000U}{}% 675
\BOOKMARK [1][]{section.676}{\376\377\000C\000A\0000\0003\0003\000:\000\040\000A\000T\000L\000\040\000C\000O\000R\000T\000O\000G\000H\000I\000A\000N\000A}{}% 676
\BOOKMARK [1][]{section.677}{\376\377\000C\000A\0000\0003\0005\000:\000\040\000A\000S\000D\000\040\000A\000T\000L\000E\000T\000I\000C\000A\000\040\000M\000A\000R\000I\000A\000N\000O\000\040\000S\000C\000A\000N\000O}{}% 677
\BOOKMARK [1][]{section.678}{\376\377\000C\000A\0000\0003\0006\000:\000\040\000P\000O\000L\000\040\000L\000I\000B\000E\000R\000T\000A\000S\000\040\000C\000A\000M\000P\000I\000D\000A\000N\000O}{}% 678
\BOOKMARK [1][]{section.679}{\376\377\000C\000A\0000\0003\0008\000:\000\040\000P\000O\000L\000\040\000J\000O\000L\000A\000O\000\040\000I\000G\000L\000E\000S\000I\000A\000S}{}% 679
\BOOKMARK [1][]{section.680}{\376\377\000C\000A\0000\0004\0001\000:\000\040\000A\000T\000L\000\040\000K\000A\000R\000A\000L\000I\000S}{}% 680
\BOOKMARK [1][]{section.681}{\376\377\000C\000A\0000\0004\0004\000:\000\040\000S\000S\000\040\000S\000P\000O\000R\000T\000I\000N\000G\000\040\000S\000.\000I\000.\000E\000.}{}% 681
\BOOKMARK [1][]{section.682}{\376\377\000C\000A\0000\0004\0009\000:\000\040\000G\000S\000\040\000A\000T\000L\000E\000T\000I\000C\000A\000\040\000C\000A\000P\000O\000T\000E\000R\000R\000A}{}% 682
\BOOKMARK [1][]{section.683}{\376\377\000C\000A\0000\0005\0005\000:\000\040\000F\000U\000T\000U\000R\000A\000\040\000C\000A\000G\000L\000I\000A\000R\000I\000\040\000S\000O\000L\000O\000A\000T\000L\000E\000T\000I\000C\000A}{}% 683
\BOOKMARK [1][]{section.684}{\376\377\000C\000A\0000\0005\0006\000:\000\040\000A\000T\000L\000\040\000P\000O\000D\000\040\000S\000A\000N\000\040\000G\000A\000V\000I\000N\000O}{}% 684
\BOOKMARK [1][]{section.685}{\376\377\000C\000A\0000\0005\0008\000:\000\040\000G\000S\000\040\000A\000T\000L\000\040\000S\000A\000N\000\040\000B\000A\000S\000I\000L\000I\000O}{}% 685
\BOOKMARK [1][]{section.686}{\376\377\000C\000A\0000\0006\0009\000:\000\040\000A\000T\000L\000\040\000M\000A\000R\000G\000A\000N\000A\000I\000\040\000I\000G\000L\000E\000S\000I\000A\000S}{}% 686
\BOOKMARK [1][]{section.687}{\376\377\000C\000A\0000\0007\0002\000:\000\040\000A\000T\000L\000\040\000S\000A\000M\000A\000T\000Z\000A\000I\000\040\000G\000I\000O\000R\000G\000I\000O\000\040\000M\000E\000L\000I\000S}{}% 687
\BOOKMARK [1][]{section.688}{\376\377\000C\000A\0000\0008\0001\000:\000\040\000P\000O\000L\000I\000S\000P\000O\000R\000T\000I\000V\000A\000\040\000I\000S\000I\000L\000I}{}% 688
\BOOKMARK [1][]{section.689}{\376\377\000C\000A\0000\0008\0003\000:\000\040\000P\000O\000L\000\040\000U\000T\000A\000\040\0002\0000\0000\0000}{}% 689
\BOOKMARK [1][]{section.690}{\376\377\000C\000A\0000\0008\0004\000:\000\040\000A\000T\000L\000E\000T\000I\000C\000A\000\040\000I\000G\000L\000E\000S\000I\000A\000S}{}% 690
\BOOKMARK [1][]{section.691}{\376\377\000C\000A\0001\0000\0004\000:\000\040\000A\000T\000L\000\040\000S\000A\000N\000\040\000S\000P\000E\000R\000A\000T\000E}{}% 691
\BOOKMARK [1][]{section.692}{\376\377\000C\000A\0001\0002\0000\000:\000\040\000N\000U\000O\000V\000A\000\040\000A\000T\000L\000E\000T\000I\000C\000A\000\040\000S\000E\000S\000T\000U}{}% 692
\BOOKMARK [1][]{section.693}{\376\377\000C\000A\0001\0002\0009\000:\000\040\000A\000S\000D\000\040\000S\000U\000L\000C\000I\000S\000\040\000A\000T\000L\000E\000T\000I\000C\000A\000\040\000C\000A\000R\000B\000O\000N\000I\000A}{}% 693
\BOOKMARK [1][]{section.694}{\376\377\000C\000A\0001\0003\0006\000:\000\040\000G\000S\000\040\000A\000T\000L\000\040\000N\000U\000R\000A\000M\000I\000N\000I\000S}{}% 694
\BOOKMARK [1][]{section.695}{\376\377\000C\000A\0001\0003\0007\000:\000\040\000G\000R\000U\000P\000P\000O\000\040\000P\000O\000L\000\040\000D\000I\000L\000\040\000A\000S\000S\000E\000M\000I\000N\000I}{}% 695
\BOOKMARK [1][]{section.696}{\376\377\000C\000A\0001\0004\0005\000:\000\040\000A\000T\000L\000E\000T\000I\000C\000A\000\040\000V\000I\000L\000L\000A\000M\000A\000R\000E\000S\000E}{}% 696
\BOOKMARK [1][]{section.697}{\376\377\000C\000A\0001\0005\0003\000:\000\040\000D\000I\000N\000A\000M\000I\000C\000A}{}% 697
\BOOKMARK [1][]{section.698}{\376\377\000C\000A\0001\0005\0004\000:\000\040\000G\000S\000\040\000R\000U\000N\000N\000E\000R\000S\000\040\000C\000A\000G\000L\000I\000A\000R\000I}{}% 698
\BOOKMARK [1][]{section.699}{\376\377\000C\000A\0001\0006\0004\000:\000\040\000G\000S\000\040\000A\000R\000G\000O\000\040\000C\000A\000G\000L\000I\000A\000R\000I}{}% 699
\BOOKMARK [1][]{section.700}{\376\377\000C\000A\0001\0006\0005\000:\000\040\000S\000P\000O\000R\000T\000I\000N\000G\000\040\000C\000L\000U\000B\000\040\000A\000C\000L\000I}{}% 700
\BOOKMARK [1][]{section.701}{\376\377\000C\000A\0001\0007\0005\000:\000\040\000A\000T\000L\000\040\000L\000A\000\040\000G\000H\000I\000A\000N\000D\000A\000\040\000S\000A\000N\000L\000U\000R\000I}{}% 701
\BOOKMARK [1][]{section.702}{\376\377\000C\000A\0001\0007\0006\000:\000\040\000A\000T\000L\000\040\000V\000A\000L\000E\000R\000I\000A}{}% 702
\BOOKMARK [1][]{section.703}{\376\377\000C\000A\0001\0008\0004\000:\000\040\000I\000S\000T\000\040\000C\000O\000M\000P\000\040\000S\000T\000A\000T\000A\000L\000E\000\040\000S\000A\000D\000A\000L\000I}{}% 703
\BOOKMARK [1][]{section.704}{\376\377\000C\000A\0001\0008\0006\000:\000\040\000A\000T\000L\000E\000T\000I\000C\000A\000\040\000P\000A\000B\000I\000L\000L\000O\000N\000I\000S}{}% 704
\BOOKMARK [1][]{section.705}{\376\377\000C\000A\0001\0009\0008\000:\000\040\000O\000L\000Y\000M\000P\000I\000A\000\040\000V\000I\000L\000L\000A\000C\000I\000D\000R\000O}{}% 705
\BOOKMARK [1][]{section.706}{\376\377\000C\000A\0001\0009\0009\000:\000\040\000P\000O\000L\000\040\000A\000T\000L\000E\000T\000I\000C\000A\000\040\000S\000A\000N\000T\000A\000D\000I}{}% 706
\BOOKMARK [1][]{section.707}{\376\377\000C\000A\0002\0000\0001\000:\000\040\000A\000T\000L\000\040\000E\000D\000O\000A\000R\000D\000O\000\040\000S\000A\000N\000N\000A\000\040\000E\000L\000M\000A\000S}{}% 707
\BOOKMARK [1][]{section.708}{\376\377\000C\000A\0002\0000\0002\000:\000\040\000S\000A\000R\000D\000E\000G\000N\000A\000\040\000K\000A\000R\000A\000L\000I\000S\000\040\000S\000P\000O\000R\000T}{}% 708
\BOOKMARK [1][]{section.709}{\376\377\000C\000A\0002\0001\0001\000:\000\040\000C\000A\000G\000L\000I\000A\000R\000I\000\040\000M\000A\000R\000A\000T\000H\000O\000N\000\040\000C\000L\000U\000B}{}% 709
\BOOKMARK [1][]{section.710}{\376\377\000C\000A\0002\0001\0006\000:\000\040\000A\000T\000L\000E\000T\000I\000C\000A\000\040\000P\000U\000L\000A}{}% 710
\BOOKMARK [1][]{section.711}{\376\377\000C\000A\0002\0002\0002\000:\000\040\000A\000T\000L\000E\000T\000I\000C\000A\000\040\000S\000I\000U\000R\000G\000U\000S\000\040\000D\000O\000N\000I\000G\000A\000L\000A}{}% 711
\BOOKMARK [1][]{section.712}{\376\377\000C\000A\0002\0002\0003\000:\000\040\000L\000A\000G\000U\000N\000A\000\040\000R\000U\000N\000N\000I\000N\000G\000\040\000S\000S\000D\000\040\000S\000R\000L}{}% 712
\BOOKMARK [1][]{section.713}{\376\377\000C\000A\0002\0002\0004\000:\000\040\000N\000U\000O\000V\000A\000\040\000A\000T\000L\000E\000T\000I\000C\000A\000\040\000S\000A\000R\000D\000E\000G\000N\000A}{}% 713
\BOOKMARK [1][]{section.714}{\376\377\000C\000A\0002\0002\0006\000:\000\040\000A\000T\000L\000E\000T\000I\000C\000A\000\040\000F\000L\000U\000M\000I\000N\000I\000M\000A\000G\000G\000I\000O\000R\000E}{}% 714
\BOOKMARK [1][]{section.715}{\376\377\000C\000A\0002\0002\0007\000:\000\040\000A\000S\000D\000\040\000A\000T\000L\000E\000T\000I\000C\000A\000\040\0004\000\040\000M\000O\000R\000I}{}% 715
\BOOKMARK [1][]{section.716}{\376\377\000C\000A\0002\0003\0000\000:\000\040\000V\000I\000L\000L\000A\000C\000I\000D\000R\000O\000\040\000T\000R\000I\000A\000T\000H\000L\000O\000N}{}% 716
\BOOKMARK [1][]{section.717}{\376\377\000C\000A\0002\0003\0001\000:\000\040\000A\000.\000S\000.\000D\000.\000\040\000A\000T\000L\000E\000T\000I\000C\000A\000\040\000M\000O\000N\000T\000E\000P\000O\000N\000I\000\040\000I\000G\000L\000E}{}% 717
\BOOKMARK [1][]{section.718}{\376\377\000C\000A\0002\0003\0002\000:\000\040\000Z\000I\000T\000T\000O\000\040\000E\000\040\000C\000O\000R\000R\000I\000\040\000M\000A\000S\000T\000E\000R\000\040\000T\000E\000A\000M\000\040\000C\000A\000R\000B}{}% 718
\BOOKMARK [1][]{section.719}{\376\377\000C\000A\0002\0003\0004\000:\000\040\000Q\000U\000E\000L\000L\000I\000\040\000C\000H\000E\000\040\000L\000'\000A\000T\000L\000E\000T\000I\000C\000A\000.\000.\000.}{}% 719
\BOOKMARK [1][]{section.720}{\376\377\000C\000A\0002\0003\0005\000:\000\040\000H\000Y\000K\000N\000U\000S\000A\000\040\000R\000U\000N\000N\000E\000R\000S}{}% 720
\BOOKMARK [1][]{section.721}{\376\377\000C\000A\0002\0003\0006\000:\000\040\000A\000S\000D\000\040\000A\000T\000L\000\040\000M\000A\000R\000A\000C\000A\000L\000A\000G\000O\000N\000I\000S\000\040\000I\000L\000\040\000S\000O\000G\000N\000O}{}% 721
\BOOKMARK [1][]{section.722}{\376\377\000C\000A\0002\0003\0008\000:\000\040\000A\000.\000S\000.\000D\000.\000\040\000A\000T\000L\000\040\000M\000I\000N\000E\000R\000A\000R\000I\000A\000\040\000C\000A\000R\000B\000O\000N\000I\000A}{}% 722
\BOOKMARK [1][]{section.723}{\376\377\000C\000A\0002\0003\0009\000:\000\040\000A\000S\000D\000\040\000C\000A\000G\000L\000I\000A\000R\000I\000\040\000A\000T\000L\000E\000T\000I\000C\000A\000\040\000L\000E\000G\000G\000E\000R\000A}{}% 723
\BOOKMARK [1][]{section.724}{\376\377\000C\000A\0002\0004\0002\000:\000\040\000B\000L\000U\000E\000\040\000T\000R\000I\000B\000U\000N\000E\000\040\000S\000.\000R\000.\000L\000.\000\040\000S\000O\000C\000I\000E\000T\000A\000\040\000S\000P}{}% 724
\BOOKMARK [1][]{section.725}{\376\377\000C\000A\0002\0004\0003\000:\000\040\000S\000A\000R\000R\000A\000B\000U\000S\000\040\000R\000U\000N\000N\000E\000R\000S}{}% 725
\BOOKMARK [1][]{section.726}{\376\377\000C\000A\0002\0005\0000\000:\000\040\000M\000A\000R\000A\000T\000H\000O\000N\000\040\000P\000O\000R\000T\000O\000S\000C\000U\000S\000O}{}% 726
\BOOKMARK [1][]{section.727}{\376\377\000C\000A\0002\0005\0003\000:\000\040\000I\000S\000O\000L\000A\000R\000U\000N}{}% 727
\BOOKMARK [1][]{section.728}{\376\377\000C\000A\0002\0005\0004\000:\000\040\000A\000T\000L\000E\000T\000I\000C\000A\000\040\000E\000S\000P\000E\000R\000I\000N\000A\000\040\000R\000A\000F\000F\000A\000E\000L\000E\000\040\000P\000I\000R}{}% 728
\BOOKMARK [1][]{section.729}{\376\377\000C\000A\0002\0005\0005\000:\000\040\000A\000S\000D\000\040\000A\000T\000L\000E\000T\000I\000C\000A\000\040\000U\000T\000A}{}% 729
\BOOKMARK [1][]{section.730}{\376\377\000C\000A\0002\0005\0009\000:\000\040\000A\000.\000S\000.\000D\000.\000\040\000G\000I\000A\000L\000E\000T\000O\000\040\0001\0009\0000\0009}{}% 730
\BOOKMARK [1][]{section.731}{\376\377\000C\000A\0002\0006\0000\000:\000\040\000G\000.\000\040\000S\000.\000\040\000R\000U\000N\000N\000E\000R\000S\000\040\000C\000A\000P\000O\000T\000E\000R\000R\000A}{}% 731
\BOOKMARK [1][]{section.732}{\376\377\000C\000A\0002\0006\0001\000:\000\040\000A\000T\000H\000L\000E\000T\000I\000C\000S\000\040\000\046\000\040\000S\000P\000O\000R\000T\000\040\000E\000D\000U\000C\000A\000T\000I\000O\000N\000\040\000-}{}% 732
\BOOKMARK [1][]{section.733}{\376\377\000C\000A\0002\0006\0003\000:\000\040\000P\000O\000L\000I\000S\000P\000O\000R\000T\000I\000V\000A\000\040\000A\000S\000D\000\040\000P\000H\000O\000E\000N\000I\000X}{}% 733
\BOOKMARK [1][]{section.734}{\376\377\000C\000A\0002\0006\0005\000:\000\040\000A\000T\000L\000E\000T\000I\000C\000A\000\040\000A\000R\000B\000U\000S}{}% 734
\BOOKMARK [1][]{section.735}{\376\377\000C\000A\0002\0006\0007\000:\000\040\000A\000S\000D\000\040\000A\000T\000L\000E\000T\000I\000C\000A\000\040\000S\000I\000N\000N\000A\000I}{}% 735
\BOOKMARK [1][]{section.736}{\376\377\000C\000A\0002\0006\0008\000:\000\040\000A\000T\000L\000E\000T\000I\000C\000A\000\040\000E\000S\000T\000E\000R\000Z\000I\000L\000I}{}% 736
\BOOKMARK [1][]{section.737}{\376\377\000C\000A\0002\0006\0009\000:\000\040\000A\000S\000D\000\040\000A\000M\000P\000A\000\040\000T\000R\000A\000I\000N\000I\000N\000G}{}% 737
\BOOKMARK [1][]{section.738}{\376\377\000C\000A\0002\0007\0004\000:\000\040\000A\000S\000D\000\040\000N\000U\000O\000V\000A\000\040\000D\000O\000L\000I\000A\000\040\000A\000T\000L\000E\000T\000I\000C\000A}{}% 738
\BOOKMARK [1][]{section.739}{\376\377\000C\000A\0002\0007\0006\000:\000\040\000A\000S\000D\000\040\000A\000T\000H\000L\000E\000T\000I\000C\000\040\000C\000L\000U\000B\000\040\000C\000A\000G\000L\000I\000A\000R\000I}{}% 739
\BOOKMARK [1][]{section.740}{\376\377\000C\000A\0002\0008\0000\000:\000\040\000S\000E\000V\000E\000N\000F\000I\000T}{}% 740
\BOOKMARK [1][]{section.741}{\376\377\000C\000A\0002\0008\0006\000:\000\040\000A\000S\000D\000\040\000R\000U\000N\000\040\000T\000O\000\040\000B\000E\000\040\000W\000I\000L\000D}{}% 741
\BOOKMARK [1][]{section.742}{\376\377\000C\000A\0002\0009\0000\000:\000\040\000A\000S\000D\000\040\000P\000O\000L\000I\000S\000P\000O\000R\000T\000I\000V\000A\000\040\000J\000O\000A\000N\000N\000E\000S\000\040\000B}{}% 742
\BOOKMARK [1][]{section.743}{\376\377\000C\000A\0002\0009\0003\000:\000\040\000A\000.\000S\000.\000D\000.\000\040\000H\000Y\000K\000N\000U\000S\000A\000\040\000R\000U\000N\000N\000E\000R}{}% 743
\BOOKMARK [1][]{section.744}{\376\377\000C\000B\0000\0000\0001\000:\000\040\000C\000U\000S\000\040\000M\000O\000L\000I\000S\000E}{}% 744
\BOOKMARK [1][]{section.745}{\376\377\000C\000B\0000\0000\0004\000:\000\040\000L\000A\000E\000T\000I\000N\000A\000\040\000C\000A\000M\000P\000O\000L\000I\000E\000T\000O}{}% 745
\BOOKMARK [1][]{section.746}{\376\377\000C\000B\0000\0000\0005\000:\000\040\000G\000R\000U\000P\000P\000O\000\040\000S\000P\000O\000R\000T\000I\000V\000O\000\040\000V\000I\000R\000T\000U\000S}{}% 746
\BOOKMARK [1][]{section.747}{\376\377\000C\000B\0000\0000\0006\000:\000\040\000P\000O\000L\000I\000S\000P\000O\000R\000T\000I\000V\000A\000\040\000M\000O\000L\000I\000S\000E\000\040\000C\000A\000M\000P\000O\000B\000A\000S\000S\000O}{}% 747
\BOOKMARK [1][]{section.748}{\376\377\000C\000B\0000\0001\0000\000:\000\040\000T\000E\000R\000M\000O\000L\000I\000\040\000A\000T\000H\000L\000E\000T\000I\000C\000S}{}% 748
\BOOKMARK [1][]{section.749}{\376\377\000C\000B\0000\0001\0009\000:\000\040\000A\000T\000L\000E\000T\000I\000C\000A\000\040\0008\0008\000\040\000C\000A\000M\000P\000O\000M\000A\000R\000I\000N\000O}{}% 749
\BOOKMARK [1][]{section.750}{\376\377\000C\000B\0000\0002\0001\000:\000\040\000S\000C\000\040\000P\000R\000O\000M\000O\000S\000P\000O\000R\000T\000\040\000B\000O\000J\000A\000N\000O}{}% 750
\BOOKMARK [1][]{section.751}{\376\377\000C\000B\0000\0002\0008\000:\000\040\000I\000A\000R\000O\000S}{}% 751
\BOOKMARK [1][]{section.752}{\376\377\000C\000B\0000\0003\0002\000:\000\040\000P\000O\000D\000I\000S\000T\000I\000C\000A\000\040\000A\000V\000I\000S\000\040\000C\000A\000M\000P\000O\000B\000A\000S\000S\000O}{}% 752
\BOOKMARK [1][]{section.753}{\376\377\000C\000B\0000\0003\0003\000:\000\040\000A\000T\000L\000E\000T\000I\000C\000A\000\040\000L\000A\000R\000I\000N\000O}{}% 753
\BOOKMARK [1][]{section.754}{\376\377\000C\000B\0000\0003\0004\000:\000\040\000A\000T\000L\000E\000T\000I\000C\000A\000\040\000C\000A\000M\000P\000O\000C\000H\000I\000A\000R\000O}{}% 754
\BOOKMARK [1][]{section.755}{\376\377\000C\000B\0000\0003\0008\000:\000\040\000A\000T\000L\000E\000T\000I\000C\000A\000\040\000P\000O\000D\000I\000S\000T\000I\000C\000A\000\040\000C\000A\000S\000T\000E\000L\000L\000I\000N\000O}{}% 755
\BOOKMARK [1][]{section.756}{\376\377\000C\000B\0000\0003\0009\000:\000\040\000R\000U\000N\000N\000E\000R\000S\000\040\000T\000E\000R\000M\000O\000L\000I}{}% 756
\BOOKMARK [1][]{section.757}{\376\377\000C\000B\0000\0005\0000\000:\000\040\000G\000.\000S\000.\000S\000.\000\040\000C\000A\000M\000P\000O\000M\000A\000R\000I\000N\000O}{}% 757
\BOOKMARK [1][]{section.758}{\376\377\000C\000B\0000\0005\0001\000:\000\040\000S\000C\000U\000O\000L\000A\000\040\000M\000E\000D\000I\000A\000\040\000'\000\040\000F\000.\000\040\000D\000'\000O\000V\000I\000D\000I\000O\000\040\000'}{}% 758
\BOOKMARK [1][]{section.759}{\376\377\000C\000B\0000\0005\0002\000:\000\040\000A\000.\000S\000.\000D\000.\000\040\000I\000S\000T\000.\000\040\000C\000O\000M\000P\000R\000.\000\040\000M\000O\000N\000T\000E\000N\000E\000R\000O}{}% 759
\BOOKMARK [1][]{section.760}{\376\377\000C\000B\0000\0005\0003\000:\000\040\000I\000S\000T\000.\000\040\000C\000O\000M\000P\000R\000.\000\040\000'\000G\000.\000A\000.\000\040\000C\000O\000L\000O\000Z\000Z\000A\000'}{}% 760
\BOOKMARK [1][]{section.761}{\376\377\000C\000B\0000\0005\0004\000:\000\040\000I\000S\000T\000I\000.\000\040\000C\000O\000M\000P\000R\000.\000\040\000'\000\040\000L\000.\000\040\000M\000O\000N\000T\000I\000N\000I\000'}{}% 761
\BOOKMARK [1][]{section.762}{\376\377\000C\000B\0000\0005\0005\000:\000\040\000I\000S\000T\000.\000\040\000C\000O\000.\000\040\000'\000L\000.\000\040\000G\000I\000R\000A\000R\000D\000I\000'\000\040\000P\000E\000T\000R\000E\000L\000L\000A}{}% 762
\BOOKMARK [1][]{section.763}{\376\377\000C\000B\0000\0005\0006\000:\000\040\000I\000S\000T\000.\000\040\000C\000O\000M\000P\000R\000.\000\040\000S\000A\000N\000\040\000M\000A\000R\000T\000I\000N\000O\000\040\000I\000N\000\040\000P\000.}{}% 763
\BOOKMARK [1][]{section.764}{\376\377\000C\000B\0000\0005\0008\000:\000\040\000A\000T\000L\000E\000T\000I\000C\000A\000\040\000V\000A\000S\000\040\000V\000I\000N\000C\000H\000I\000A\000T\000U\000R\000O}{}% 764
\BOOKMARK [1][]{section.765}{\376\377\000C\000B\0000\0005\0009\000:\000\040\000E\000M\000M\000E\000D\000U\000E\000\040\000S\000S\000D\000\040\000A\000.\000R\000.\000L\000.}{}% 765
\BOOKMARK [1][]{section.766}{\376\377\000C\000B\0000\0006\0001\000:\000\040\000A\000T\000H\000L\000E\000T\000I\000C\000\040\000C\000L\000U\000B\000\040\000T\000E\000R\000M\000O\000L\000I\000\040\000A\000S\000D}{}% 766
\BOOKMARK [1][]{section.767}{\376\377\000C\000B\0000\0006\0002\000:\000\040\000P\000O\000L\000I\000S\000P\000O\000R\000T\000I\000V\000A\000\040\000P\000E\000T\000R\000E\000L\000L\000A\000\040\000T\000I\000F\000E\000R\000N\000I\000N}{}% 767
\BOOKMARK [1][]{section.768}{\376\377\000C\000B\0000\0006\0003\000:\000\040\000A\000T\000L\000E\000T\000I\000C\000A\000\040\000B\000O\000J\000A\000N\000O\000\040\000A\000S\000D}{}% 768
\BOOKMARK [1][]{section.769}{\376\377\000C\000B\0000\0006\0004\000:\000\040\000L\000A\000R\000I\000N\000O\000\040\000R\000U\000N}{}% 769
\BOOKMARK [1][]{section.770}{\376\377\000C\000B\0000\0006\0005\000:\000\040\000R\000I\000C\000C\000I\000A\000\040\000R\000O\000A\000D\000\040\000R\000U\000N\000N\000E\000R\000S}{}% 770
\BOOKMARK [1][]{section.771}{\376\377\000C\000B\0007\0001\0006\000:\000\040\000A\000M\000A\000T\000O\000R\000I\000\040\000L\000I\000M\000O\000S\000A\000N\000O}{}% 771
\BOOKMARK [1][]{section.772}{\376\377\000C\000B\0007\0002\0001\000:\000\040\000A\000T\000L\000E\000T\000I\000C\000A\000\040\000M\000O\000L\000I\000S\000E\000\040\000A\000M\000A\000T\000O\000R\000I}{}% 772
\BOOKMARK [1][]{section.773}{\376\377\000C\000B\0007\0003\0007\000:\000\040\000G\000S\000\040\000V\000V\000.\000\040\000F\000.\000\040\000G\000.\000\040\000C\000R\000I\000S\000O\000S\000T\000O\000M\000I}{}% 773
\BOOKMARK [1][]{section.774}{\376\377\000C\000B\0007\0004\0004\000:\000\040\000F\000O\000N\000D\000I\000A\000R\000I\000A\000-\000S\000A\000I\000\040\000A\000T\000L\000.\000\040\000M\000O\000N\000T\000E\000N\000E\000R\000O}{}% 774
\BOOKMARK [1][]{section.775}{\376\377\000C\000B\0007\0004\0006\000:\000\040\000S\000P\000O\000R\000T\000I\000N\000G\000\040\000C\000L\000U\000B\000\040\000P\000E\000T\000R\000E\000L\000L\000A}{}% 775
\BOOKMARK [1][]{section.776}{\376\377\000C\000E\0000\0001\0001\000:\000\040\000A\000.\000S\000.\000D\000.\000\040\000A\000T\000L\000E\000T\000I\000C\000A\000\040\000C\000A\000L\000E\000S}{}% 776
\BOOKMARK [1][]{section.777}{\376\377\000C\000E\0000\0001\0002\000:\000\040\000A\000.\000S\000.\000D\000.\000\040\000A\000T\000L\000.\000\040\000S\000C\000U\000O\000L\000A\000\040\000C\000A\000S\000E\000R\000T\000A}{}% 777
\BOOKMARK [1][]{section.778}{\376\377\000C\000E\0000\0002\0001\000:\000\040\000A\000S\000D\000\040\000R\000O\000A\000D\000\040\000R\000U\000N\000N\000E\000R\000S\000\040\000M\000A\000D\000D\000A\000L\000O\000N\000I}{}% 778
\BOOKMARK [1][]{section.779}{\376\377\000C\000E\0000\0003\0002\000:\000\040\000A\000.\000S\000.\000D\000.\000A\000R\000C\000A\000\040\000A\000T\000L\000.\000\040\000S\000A\000N\000\040\000M\000A\000R\000C\000E\000L\000L\000I\000N\000O}{}% 779
\BOOKMARK [1][]{section.780}{\376\377\000C\000E\0000\0003\0003\000:\000\040\000A\000S\000D\000\040\000A\000R\000C\000A\000\040\000A\000T\000L\000.\000A\000V\000E\000R\000S\000A\000\040\000A\000.\000A\000V\000E\000R\000S\000A\000N\000O}{}% 780
\BOOKMARK [1][]{section.781}{\376\377\000C\000E\0000\0003\0005\000:\000\040\000A\000T\000L\000E\000T\000I\000C\000A\000\040\000A\000V\000E\000R\000S\000A\000\040\000C\000E\000N\000T\000R\000O\000S\000A\000N\000T\000U\000L\000L\000I}{}% 781
\BOOKMARK [1][]{section.782}{\376\377\000C\000E\0001\0001\0001\000:\000\040\000A\000S\000D\000\040\000A\000R\000C\000A\000\040\000S\000P\000A\000R\000A\000N\000I\000S\000E\000\040\000T\000R\000A\000C\000K\000\046\000F\000I\000E\000L\000D}{}% 782
\BOOKMARK [1][]{section.783}{\376\377\000C\000E\0001\0003\0001\000:\000\040\000A\000S\000D\000\040\000C\000U\000S\000\040\000C\000A\000S\000E\000R\000T\000A}{}% 783
\BOOKMARK [1][]{section.784}{\376\377\000C\000E\0001\0006\0000\000:\000\040\000A\000S\000D\000\040\000A\000S\000I\000\040\000P\000O\000L\000I\000S\000P\000O\000R\000T\000I\000V\000A\000\040\000B\000E\000L\000L\000O\000N\000A}{}% 784
\BOOKMARK [1][]{section.785}{\376\377\000C\000E\0002\0000\0003\000:\000\040\000A\000.\000S\000.\000D\000.\000\040\000A\000R\000C\000A\000\040\000A\000T\000L\000.\000\040\000C\000A\000M\000P\000A\000N\000I\000A}{}% 785
\BOOKMARK [1][]{section.786}{\376\377\000C\000E\0002\0000\0007\000:\000\040\000A\000.\000S\000.\000D\000.\000\040\000A\000T\000L\000.\000\040\000V\000I\000L\000L\000A\000\040\000L\000I\000T\000E\000R\000N\000O}{}% 786
\BOOKMARK [1][]{section.787}{\376\377\000C\000E\0002\0002\0001\000:\000\040\000A\000S\000D\000\040\000C\000L\000U\000B\000\040\000'\000V\000A\000I\000!\000'\000\040\000S\000.\000\040\000M\000A\000R\000I\000A\000\040\000C\000.\000V\000.}{}% 787
\BOOKMARK [1][]{section.788}{\376\377\000C\000E\0002\0005\0002\000:\000\040\000A\000.\000S\000.\000D\000.\000\040\000A\000T\000L\000.\000\040\000N\000E\000W\000\040\000T\000E\000A\000M\000\040\000N\000O\000\040\000L\000I\000M\000I\000T\000S}{}% 788
\BOOKMARK [1][]{section.789}{\376\377\000C\000E\0003\0003\0008\000:\000\040\000A\000.\000S\000.\000D\000.\000\040\000A\000R\000C\000A\000\040\000A\000T\000L\000E\000T\000I\000C\000A\000\040\000A\000T\000E\000L\000L\000A}{}% 789
\BOOKMARK [1][]{section.790}{\376\377\000C\000E\0004\0005\0005\000:\000\040\000A\000.\000S\000.\000D\000.\000\040\000P\000O\000D\000I\000S\000T\000I\000C\000A\000\040\000N\000O\000R\000M\000A\000N\000N\000A}{}% 790
\BOOKMARK [1][]{section.791}{\376\377\000C\000E\0005\0005\0005\000:\000\040\000F\000I\000A\000M\000M\000E\000\040\000T\000R\000I\000C\000O\000L\000O\000R\000I}{}% 791
\BOOKMARK [1][]{section.792}{\376\377\000C\000E\0006\0001\0006\000:\000\040\000G\000I\000O\000I\000A\000T\000L\000E\000T\000I\000C\000A\000\040\000A\000S\000C\000\040\000S\000.\000\040\000M\000A\000R\000C\000E\000L\000L\000I\000N\000O}{}% 792
\BOOKMARK [1][]{section.793}{\376\377\000C\000E\0006\0002\0002\000:\000\040\000A\000.\000S\000.\000D\000.\000\040\000A\000T\000L\000.\000\040\000C\000A\000P\000U\000A}{}% 793
\BOOKMARK [1][]{section.794}{\376\377\000C\000E\0007\0001\0007\000:\000\040\000A\000T\000L\000E\000T\000I\000C\000A\000\040\000M\000A\000C\000A\000S\000P\000O\000R\000T\000\040\000A\000S\000D}{}% 794
\BOOKMARK [1][]{section.795}{\376\377\000C\000E\0007\0002\0000\000:\000\040\000A\000C\000S\000D\000\040\000F\000E\000L\000I\000X\000\040\000R\000U\000N\000N\000I\000N\000G}{}% 795
\BOOKMARK [1][]{section.796}{\376\377\000C\000E\0007\0005\0000\000:\000\040\000G\000.\000S\000.\000D\000.\000\040\000F\000I\000A\000M\000M\000E\000\040\000A\000R\000G\000E\000N\000T\000O}{}% 796
\BOOKMARK [1][]{section.797}{\376\377\000C\000E\0007\0007\0007\000:\000\040\000A\000S\000D\000\040\000C\000A\000S\000A\000L\000E\000.\000.\000.\000S\000I}{}% 797
\BOOKMARK [1][]{section.798}{\376\377\000C\000E\0008\0000\0000\000:\000\040\000A\000.\000S\000.\000D\000.\000\040\000M\000A\000T\000E\000S\000E\000\040\000R\000U\000N\000N\000I\000N\000G}{}% 798
\BOOKMARK [1][]{section.799}{\376\377\000C\000E\0008\0008\0004\000:\000\040\000A\000.\000S\000.\000D\000.\000\040\000P\000O\000D\000I\000S\000T\000I\000C\000A\000\040\000M\000A\000R\000C\000I\000A\000N\000I\000S\000E}{}% 799
\BOOKMARK [1][]{section.800}{\376\377\000C\000E\0008\0008\0006\000:\000\040\000A\000T\000L\000E\000T\000I\000C\000A\000\040\000M\000A\000C\000E\000R\000A\000T\000A\000\040\000C\000A\000M\000P\000A\000N\000I\000A}{}% 800
\BOOKMARK [1][]{section.801}{\376\377\000C\000E\0008\0008\0008\000:\000\040\000R\000U\000N\000L\000A\000B\000\040\000L\000I\000T\000E\000R\000N\000U\000M\000\040\000A\000L\000B\000A\000N\000O\000V\000A\000\040\000B\000R\000I\000A\000N}{}% 801
\BOOKMARK [1][]{section.802}{\376\377\000C\000E\0009\0000\0002\000:\000\040\000T\000I\000F\000A\000T\000A\000\040\000R\000U\000N\000N\000E\000R\000S\000\040\000C\000A\000S\000E\000R\000T\000A}{}% 802
\BOOKMARK [1][]{section.803}{\376\377\000C\000E\0009\0000\0003\000:\000\040\000A\000.\000S\000.\000D\000.\000\040\000E\000S\000E\000R\000C\000I\000T\000O\000\040\000-\000\040\000G\000A\000R\000I\000B\000A\000L\000D\000I}{}% 803
\BOOKMARK [1][]{section.804}{\376\377\000C\000E\0009\0000\0005\000:\000\040\000M\000O\000N\000D\000R\000A\000G\000O\000N\000E\000\040\000I\000N\000\040\000C\000O\000R\000S\000A}{}% 804
\BOOKMARK [1][]{section.805}{\376\377\000C\000E\0009\0000\0007\000:\000\040\000A\000T\000L\000E\000T\000I\000C\000A\000\040\000M\000A\000R\000C\000I\000A\000N\000I\000S\000E\000\040\000A\000.\000S\000.\000D}{}% 805
\BOOKMARK [1][]{section.806}{\376\377\000C\000E\0009\0000\0009\000:\000\040\000A\000T\000L\000E\000T\000I\000C\000A\000\040\000S\000A\000N\000\040\000N\000I\000C\000O\000L\000A}{}% 806
\BOOKMARK [1][]{section.807}{\376\377\000C\000E\0009\0001\0000\000:\000\040\000S\000.\000S\000.\000D\000.\000\040\000R\000E\000G\000G\000I\000A\000\040\000P\000O\000W\000E\000R\000\040\000A\000.\000R\000.\000L\000.}{}% 807
\BOOKMARK [1][]{section.808}{\376\377\000C\000E\0009\0001\0002\000:\000\040\000A\000S\000D\000\040\000A\000T\000L\000E\000T\000I\000C\000A\000\040\000T\000E\000V\000E\000R\000O\000L\000A}{}% 808
\BOOKMARK [1][]{section.809}{\376\377\000C\000E\0009\0002\0005\000:\000\040\000F\000R\000E\000E\000\040\000R\000U\000N\000\040\000A\000S\000D}{}% 809
\BOOKMARK [1][]{section.810}{\376\377\000C\000H\0000\0001\0000\000:\000\040\000A\000S\000D\000\040\000C\000U\000S\000\040\000A\000T\000L\000E\000T\000I\000C\000A\000\040\000C\000H\000I\000E\000T\000I}{}% 810
\BOOKMARK [1][]{section.811}{\376\377\000C\000H\0000\0001\0002\000:\000\040\000A\000S\000D\000\040\000N\000U\000O\000V\000A\000\040\000A\000T\000L\000E\000T\000I\000C\000A\000\040\000L\000A\000N\000C\000I\000A\000N\000O}{}% 811
\BOOKMARK [1][]{section.812}{\376\377\000C\000H\0000\0001\0008\000:\000\040\000A\000S\000D\000\040\000R\000U\000N\000N\000E\000R\000S\000\040\000C\000H\000I\000E\000T\000I}{}% 812
\BOOKMARK [1][]{section.813}{\376\377\000C\000H\0000\0002\0001\000:\000\040\000A\000.\000S\000.\000\040\000D\000I\000L\000E\000T\000.\000L\000I\000B\000.\000A\000T\000L\000E\000T\000I\000C\000A\000\040\000R\000A\000P\000I\000N\000O}{}% 813
\BOOKMARK [1][]{section.814}{\376\377\000C\000H\0000\0002\0007\000:\000\040\000A\000S\000D\000\040\000P\000O\000D\000I\000S\000T\000I\000C\000A\000\040\000V\000A\000S\000T\000O}{}% 814
\BOOKMARK [1][]{section.815}{\376\377\000C\000H\0000\0004\0004\000:\000\040\000A\000S\000D\000\040\000U\000S\000\040\000A\000C\000L\000I\000\040\000M\000A\000R\000A\000T\000H\000O\000N\000\040\000C\000H\000I\000E\000T\000I}{}% 815
\BOOKMARK [1][]{section.816}{\376\377\000C\000H\0000\0007\0000\000:\000\040\000A\000S\000D\000\040\000'\000L\000I\000B\000E\000R\000I\000\040\000P\000O\000D\000I\000S\000T\000I\000\040\000A\000B\000R\000U\000Z\000Z\000E\000S\000I\000'}{}% 816
\BOOKMARK [1][]{section.817}{\376\377\000C\000H\0001\0003\0001\000:\000\040\000S\000O\000C\000.\000\040\000A\000T\000L\000E\000T\000I\000C\000A\000\040\000A\000N\000N\000E\000U\000S\000\040\000V\000A\000S\000T\000O}{}% 817
\BOOKMARK [1][]{section.818}{\376\377\000C\000H\0001\0003\0005\000:\000\040\000A\000S\000D\000\040\000P\000O\000D\000I\000S\000T\000I\000C\000A\000\040\000S\000A\000N\000\040\000S\000A\000L\000V\000O}{}% 818
\BOOKMARK [1][]{section.819}{\376\377\000C\000H\0001\0003\0006\000:\000\040\000A\000.\000S\000.\000D\000.\000F\000A\000L\000C\000O\000\040\000A\000Z\000Z\000U\000R\000R\000O\000-\000C\000H\000I\000E\000T\000I}{}% 819
\BOOKMARK [1][]{section.820}{\376\377\000C\000H\0001\0005\0000\000:\000\040\000G\000S\000D\000\040\000A\000T\000L\000E\000T\000I\000C\000A\000\040\000C\000H\000I\000E\000T\000I}{}% 820
\BOOKMARK [1][]{section.821}{\376\377\000C\000H\0001\0006\0002\000:\000\040\000A\000.\000S\000.\000D\000.\000\040\000'\000T\000H\000E\000A\000T\000E\000\040\000W\000A\000L\000K\000'}{}% 821
\BOOKMARK [1][]{section.822}{\376\377\000C\000H\0001\0006\0003\000:\000\040\000A\000S\000D\000\040\000G\000R\000U\000P\000P\000O\000\040\000P\000O\000D\000I\000S\000T\000I\000C\000O\000\040\000I\000L\000\040\000C\000R\000A\000M\000P\000O}{}% 822
\BOOKMARK [1][]{section.823}{\376\377\000C\000H\0001\0007\0002\000:\000\040\000P\000O\000L\000I\000S\000P\000O\000R\000T\000I\000V\000A\000\040\000T\000E\000T\000H\000Y\000S\000\040\000C\000H\000I\000E\000T\000I}{}% 823
\BOOKMARK [1][]{section.824}{\376\377\000C\000H\0001\0007\0003\000:\000\040\000A\000.\000S\000.\000D\000.\000\040\000P\000I\000E\000T\000R\000O\000\040\000M\000E\000N\000N\000E\000A\000\040\000A\000T\000L\000E\000T\000I\000C\000A}{}% 824
\BOOKMARK [1][]{section.825}{\376\377\000C\000H\0001\0007\0005\000:\000\040\000A\000S\000D\000\040\000M\000I\000S\000T\000E\000R\000C\000A\000M\000P\000\040\000C\000A\000S\000T\000E\000L\000F\000R\000E\000N\000T\000A\000N\000O}{}% 825
\BOOKMARK [1][]{section.826}{\376\377\000C\000H\0001\0007\0006\000:\000\040\000A\000T\000L\000E\000T\000I\000C\000A\000\040\000S\000O\000L\000I\000D\000A\000L\000E}{}% 826
\BOOKMARK [1][]{section.827}{\376\377\000C\000H\0001\0007\0009\000:\000\040\000A\000S\000D\000\040\000G\000.\000P\000.\000\040\000L\000A\000\040\000S\000O\000R\000G\000E\000N\000T\000E}{}% 827
\BOOKMARK [1][]{section.828}{\376\377\000C\000H\0001\0008\0000\000:\000\040\000A\000S\000D\000\040\000O\000R\000T\000O\000N\000A\000\040\000F\000O\000R\000\040\000R\000U\000N\000N\000E\000R\000S}{}% 828
\BOOKMARK [1][]{section.829}{\376\377\000C\000H\0001\0008\0002\000:\000\040\000A\000S\000D\000\040\000A\000T\000L\000E\000T\000I\000C\000A\000\040\000R\000U\000N\000T\000I\000M\000E}{}% 829
\BOOKMARK [1][]{section.830}{\376\377\000C\000H\0001\0008\0003\000:\000\040\000A\000.\000S\000.\000D\000.\000\040\000U\000N\000I\000O\000N\000E\000\040\000A\000T\000L\000E\000T\000I\000C\000A\000\040\000A\000B\000R\000U\000Z\000Z\000O}{}% 830
\BOOKMARK [1][]{section.831}{\376\377\000C\000H\0001\0008\0005\000:\000\040\000A\000S\000D\000\040\000P\000O\000D\000I\000S\000T\000I\000\040\000F\000R\000E\000N\000T\000A\000N\000I}{}% 831
\BOOKMARK [1][]{section.832}{\376\377\000C\000H\0001\0008\0006\000:\000\040\000A\000S\000D\000\040\000P\000R\000O\000G\000E\000T\000T\000O\000\040\000R\000U\000N\000N\000I\000N\000G}{}% 832
\BOOKMARK [1][]{section.833}{\376\377\000C\000L\0000\0005\0007\000:\000\040\000A\000.\000S\000.\000\040\000D\000.\000\040\000A\000T\000L\000E\000T\000I\000C\000A\000\040\000C\000A\000L\000T\000A\000N\000I\000S\000S\000E\000T\000T\000A}{}% 833
\BOOKMARK [1][]{section.834}{\376\377\000C\000L\0000\0005\0008\000:\000\040\000A\000.\000S\000.\000\040\000D\000I\000L\000.\000\040\000A\000T\000L\000E\000T\000I\000C\000A\000\040\000R\000U\000N\000N\000E\000R}{}% 834
\BOOKMARK [1][]{section.835}{\376\377\000C\000L\0001\0005\0000\000:\000\040\000A\000.\000S\000.\000D\000.\000\040\000T\000R\000A\000C\000K\000\040\000C\000L\000U\000B\000\040\000M\000A\000S\000T\000E\000R\000\040\000C\000L}{}% 835
\BOOKMARK [1][]{section.836}{\376\377\000C\000L\0001\0005\0004\000:\000\040\000A\000.\000S\000.\000\040\000D\000I\000L\000.\000\040\000A\000T\000L\000.\000M\000A\000Z\000Z\000A\000R\000I\000N\000O}{}% 836
\BOOKMARK [1][]{section.837}{\376\377\000C\000L\0002\0001\0000\000:\000\040\000A\000.\000S\000.\000D\000.\000T\000R\000A\000C\000K\000\040\000C\000L\000U\000B\000\040\000C\000A\000L\000T\000A\000N\000I\000S\000S\000E\000T\000T\000A}{}% 837
\BOOKMARK [1][]{section.838}{\376\377\000C\000L\0002\0003\0002\000:\000\040\000A\000.\000S\000.\000D\000.\000\040\000C\000O\000R\000R\000I\000\040\000N\000I\000S\000C\000E\000M\000I}{}% 838
\BOOKMARK [1][]{section.839}{\376\377\000C\000L\0005\0002\0003\000:\000\040\000M\000E\000G\000A\000\040\000H\000O\000B\000B\000Y\000\040\000S\000P\000O\000R\000T}{}% 839
\BOOKMARK [1][]{section.840}{\376\377\000C\000L\0006\0008\0001\000:\000\040\000A\000.\000S\000.\000\040\000D\000I\000L\000.\000\040\000P\000O\000L\000.\000\040\000A\000M\000A\000T\000O\000R\000I}{}% 840
\BOOKMARK [1][]{section.841}{\376\377\000C\000L\0006\0009\0000\000:\000\040\000A\000S\000D\000.\000\040\000P\000O\000D\000.\000\040\000R\000O\000A\000D\000\040\000R\000U\000N\000N\000E\000R\000\040\000G\000E\000L\000A}{}% 841
\BOOKMARK [1][]{section.842}{\376\377\000C\000L\0006\0009\0003\000:\000\040\000A\000S\000D\000\040\000A\000T\000L\000E\000T\000I\000C\000A\000\040\000Y\000O\000U\000N\000G\000\040\000R\000U\000N\000N\000E\000R\000\040\000G\000E\000L\000A}{}% 842
\BOOKMARK [1][]{section.843}{\376\377\000C\000L\0006\0009\0008\000:\000\040\000N\000I\000S\000C\000E\000M\000I\000\040\000R\000U\000N\000N\000I\000N\000G}{}% 843
\BOOKMARK [1][]{section.844}{\376\377\000C\000L\0007\0000\0001\000:\000\040\000A\000.\000S\000.\000D\000.\000\040\000A\000T\000L\000E\000T\000I\000C\000A\000\040\000G\000E\000L\000A}{}% 844
\BOOKMARK [1][]{section.845}{\376\377\000C\000L\0007\0000\0003\000:\000\040\000M\000A\000R\000A\000T\000H\000O\000N\000\040\000C\000A\000L\000T\000A\000N\000I\000S\000S\000E\000T\000T\000A}{}% 845
\BOOKMARK [1][]{section.846}{\376\377\000C\000L\0007\0000\0004\000:\000\040\000A\000S\000D\000\040\000C\000O\000R\000R\000I\000\040\000S\000E\000R\000R\000A\000D\000I\000F\000A\000L\000C\000O}{}% 846
\BOOKMARK [1][]{section.847}{\376\377\000C\000L\0007\0000\0009\000:\000\040\000A\000S\000D\000\040\000C\000O\000S\000M\000O\000S\000\040\000C\000A\000L\000T\000A\000N\000I\000S\000S\000E\000T\000T\000A}{}% 847
\BOOKMARK [1][]{section.848}{\376\377\000C\000N\0000\0000\0001\000:\000\040\000A\000.\000S\000.\000D\000.\000\040\000A\000T\000L\000.\000\040\000F\000O\000S\000S\000A\000N\000O\000\040\000'\0007\0005}{}% 848
\BOOKMARK [1][]{section.849}{\376\377\000C\000N\0000\0000\0002\000:\000\040\000A\000.\000S\000.\000D\000.\000\040\000U\000.\000S\000.\000\040\000S\000A\000N\000F\000R\000O\000N\000T\000\040\000A\000T\000L\000E\000T\000I\000C\000A}{}% 849
\BOOKMARK [1][]{section.850}{\376\377\000C\000N\0000\0000\0004\000:\000\040\000A\000.\000S\000.\000D\000.\000D\000R\000A\000G\000O\000N\000E\000R\000O}{}% 850
\BOOKMARK [1][]{section.851}{\376\377\000C\000N\0000\0000\0005\000:\000\040\000A\000T\000L\000.\000\040\000M\000O\000N\000D\000O\000V\000I\000'\000-\000A\000C\000Q\000U\000A\000\040\000S\000.\000B\000E\000R\000N\000A\000R\000D\000O}{}% 851
\BOOKMARK [1][]{section.852}{\376\377\000C\000N\0000\0000\0006\000:\000\040\000G\000.\000S\000.\000D\000.\000\040\000P\000O\000D\000.\000\040\000B\000U\000S\000C\000H\000E\000S\000E}{}% 852
\BOOKMARK [1][]{section.853}{\376\377\000C\000N\0000\0000\0007\000:\000\040\000A\000.\000S\000.\000D\000.\000P\000O\000D\000I\000S\000T\000I\000C\000A\000\040\000V\000A\000L\000L\000E\000\040\000V\000A\000R\000A\000I\000T\000A}{}% 853
\BOOKMARK [1][]{section.854}{\376\377\000C\000N\0000\0000\0008\000:\000\040\000A\000.\000S\000.\000D\000.\000\040\000A\000T\000L\000E\000T\000I\000C\000A\000\040\000A\000L\000B\000A}{}% 854
\BOOKMARK [1][]{section.855}{\376\377\000C\000N\0000\0000\0009\000:\000\040\000A\000.\000S\000.\000D\000.\000\040\000A\000T\000L\000.\000\040\000M\000O\000R\000E\000T\000T\000A}{}% 855
\BOOKMARK [1][]{section.856}{\376\377\000C\000N\0000\0001\0001\000:\000\040\000A\000T\000L\000.\000\040\000S\000A\000V\000I\000G\000L\000I\000A\000N\000O\000\040\000A\000.\000S\000.\000D\000.}{}% 856
\BOOKMARK [1][]{section.857}{\376\377\000C\000N\0000\0001\0002\000:\000\040\000A\000.\000S\000.\000D\000.\000A\000T\000L\000E\000T\000I\000C\000A\000\040\000C\000A\000R\000M\000A\000G\000N\000O\000L\000A}{}% 857
\BOOKMARK [1][]{section.858}{\376\377\000C\000N\0000\0001\0003\000:\000\040\000A\000.\000S\000.\000D\000.\000\040\000A\000T\000L\000E\000T\000I\000C\000A\000\040\000C\000U\000N\000E\000O}{}% 858
\BOOKMARK [1][]{section.859}{\376\377\000C\000N\0000\0001\0004\000:\000\040\000A\000.\000S\000.\000D\000.\000\040\000A\000T\000L\000.\000\040\000A\000V\000I\000S\000\040\000B\000R\000A\000\040\000G\000A\000S}{}% 859
\BOOKMARK [1][]{section.860}{\376\377\000C\000N\0000\0001\0006\000:\000\040\000A\000T\000L\000E\000T\000I\000C\000A\000\040\000S\000A\000L\000U\000Z\000Z\000O}{}% 860
\BOOKMARK [1][]{section.861}{\376\377\000C\000N\0000\0001\0007\000:\000\040\000G\000.\000S\000.\000R\000.\000\040\000F\000E\000R\000R\000E\000R\000O\000\040\000A\000.\000S\000.\000D\000.}{}% 861
\BOOKMARK [1][]{section.862}{\376\377\000C\000N\0000\0001\0008\000:\000\040\000A\000S\000D\000\040\000G\000R\000U\000P\000P\000O\000\040\000P\000O\000D\000I\000S\000T\000I\000\040\000A\000L\000B\000E\000S\000I}{}% 862
\BOOKMARK [1][]{section.863}{\376\377\000C\000N\0000\0001\0009\000:\000\040\000A\000.\000S\000.\000D\000.\000\040\000P\000O\000D\000I\000S\000T\000I\000C\000A\000\040\0002\0000\0000\0000\000\040\000M\000A\000R\000E\000N\000E}{}% 863
\BOOKMARK [1][]{section.864}{\376\377\000C\000N\0000\0002\0000\000:\000\040\000A\000.\000S\000.\000D\000.\000\040\000A\000T\000L\000E\000T\000I\000C\000A\000\040\000R\000O\000A\000T\000A\000\040\000C\000H\000I\000U\000S\000A\000N\000I}{}% 864
\BOOKMARK [1][]{section.865}{\376\377\000C\000N\0000\0002\0001\000:\000\040\000A\000.\000S\000.\000D\000\040\000P\000A\000M\000\040\000M\000O\000N\000D\000O\000V\000I\000-\000C\000H\000I\000U\000S\000A\000\040\000P\000E\000S\000I\000O}{}% 865
\BOOKMARK [1][]{section.866}{\376\377\000C\000N\0000\0002\0003\000:\000\040\000A\000S\000D\000\040\000M\000I\000C\000H\000E\000L\000I\000N\000\040\000S\000P\000O\000R\000T\000\040\000C\000L\000U\000B\000\040\000C\000U\000N\000E\000O}{}% 866
\BOOKMARK [1][]{section.867}{\376\377\000C\000N\0000\0002\0004\000:\000\040\000G\000.\000S\000.\000D\000.\000V\000A\000L\000T\000A\000N\000A\000R\000O}{}% 867
\BOOKMARK [1][]{section.868}{\376\377\000C\000N\0000\0002\0005\000:\000\040\000A\000.\000S\000.\000D\000.\000\040\000B\000O\000V\000E\000S\000\040\000R\000U\000N}{}% 868
\BOOKMARK [1][]{section.869}{\376\377\000C\000N\0000\0002\0006\000:\000\040\000A\000.\000S\000.\000D\000.\000\040\000P\000O\000D\000I\000S\000T\000I\000C\000A\000\040\000C\000A\000R\000A\000G\000L\000I\000E\000S\000E}{}% 869
\BOOKMARK [1][]{section.870}{\376\377\000C\000N\0000\0002\0007\000:\000\040\000A\000.\000S\000.\000D\000.\000P\000O\000D\000I\000S\000T\000I\000C\000A\000\040\000V\000I\000L\000L\000A\000F\000A\000L\000L\000E\000T\000T\000O}{}% 870
\BOOKMARK [1][]{section.871}{\376\377\000C\000N\0000\0002\0008\000:\000\040\000A\000.\000S\000.\000D\000.\000P\000O\000D\000.\000\040\000V\000A\000L\000L\000E\000\040\000I\000N\000F\000E\000R\000N\000O\000T\000T\000O}{}% 871
\BOOKMARK [1][]{section.872}{\376\377\000C\000N\0000\0003\0001\000:\000\040\000A\000.\000S\000.\000D\000.\000I\000L\000\040\000P\000O\000D\000I\000O}{}% 872
\BOOKMARK [1][]{section.873}{\376\377\000C\000N\0000\0003\0007\000:\000\040\000A\000S\000D\000\040\000A\000T\000L\000E\000T\000I\000C\000A\000\040\000R\000A\000C\000C\000O\000N\000I\000G\000I}{}% 873
\BOOKMARK [1][]{section.874}{\376\377\000C\000N\0000\0003\0009\000:\000\040\000A\000S\000D\000\040\000A\000T\000L\000\040\000S\000P\000R\000I\000N\000T\000\040\000L\000I\000B\000E\000R\000T\000A\000S\000\040\000M\000O\000R\000O\000Z\000Z}{}% 874
\BOOKMARK [1][]{section.875}{\376\377\000C\000N\0000\0004\0000\000:\000\040\000T\000R\000I\000A\000N\000G\000O\000L\000O\000\040\000S\000P\000O\000R\000T\000\040\000L\000A\000N\000G\000H\000E\000\040\000M\000O\000N\000F\000E\000R\000R}{}% 875
\BOOKMARK [1][]{section.876}{\376\377\000C\000N\0000\0004\0002\000:\000\040\000A\000S\000D\000\040\000S\000C\000U\000O\000L\000A\000\040\000D\000E\000L\000\040\000C\000A\000M\000M\000I\000N\000O\000\040\000F\000I\000T\000W\000A\000L\000K}{}% 876
\BOOKMARK [1][]{section.877}{\376\377\000C\000N\0000\0004\0003\000:\000\040\000C\000.\000B\000.\000S\000P\000O\000R\000T\000-\000P\000O\000D\000I\000S\000T\000I\000C\000A\000\040\000C\000A\000R\000A\000M\000A\000G\000N\000A}{}% 877
\BOOKMARK [1][]{section.878}{\376\377\000C\000N\0000\0004\0004\000:\000\040\000P\000O\000D\000I\000S\000T\000I\000C\000A\000\040\000V\000A\000L\000L\000E\000\040\000G\000R\000A\000N\000A\000\040\000A\000S\000S\000O\000C\000I\000A\000Z}{}% 878
\BOOKMARK [1][]{section.879}{\376\377\000C\000N\0000\0004\0006\000:\000\040\000A\000S\000D\000\040\000R\000O\000E\000R\000O\000\040\000R\000U\000N\000N\000E\000R\000S}{}% 879
\BOOKMARK [1][]{section.880}{\376\377\000C\000N\0000\0004\0007\000:\000\040\000A\000T\000L\000E\000T\000I\000C\000A\000\040\000P\000O\000C\000A\000P\000A\000G\000L\000I\000A}{}% 880
\BOOKMARK [1][]{section.881}{\376\377\000C\000N\0000\0004\0008\000:\000\040\000A\000S\000D\000\040\000P\000O\000D\000I\000S\000T\000I\000C\000A\000\040\000C\000A\000S\000T\000A\000G\000N\000I\000T\000E\000S\000E}{}% 881
\BOOKMARK [1][]{section.882}{\376\377\000C\000N\0000\0005\0000\000:\000\040\000P\000O\000D\000I\000S\000T\000I\000C\000A\000\040\000V\000A\000L\000V\000E\000R\000M\000E\000N\000A\000G\000N\000A\000\040\000B\000U\000Z\000Z\000I}{}% 882
\BOOKMARK [1][]{section.883}{\376\377\000C\000N\0000\0005\0002\000:\000\040\000S\000P\000O\000R\000T\000I\000F\000I\000C\000A\000T\000I\000O\000N}{}% 883
\BOOKMARK [1][]{section.884}{\376\377\000C\000N\0000\0005\0003\000:\000\040\000A\000.\000S\000.\000D\000.\000R\000I\000G\000A\000U\000D\000O\000\040\000I\000\040\000L\000O\000V\000E\000\040\000S\000P\000O\000R\000T}{}% 884
\BOOKMARK [1][]{section.885}{\376\377\000C\000N\0000\0005\0004\000:\000\040\000C\000L\000U\000B\000\040\0008\0000\0000\000\040\000A\000S\000D}{}% 885
\BOOKMARK [1][]{section.886}{\376\377\000C\000N\0000\0005\0005\000:\000\040\000A\000S\000D\000\040\000D\000Y\000N\000A\000M\000I\000C\000\040\000C\000E\000N\000T\000E\000R\000\040\000V\000A\000L\000L\000E\000\040\000B\000E\000L\000B\000O}{}% 886
\BOOKMARK [1][]{section.887}{\376\377\000C\000N\0000\0006\0000\000:\000\040\000A\000.\000S\000.\000D\000.\000\040\000V\000I\000L\000L\000A\000R}{}% 887
\BOOKMARK [1][]{section.888}{\376\377\000C\000O\0000\0001\0000\000:\000\040\000T\000E\000A\000M\000\040\000A\000L\000T\000O\000\040\000L\000A\000M\000B\000R\000O}{}% 888
\BOOKMARK [1][]{section.889}{\376\377\000C\000O\0000\0001\0001\000:\000\040\000M\000E\000R\000A\000T\000E\000\040\000A\000T\000L\000E\000T\000I\000C\000A\000\040\000P\000R\000O\000M\000O\000L\000I\000N\000E}{}% 889
\BOOKMARK [1][]{section.890}{\376\377\000C\000O\0000\0001\0002\000:\000\040\000U\000.\000S\000.\000\040\000S\000A\000N\000\040\000M\000A\000U\000R\000I\000Z\000I\000O}{}% 890
\BOOKMARK [1][]{section.891}{\376\377\000C\000O\0000\0001\0003\000:\000\040\000G\000I\000N\000N\000A\000S\000T\000I\000C\000A\000\040\000C\000O\000M\000E\000N\000S\000E\000\040\0001\0008\0007\0002}{}% 891
\BOOKMARK [1][]{section.892}{\376\377\000C\000O\0000\0001\0004\000:\000\040\000A\000T\000L\000.\000\040\000M\000A\000R\000I\000A\000N\000O\000\040\000C\000O\000M\000E\000N\000S\000E}{}% 892
\BOOKMARK [1][]{section.893}{\376\377\000C\000O\0000\0001\0005\000:\000\040\000A\000.\000S\000.\000D\000.\000\040\000U\000.\000P\000.\000\040\000M\000I\000S\000S\000A\000G\000L\000I\000A}{}% 893
\BOOKMARK [1][]{section.894}{\376\377\000C\000O\0000\0001\0006\000:\000\040\000U\000.\000S\000.\000\040\000O\000L\000T\000R\000O\000N\000E\000S\000E}{}% 894
\BOOKMARK [1][]{section.895}{\376\377\000C\000O\0000\0001\0007\000:\000\040\000A\000T\000L\000.\000\040\000T\000R\000I\000A\000N\000G\000O\000L\000O\000\040\000L\000A\000R\000I\000A\000N\000O}{}% 895
\BOOKMARK [1][]{section.896}{\376\377\000C\000O\0000\0001\0008\000:\000\040\000T\000O\000M\000M\000Y\000\040\000S\000P\000O\000R\000T\000-\000\040\000L\000A\000\040\000V\000A\000L\000L\000E\000\040\000D\000E\000L\000\040\000L\000U\000R\000A}{}% 896
\BOOKMARK [1][]{section.897}{\376\377\000C\000O\0000\0001\0009\000:\000\040\000P\000O\000L\000.\000\040\000P\000A\000G\000N\000O\000N\000A}{}% 897
\BOOKMARK [1][]{section.898}{\376\377\000C\000O\0000\0002\0001\000:\000\040\000P\000O\000L\000.\000\040\000M\000A\000N\000D\000E\000L\000L\000O}{}% 898
\BOOKMARK [1][]{section.899}{\376\377\000C\000O\0000\0002\0003\000:\000\040\000A\000T\000L\000.\000\040\000R\000O\000V\000E\000L\000L\000A\000S\000C\000A}{}% 899
\BOOKMARK [1][]{section.900}{\376\377\000C\000O\0000\0002\0004\000:\000\040\000A\000S\000D\000\040\000S\000W\000A\000T\000T\000\040\000C\000L\000U\000B}{}% 900
\BOOKMARK [1][]{section.901}{\376\377\000C\000O\0000\0002\0005\000:\000\040\000A\000T\000L\000.\000\040\000B\000R\000I\000A\000N\000Z\000A}{}% 901
\BOOKMARK [1][]{section.902}{\376\377\000C\000O\0000\0003\0000\000:\000\040\000P\000R\000O\000\040\000Q\000U\000I\000N\000T\000O}{}% 902
\BOOKMARK [1][]{section.903}{\376\377\000C\000O\0000\0003\0004\000:\000\040\000P\000O\000L\000.\000\040\000B\000E\000L\000L\000A\000N\000O\000\040\000G\000A\000L\000P\000E\000R\000T\000I\000\040\000G\000R\000O\000U\000P}{}% 903
\BOOKMARK [1][]{section.904}{\376\377\000C\000O\0000\0003\0005\000:\000\040\000C\000.\000S\000.\000\040\000C\000O\000R\000T\000E\000N\000O\000V\000A}{}% 904
\BOOKMARK [1][]{section.905}{\376\377\000C\000O\0000\0003\0007\000:\000\040\000P\000O\000L\000I\000S\000P\000O\000R\000T\000I\000V\000A\000\040\000C\000O\000L\000V\000E\000R\000D\000E}{}% 905
\BOOKMARK [1][]{section.906}{\376\377\000C\000O\0000\0003\0008\000:\000\040\000A\000M\000A\000T\000O\000R\000I\000\040\000L\000E\000C\000C\000O}{}% 906
\BOOKMARK [1][]{section.907}{\376\377\000C\000O\0000\0003\0009\000:\000\040\000P\000O\000L\000.\000\040\000L\000I\000B\000.\000\040\000C\000E\000R\000N\000U\000S\000C\000H\000E\000S\000E}{}% 907
\BOOKMARK [1][]{section.908}{\376\377\000C\000O\0000\0004\0000\000:\000\040\000G\000.\000S\000.\000\040\000R\000O\000V\000E\000L\000L\000O\000\040\000P\000O\000R\000R\000O}{}% 908
\BOOKMARK [1][]{section.909}{\376\377\000C\000O\0000\0004\0004\000:\000\040\000P\000G\000S\000\040\000R\000U\000N\000N\000I\000N\000G\000\040\000F\000E\000N\000E\000G\000R\000O\000'}{}% 909
\BOOKMARK [1][]{section.910}{\376\377\000C\000O\0000\0005\0006\000:\000\040\000G\000.\000S\000.\000\040\000B\000E\000R\000N\000A\000T\000E\000S\000E}{}% 910
\BOOKMARK [1][]{section.911}{\376\377\000C\000O\0000\0009\0006\000:\000\040\000A\000.\000S\000.\000D\000.\000\040\000B\000R\000E\000V\000A\000\040\000R\000U\000N\000N\000I\000N\000G}{}% 911
\BOOKMARK [1][]{section.912}{\376\377\000C\000O\0001\0000\0009\000:\000\040\000S\000P\000A\000R\000T\000A\000C\000U\000S\000\040\000E\000V\000E\000N\000T\000S\000\040\000S\000S\000D\000\040\000A\000\040\000R\000.\000L\000.}{}% 912
\BOOKMARK [1][]{section.913}{\376\377\000C\000O\0001\0002\0002\000:\000\040\000A\000T\000L\000.\000\040\000L\000A\000G\000O\000\040\000D\000E\000L\000\040\000S\000E\000G\000R\000I\000N\000O}{}% 913
\BOOKMARK [1][]{section.914}{\376\377\000C\000O\0001\0006\0007\000:\000\040\000O\000.\000S\000.\000A\000.\000\040\000O\000R\000G\000.\000S\000P\000O\000R\000T\000I\000V\000A\000\040\000A\000L\000P\000I\000N\000I\000S\000T\000I}{}% 914
\BOOKMARK [1][]{section.915}{\376\377\000C\000O\0001\0006\0009\000:\000\040\000C\000A\000N\000T\000U\000`\000A\000T\000L\000E\000T\000I\000C\000A}{}% 915
\BOOKMARK [1][]{section.916}{\376\377\000C\000O\0002\0000\0005\000:\000\040\000P\000R\000E\000M\000A\000N\000A}{}% 916
\BOOKMARK [1][]{section.917}{\376\377\000C\000O\0002\0000\0006\000:\000\040\000A\000T\000L\000.\000\040\000L\000O\000M\000A\000Z\000Z\000O}{}% 917
\BOOKMARK [1][]{section.918}{\376\377\000C\000O\0002\0000\0008\000:\000\040\000A\000T\000L\000.\000\040\000L\000E\000C\000C\000O\000-\000C\000O\000L\000O\000M\000B\000O\000\040\000C\000O\000S\000T\000R\000U\000Z\000.}{}% 918
\BOOKMARK [1][]{section.919}{\376\377\000C\000O\0002\0001\0006\000:\000\040\000G\000.\000S\000.\000A\000.\000\040\000C\000O\000R\000N\000O\000\040\000M\000A\000R\000C\000O\000\040\000I\000T\000A\000L\000I\000A}{}% 919
\BOOKMARK [1][]{section.920}{\376\377\000C\000O\0002\0004\0009\000:\000\040\000A\000T\000L\000.\000\040\000C\000E\000N\000T\000R\000O\000\040\000L\000A\000R\000I\000O}{}% 920
\BOOKMARK [1][]{section.921}{\376\377\000C\000O\0002\0006\0001\000:\000\040\000F\000A\000L\000C\000H\000I\000-\000L\000E\000C\000C\000O}{}% 921
\BOOKMARK [1][]{section.922}{\376\377\000C\000O\0002\0006\0002\000:\000\040\000A\000T\000H\000L\000E\000T\000I\000C\000\040\000T\000E\000A\000M\000\040\000L\000A\000R\000I\000O}{}% 922
\BOOKMARK [1][]{section.923}{\376\377\000C\000O\0002\0008\0000\000:\000\040\000A\000.\000L\000.\000S\000.\000\040\000C\000R\000E\000M\000E\000L\000L\000A}{}% 923
\BOOKMARK [1][]{section.924}{\376\377\000C\000O\0002\0008\0006\000:\000\040\000A\000T\000L\000.\000\040\000O\000.\000S\000.\000G\000.\000\040\000G\000U\000A\000N\000Z\000A\000T\000E}{}% 924
\BOOKMARK [1][]{section.925}{\376\377\000C\000O\0002\0009\0004\000:\000\040\000G\000.\000S\000.\000\040\000V\000I\000R\000T\000U\000S\000\040\000C\000A\000L\000C\000O}{}% 925
\BOOKMARK [1][]{section.926}{\376\377\000C\000O\0003\0000\0002\000:\000\040\000G\000.\000S\000.\000\040\000A\000.\000C\000O\000N\000S\000O\000L\000I\000N\000I\000\040\000C\000E\000R\000M\000E\000N\000A\000T\000E}{}% 926
\BOOKMARK [1][]{section.927}{\376\377\000C\000O\0003\0004\0008\000:\000\040\000A\000T\000L\000.\000\040\000C\000O\000M\000O}{}% 927
\BOOKMARK [1][]{section.928}{\376\377\000C\000O\0003\0006\0001\000:\000\040\000U\000.\000S\000.\000\040\000N\000O\000V\000A\000\040\000L\000I\000B\000.\000\040\000C\000O\000M\000O}{}% 928
\BOOKMARK [1][]{section.929}{\376\377\000C\000O\0003\0007\0005\000:\000\040\000A\000T\000L\000.\000\040\000F\000R\000I\000.\000M\000A\000.\000S\000.}{}% 929
\BOOKMARK [1][]{section.930}{\376\377\000C\000O\0003\0008\0003\000:\000\040\000C\000.\000A\000.\000\040\000L\000I\000Z\000Z\000O\000L\000I}{}% 930
\BOOKMARK [1][]{section.931}{\376\377\000C\000O\0004\0002\0008\000:\000\040\000S\000.\000C\000O\000O\000P\000\040\000A\000R\000L\000\040\000S\000D\000\040\000G\000S\000\040\000V\000I\000L\000L\000A\000\040\000G\000U\000A\000R\000D\000I\000A}{}% 931
\BOOKMARK [1][]{section.932}{\376\377\000C\000O\0004\0004\0003\000:\000\040\000A\000.\000S\000.\000\040\000C\000A\000N\000T\000U\000R\000I\000N\000A\000\040\000P\000O\000L\000.\000\040\000S\000.\000M\000A\000R\000C\000O}{}% 932
\BOOKMARK [1][]{section.933}{\376\377\000C\000O\0004\0004\0004\000:\000\040\000G\000.\000S\000.\000\040\000A\000V\000I\000S\000\040\000O\000G\000G\000I\000O\000N\000O}{}% 933
\BOOKMARK [1][]{section.934}{\376\377\000C\000O\0004\0004\0005\000:\000\040\000A\000T\000L\000.\000\040\000C\000A\000S\000S\000A\000G\000O}{}% 934
\BOOKMARK [1][]{section.935}{\376\377\000C\000O\0004\0008\0007\000:\000\040\000A\000S\000D\000\040\000A\000T\000L\000E\000T\000I\000C\000A\000\040\0008\0007}{}% 935
\BOOKMARK [1][]{section.936}{\376\377\000C\000O\0005\0002\0007\000:\000\040\000A\000T\000L\000E\000T\000I\000C\000A\000\040\0004\0002\0001\0009\0005\000\040\000'\000B\000L\000U\000\040\000F\000R\000I\000D\000A\000'}{}% 936
\BOOKMARK [1][]{section.937}{\376\377\000C\000O\0005\0004\0006\000:\000\040\000U\000N\000I\000O\000N\000E\000\040\000S\000P\000O\000R\000T\000I\000V\000A\000\040\000A\000L\000B\000A\000T\000E\000S\000E\000\040\000A\000S\000D}{}% 937
\BOOKMARK [1][]{section.938}{\376\377\000C\000O\0005\0004\0008\000:\000\040\000S\000.\000E\000.\000V\000.\000\040\000V\000A\000L\000M\000A\000D\000R\000E\000R\000A}{}% 938
\BOOKMARK [1][]{section.939}{\376\377\000C\000O\0005\0006\0000\000:\000\040\000P\000O\000L\000.\000\040\000P\000O\000R\000L\000E\000Z\000Z\000E\000S\000E}{}% 939
\BOOKMARK [1][]{section.940}{\376\377\000C\000O\0005\0006\0001\000:\000\040\000A\000.\000S\000.\000\040\000C\000O\000M\000E\000T\000A}{}% 940
\BOOKMARK [1][]{section.941}{\376\377\000C\000O\0005\0009\0007\000:\000\040\000R\000U\000N\000N\000E\000R\000S\000\040\000C\000O\000L\000I\000C\000O}{}% 941
\BOOKMARK [1][]{section.942}{\376\377\000C\000O\0006\0008\0002\000:\000\040\000A\000.\000S\000.\000D\000.\000A\000R\000I\000E\000S\000\040\000C\000O\000M\000O\000\040\000A\000T\000H\000L\000E\000T\000I\000C\000\040\000T\000E\000A\000M}{}% 942
\BOOKMARK [1][]{section.943}{\376\377\000C\000O\0006\0008\0003\000:\000\040\000P\000O\000L\000I\000S\000P\000O\000R\000T\000I\000V\000A\000\040\000I\000N\000T\000E\000R\000C\000O\000M\000U\000N\000A\000L\000E}{}% 943
\BOOKMARK [1][]{section.944}{\376\377\000C\000O\0006\0009\0000\000:\000\040\000G\000.\000S\000.\000A\000.\000\040\000C\000O\000M\000E\000T\000A}{}% 944
\BOOKMARK [1][]{section.945}{\376\377\000C\000O\0007\0000\0003\000:\000\040\0003\000\040\000L\000I\000F\000E}{}% 945
\BOOKMARK [1][]{section.946}{\376\377\000C\000O\0007\0001\0001\000:\000\040\000T\000E\000A\000M\000\040\000O\000T\000C\000\040\000C\000O\000M\000O}{}% 946
\BOOKMARK [1][]{section.947}{\376\377\000C\000O\0007\0002\0003\000:\000\040\000G\000.\000S\000.\000S\000.\000\040\000C\000A\000V\000A\000L\000L\000A\000S\000C\000A}{}% 947
\BOOKMARK [1][]{section.948}{\376\377\000C\000O\0007\0004\0004\000:\000\040\000A\000.\000G\000.\000\040\000C\000O\000M\000E\000N\000S\000E\000\040\000S\000.\000S\000.\000D\000.\000\040\000A\000\040\000R\000.\000L\000.}{}% 948
\BOOKMARK [1][]{section.949}{\376\377\000C\000O\0007\0008\0000\000:\000\040\000S\000O\000C\000I\000E\000T\000A\000\040\000E\000S\000C\000U\000R\000S\000I\000O\000N\000I\000S\000T\000I\000\040\000C\000I\000V\000A\000T\000E\000S}{}% 949
\BOOKMARK [1][]{section.950}{\376\377\000C\000O\0007\0009\0000\000:\000\040\000T\000E\000A\000M\000\040\000P\000A\000S\000T\000U\000R\000O\000\040\000A\000S\000D}{}% 950
\BOOKMARK [1][]{section.951}{\376\377\000C\000O\0008\0000\0004\000:\000\040\000A\000T\000L\000E\000T\000I\000C\000A\000\040\000A\000L\000T\000O\000\040\000L\000A\000R\000I\000O}{}% 951
\BOOKMARK [1][]{section.952}{\376\377\000C\000O\0008\0000\0008\000:\000\040\000S\000P\000A\000R\000T\000A\000C\000U\000S\000\040\000T\000R\000I\000A\000T\000H\000L\000O\000N\000L\000E\000C\000C\000O\000\040\000A\000\040\000R\000.\000L}{}% 952
\BOOKMARK [1][]{section.953}{\376\377\000C\000O\0008\0002\0004\000:\000\040\000U\000N\000I\000O\000N\000E\000\040\000S\000P\000O\000R\000T\000I\000V\000A\000\040\000D\000E\000R\000V\000I\000E\000S\000E\000\040\000A\000.\000S\000.\000D}{}% 953
\BOOKMARK [1][]{section.954}{\376\377\000C\000O\0008\0002\0005\000:\000\040\000M\000A\000N\000E\000R\000A\000N\000N\000E\000R\000S}{}% 954
\BOOKMARK [1][]{section.955}{\376\377\000C\000O\0008\0002\0008\000:\000\040\000T\000E\000A\000M\000\040\000O\000T\000C\000\040\000S\000S\000D\000\040\000A\000R\000L}{}% 955
\BOOKMARK [1][]{section.956}{\376\377\000C\000O\0008\0007\0002\000:\000\040\000A\000\040\000T\000E\000A\000M\000\040\000T\000R\000I\000A\000T\000H\000L\000O\000N\000\040\000A\000S\000D}{}% 956
\BOOKMARK [1][]{section.957}{\376\377\000C\000O\0008\0009\0009\000:\000\040\000C\000A\000B\000\040\000S\000P\000O\000R\000T}{}% 957
\BOOKMARK [1][]{section.958}{\376\377\000C\000O\0009\0000\0007\000:\000\040\000A\000S\000D\000\040\000A\000T\000L\000E\000T\000I\000C\000A\000\040\000P\000I\000D\000A\000G\000G\000I\000A\000\040\0001\0005\0002\0008}{}% 958
\BOOKMARK [1][]{section.959}{\376\377\000C\000O\0009\0001\0002\000:\000\040\000M\000U\000L\000T\000I\000S\000P\000O\000R\000T\000\040\000C\000A\000N\000T\000U\000'\000\040\0002\0000\0001\0002}{}% 959
\BOOKMARK [1][]{section.960}{\376\377\000C\000O\0009\0001\0005\000:\000\040\000A\000S\000D\000\040\000A\000V\000I\000S\000\040\000O\000G\000G\000I\000O\000N\000O}{}% 960
\BOOKMARK [1][]{section.961}{\376\377\000C\000O\0009\0002\0000\000:\000\040\000L\000I\000E\000T\000O\000\040\000C\000O\000L\000L\000E\000\040\000A\000S\000D}{}% 961
\BOOKMARK [1][]{section.962}{\376\377\000C\000O\0009\0004\0002\000:\000\040\000A\000G\000\040\000M\000E\000D\000I\000A\000\040\000S\000P\000O\000R\000T\000\040\000A\000S\000D}{}% 962
\BOOKMARK [1][]{section.963}{\376\377\000C\000O\0009\0006\0000\000:\000\040\000M\000I\000S\000S\000U\000L\000T\000E\000A\000M\000\040\000C\000O\000M\000O\000\040\000A\000S\000D}{}% 963
\BOOKMARK [1][]{section.964}{\376\377\000C\000O\0009\0007\0006\000:\000\040\000A\000.\000S\000.\000D\000.\000\040\000A\000T\000L\000E\000T\000I\000C\000A\000\040\000A\000N\000D\000R\000O\000M\000E\000D\000A}{}% 964
\BOOKMARK [1][]{section.965}{\376\377\000C\000O\0009\0007\0009\000:\000\040\000A\000S\000D\000\040\000P\000R\000O\000-\000S\000P\000O\000R\000T\000\040\000R\000U\000N\000N\000I\000N\000G\000\040\000A\000C\000A\000D\000E\000M\000Y}{}% 965
\BOOKMARK [1][]{section.966}{\376\377\000C\000O\0009\0009\0003\000:\000\040\000W\000O\000M\000E\000N\000\040\000I\000N\000\040\000R\000U\000N\000\040\000L\000E\000C\000C\000O\000\040\000A\000S\000D}{}% 966
\BOOKMARK [1][]{section.967}{\376\377\000C\000O\0009\0009\0006\000:\000\040\000A\000S\000D\000\040\000B\000T\000F\0009\0002\000\040\000A\000T\000L\000E\000T\000I\000C\000A}{}% 967
\BOOKMARK [1][]{section.968}{\376\377\000C\000R\0000\0004\0001\000:\000\040\000C\000R\000E\000M\000O\000N\000A\000\040\000S\000P\000O\000R\000T\000I\000V\000A\000\040\000A\000T\000L\000.\000\040\000A\000R\000V\000E\000D\000I}{}% 968
\BOOKMARK [1][]{section.969}{\376\377\000C\000R\0000\0009\0002\000:\000\040\000A\000.\000S\000C\000O\000L\000A\000S\000T\000I\000C\000A\000\040\000S\000P\000O\000R\000T\000.\000\040\000D\000I\000O\000T\000T\000I}{}% 969
\BOOKMARK [1][]{section.970}{\376\377\000C\000R\0001\0005\0000\000:\000\040\000A\000S\000D\000\040\000I\000N\000T\000E\000R\000F\000L\000U\000M\000I\000N\000A\000\040\000E\000'\000\040\000P\000I\000U\000'\000\040\000P\000O\000M\000I\000'}{}% 970
\BOOKMARK [1][]{section.971}{\376\377\000C\000R\0001\0005\0001\000:\000\040\000A\000T\000L\000.\000\040\000V\000I\000R\000T\000U\000S\000\040\000C\000R\000E\000M\000A}{}% 971
\BOOKMARK [1][]{section.972}{\376\377\000C\000R\0001\0005\0002\000:\000\040\000A\000T\000L\000.\000\040\000C\000A\000S\000T\000E\000L\000L\000E\000O\000N\000E}{}% 972
\BOOKMARK [1][]{section.973}{\376\377\000C\000R\0001\0005\0003\000:\000\040\000S\000O\000C\000I\000E\000T\000A\000'\000\040\000A\000T\000L\000.\000\040\000C\000R\000E\000M\000O\000N\000E\000S\000E}{}% 973
\BOOKMARK [1][]{section.974}{\376\377\000C\000R\0002\0000\0009\000:\000\040\000P\000O\000L\000.\000\040\000S\000P\000I\000N\000E\000S\000E\000\040\000A\000T\000L\000.}{}% 974
\BOOKMARK [1][]{section.975}{\376\377\000C\000R\0003\0004\0000\000:\000\040\000G\000.\000T\000.\000A\000.\000\040\000C\000R\000E\000M\000A}{}% 975
\BOOKMARK [1][]{section.976}{\376\377\000C\000R\0004\0001\0008\000:\000\040\000C\000R\000E\000M\000O\000N\000A\000\040\000R\000U\000N\000N\000E\000R\000S\000\040\000C\000L\000U\000B}{}% 976
\BOOKMARK [1][]{section.977}{\376\377\000C\000R\0005\0005\0004\000:\000\040\000M\000A\000R\000A\000T\000H\000O\000N\000\040\000C\000R\000E\000M\000O\000N\000A}{}% 977
\BOOKMARK [1][]{section.978}{\376\377\000C\000R\0005\0005\0009\000:\000\040\0003\000C\000\040\000\050\000C\000O\000M\000P\000.\000\040\000C\000R\000E\000M\000O\000N\000E\000S\000E\000\040\000C\000O\000R\000R\000I\000D\000O\000R\000I\000\051}{}% 978
\BOOKMARK [1][]{section.979}{\376\377\000C\000R\0006\0000\0003\000:\000\040\000B\000I\000K\000E\000\040\000\046\000\040\000R\000U\000N}{}% 979
\BOOKMARK [1][]{section.980}{\376\377\000C\000R\0007\0003\0000\000:\000\040\000T\000R\000I\000A\000T\000H\000L\000O\000N\000\040\000D\000U\000A\000T\000H\000L\000O\000N\000\040\000C\000R\000E\000M\000O\000N\000A}{}% 980
\BOOKMARK [1][]{section.981}{\376\377\000C\000R\0007\0003\0003\000:\000\040\000T\000R\000I\000A\000T\000H\000L\000O\000N\000\040\000C\000R\000E\000M\000O\000N\000A\000\040\000S\000T\000R\000A\000D\000I\000V\000A\000R\000I\000\040\000S}{}% 981
\BOOKMARK [1][]{section.982}{\376\377\000C\000R\0008\0001\0000\000:\000\040\000A\000S\000D\000\040\000N\000U\000O\000V\000A\000\040\000V\000I\000R\000T\000U\000S\000\040\000C\000R\000E\000M\000A}{}% 982
\BOOKMARK [1][]{section.983}{\376\377\000C\000R\0008\0001\0001\000:\000\040\000K\0003\000\040\000S\000S\000D\000\040\000A\000R\000L}{}% 983
\BOOKMARK [1][]{section.984}{\376\377\000C\000R\0008\0003\0003\000:\000\040\000C\000A\000M\000I\000S\000A\000N\000O\000\040\000R\000U\000N\000N\000I\000N\000G\000\040\000A\000.\000S\000.\000D\000.}{}% 984
\BOOKMARK [1][]{section.985}{\376\377\000C\000R\0008\0004\0002\000:\000\040\000T\000E\000A\000M\000\040\000K\0002}{}% 985
\BOOKMARK [1][]{section.986}{\376\377\000C\000R\0008\0006\0002\000:\000\040\000O\000M\000B\000R\000I\000A\000N\000O\000\040\000R\000U\000N\000N\000I\000N\000G}{}% 986
\BOOKMARK [1][]{section.987}{\376\377\000C\000R\0009\0004\0004\000:\000\040\000C\000R\000E\000M\000O\000N\000A\000C\000O\000R\000R\000E\000\040\000A\000S\000D}{}% 987
\BOOKMARK [1][]{section.988}{\376\377\000C\000R\0009\0008\0008\000:\000\040\000U\000.\000S\000.\000D\000.\000\040\000S\000P\000I\000N\000E\000S\000E\000\040\000O\000R\000A\000T\000O\000R\000I\000O}{}% 988
\BOOKMARK [1][]{section.989}{\376\377\000C\000S\0000\0000\0004\000:\000\040\000A\000T\000L\000E\000T\000I\000C\000A\000\040\000C\000O\000S\000E\000N\000Z\000A}{}% 989
\BOOKMARK [1][]{section.990}{\376\377\000C\000S\0000\0005\0000\000:\000\040\000P\000O\000L\000.\000A\000C\000L\000I\000\040\000H\000I\000N\000T\000E\000R\000L\000A\000N\000D\000\040\000E\000U\000R\000O\000P\000E\000A\000N}{}% 990
\BOOKMARK [1][]{section.991}{\376\377\000C\000S\0001\0004\0009\000:\000\040\000T\000E\000A\000M\000\040\000B\000A\000S\000I\000L\000E}{}% 991
\BOOKMARK [1][]{section.992}{\376\377\000C\000S\0001\0008\0009\000:\000\040\000A\000T\000L\000.\000C\000A\000S\000T\000R\000O\000V\000I\000L\000L\000A\000R\000I}{}% 992
\BOOKMARK [1][]{section.993}{\376\377\000C\000S\0001\0009\0000\000:\000\040\000A\000T\000L\000E\000T\000I\000C\000A\000\040\000M\000I\000R\000T\000O\000-\000C\000R\000O\000S\000I\000A}{}% 993
\BOOKMARK [1][]{section.994}{\376\377\000C\000S\0002\0002\0000\000:\000\040\000A\000S\000\040\000A\000T\000L\000.\000T\000E\000A\000M\000\040\000M\000O\000R\000E\000R\000O}{}% 994
\BOOKMARK [1][]{section.995}{\376\377\000C\000S\0002\0002\0006\000:\000\040\000M\000A\000R\000A\000T\000H\000O\000N\000\040\000C\000S}{}% 995
\BOOKMARK [1][]{section.996}{\376\377\000C\000S\0002\0008\0001\000:\000\040\000A\000T\000L\000E\000T\000I\000C\000A\000\040\000A\000C\000Q\000U\000A\000P\000P\000E\000S\000A}{}% 996
\BOOKMARK [1][]{section.997}{\376\377\000C\000S\0002\0009\0009\000:\000\040\000G\000.\000S\000.\000\040\000P\000E\000G\000A\000S\000O\000\040\000C\000O\000S\000E\000N\000Z\000A}{}% 997
\BOOKMARK [1][]{section.998}{\376\377\000C\000S\0003\0001\0002\000:\000\040\000A\000S\000S\000O\000C\000I\000A\000Z\000I\000O\000N\000E\000\040\000C\000E\000N\000T\000R\000O\000\040\000S\000T\000O\000R\000I\000C\000O}{}% 998
\BOOKMARK [1][]{section.999}{\376\377\000C\000S\0003\0002\0000\000:\000\040\000P\000O\000L\000.\000A\000C\000L\000I\000\040\000R\000I\000N\000A\000S\000C\000I\000T\000A\000\040\0002\0000\0000\0000}{}% 999
\BOOKMARK [1][]{section.1000}{\376\377\000C\000S\0003\0003\0008\000:\000\040\000E\000N\000E\000R\000G\000Y\000\040\000C\000L\000U\000B}{}% 1000
\BOOKMARK [1][]{section.1001}{\376\377\000C\000S\0003\0003\0009\000:\000\040\000T\000E\000A\000M\000\040\000'\000M\000A\000R\000I\000O\000\040\000C\000A\000R\000B\000O\000N\000E\000'\000\040\000C\000S}{}% 1001
\BOOKMARK [1][]{section.1002}{\376\377\000C\000S\0003\0004\0001\000:\000\040\000U\000N\000I\000V\000E\000R\000S\000A\000L\000\040\000A\000T\000H\000L\000E\000T\000I\000C}{}% 1002
\BOOKMARK [1][]{section.1003}{\376\377\000C\000S\0003\0004\0004\000:\000\040\000N\000U\000O\000V\000A\000\040\000A\000T\000L\000E\000T\000I\000C\000A\000\040\000V\000I\000R\000T\000U\000S\000\040\000C\000E\000L\000I\000C\000O}{}% 1003
\BOOKMARK [1][]{section.1004}{\376\377\000C\000S\0003\0005\0000\000:\000\040\000A\000R\000C\000O\000B\000A\000L\000E\000N\000O\000\040\000C\000A\000S\000T\000R\000O\000V\000I\000L\000L\000A\000R\000I}{}% 1004
\BOOKMARK [1][]{section.1005}{\376\377\000C\000S\0003\0005\0002\000:\000\040\000S\000M\000S\000\040\000A\000T\000L\000E\000T\000I\000C\000A\000\040\000M\000E\000N\000D\000I\000C\000I\000N\000O}{}% 1005
\BOOKMARK [1][]{section.1006}{\376\377\000C\000S\0003\0005\0004\000:\000\040\000N\000U\000O\000V\000A\000\040\000A\000R\000T\000E\000M\000I\000D\000E}{}% 1006
\BOOKMARK [1][]{section.1007}{\376\377\000C\000S\0003\0005\0005\000:\000\040\000T\000O\000D\000A\000R\000O\000\040\000R\000E\000N\000D\000E}{}% 1007
\BOOKMARK [1][]{section.1008}{\376\377\000C\000S\0003\0005\0006\000:\000\040\000A\000T\000L\000E\000T\000I\000C\000A\000\040\000R\000E\000N\000D\000E\000S\000E}{}% 1008
\BOOKMARK [1][]{section.1009}{\376\377\000C\000S\0003\0005\0008\000:\000\040\000C\000U\000S\000\040\000C\000O\000S\000E\000N\000Z\000A}{}% 1009
\BOOKMARK [1][]{section.1010}{\376\377\000C\000S\0003\0006\0001\000:\000\040\000C\000O\000S\000E\000N\000Z\000A\000\040\000K\0004\0002}{}% 1010
\BOOKMARK [1][]{section.1011}{\376\377\000C\000S\0003\0006\0002\000:\000\040\000A\000S\000D\000\040\000N\000U\000O\000V\000A\000\040\000A\000T\000L\000E\000T\000I\000C\000A\000\040\000C\000A\000L\000A\000B\000R\000I\000A}{}% 1011
\BOOKMARK [1][]{section.1012}{\376\377\000C\000S\0003\0006\0004\000:\000\040\000A\000S\000D\000\040\000T\000I\000G\000E\000R\000\040\000R\000U\000N\000N\000I\000N\000G\000\040\000C\000L\000U\000B}{}% 1012
\BOOKMARK [1][]{section.1013}{\376\377\000C\000S\0003\0008\0000\000:\000\040\000P\000O\000L\000.\000\040\000M\000A\000G\000N\000A\000\040\000G\000R\000A\000E\000C\000I\000A\000\040\000A\000S\000D\000\040\000C\000A\000S\000S\000A\000N\000O}{}% 1013
\BOOKMARK [1][]{section.1014}{\376\377\000C\000S\0003\0008\0003\000:\000\040\000A\000.\000S\000.\000D\000.\000\040\000A\000T\000L\000E\000T\000I\000C\000A\000\040\000C\000O\000L\000I\000B\000R\000I\000'}{}% 1014
\BOOKMARK [1][]{section.1015}{\376\377\000C\000S\0003\0008\0004\000:\000\040\000P\000O\000L\000I\000S\000P\000O\000R\000T\000I\000V\000A\000\040\000P\000A\000N\000A\000T\000H\000L\000O\000N}{}% 1015
\BOOKMARK [1][]{section.1016}{\376\377\000C\000S\0003\0008\0005\000:\000\040\000A\000.\000S\000.\000D\000.\000\040\000J\000U\000R\000E\000\040\000S\000P\000O\000R\000T}{}% 1016
\BOOKMARK [1][]{section.1017}{\376\377\000C\000S\0003\0008\0006\000:\000\040\000A\000S\000D\000\040\000C\000O\000R\000R\000I\000C\000V\000-\000G\000U\000G\000L\000I\000E\000L\000M\000O\000\040\000A\000T\000L\000E\000T\000I\000C\000A}{}% 1017
\BOOKMARK [1][]{section.1018}{\376\377\000C\000S\0003\0009\0000\000:\000\040\000A\000S\000D\000\040\000D\000O\000J\000O\000\040\000J\000U\000D\000O\000\040\000R\000U\000N\000N\000I\000N\000G}{}% 1018
\BOOKMARK [1][]{section.1019}{\376\377\000C\000S\0004\0000\0006\000:\000\040\000A\000S\000D\000\040\000N\000E\000W\000\040\000T\000E\000A\000M}{}% 1019
\BOOKMARK [1][]{section.1020}{\376\377\000C\000S\0004\0000\0007\000:\000\040\000A\000S\000D\000\040\000R\000U\000N\000N\000I\000N\000G\000\040\000S\000C\000H\000O\000O\000L\000\040\000C\000E\000T\000R\000A\000R\000O}{}% 1020
\BOOKMARK [1][]{section.1021}{\376\377\000C\000S\0004\0001\0001\000:\000\040\000A\000T\000L\000E\000T\000I\000C\000A\000\040\000A\000R\000G\000E\000N\000T\000A\000N\000U\000M\000\040\000A\000.\000S\000.\000D\000.}{}% 1021
\BOOKMARK [1][]{section.1022}{\376\377\000C\000S\0004\0001\0006\000:\000\040\000A\000S\000D\000\040\000C\000A\000L\000A\000B\000R\000I\000A\000\040\000Y\000O\000U\000N\000G}{}% 1022
\BOOKMARK [1][]{section.1023}{\376\377\000C\000S\0004\0001\0007\000:\000\040\000P\000O\000L\000I\000S\000P\000.\000\040\000D\000I\000L\000E\000T\000T\000.\000\040\000P\000A\000R\000A\000L\000L\000E\000L\000O\000\040\0003\0009}{}% 1023
\BOOKMARK [1][]{section.1024}{\376\377\000C\000S\0004\0001\0009\000:\000\040\000K\000O\000S\000\040\000R\000U\000N\000N\000I\000N\000G\000\040\000A\000.\000S\000.\000D\000.}{}% 1024
\BOOKMARK [1][]{section.1025}{\376\377\000C\000S\0004\0002\0002\000:\000\040\000A\000T\000H\000L\000O\000S\000\040\000M\000I\000R\000T\000O\000\040\000C\000R\000O\000S\000I\000A}{}% 1025
\BOOKMARK [1][]{section.1026}{\376\377\000C\000S\0004\0002\0003\000:\000\040\000R\000U\000N\000N\000E\000R\000S\000\040\000C\000O\000S\000E\000N\000Z\000A}{}% 1026
\BOOKMARK [1][]{section.1027}{\376\377\000C\000T\0000\0006\0007\000:\000\040\000A\000.\000S\000.\000D\000.\000\040\000C\000.\000U\000.\000S\000.\000\040\000C\000A\000T\000A\000N\000I\000A}{}% 1027
\BOOKMARK [1][]{section.1028}{\376\377\000C\000T\0000\0007\0001\000:\000\040\000A\000.\000S\000.\000D\000.\000\040\000M\000O\000N\000T\000I\000\040\000R\000O\000S\000S\000I\000\040\000N\000I\000C\000O\000L\000O\000S\000I}{}% 1028
\BOOKMARK [1][]{section.1029}{\376\377\000C\000T\0000\0007\0002\000:\000\040\000A\000.\000S\000.\000\040\000D\000I\000L\000.\000\040\000U\000.\000S\000.\000M\000O\000N\000G\000I\000B\000E\000L\000L\000O}{}% 1029
\BOOKMARK [1][]{section.1030}{\376\377\000C\000T\0000\0007\0003\000:\000\040\000A\000.\000S\000.\000D\000.\000\040\000P\000O\000L\000.\000\040\000L\000I\000B\000E\000R\000T\000A\000S\000\040\000C\000A\000T\000A\000N\000I\000A}{}% 1030
\BOOKMARK [1][]{section.1031}{\376\377\000C\000T\0000\0007\0005\000:\000\040\000S\000P\000O\000R\000T\000\040\000C\000L\000U\000B\000\040\000C\000A\000T\000A\000N\000I\000A\000\040\000A\000.\000S\000.\000D\000.}{}% 1031
\BOOKMARK [1][]{section.1032}{\376\377\000C\000T\0000\0007\0007\000:\000\040\000A\000.\000S\000.\000D\000.\000\040\000P\000O\000L\000.\000L\000I\000B\000.\000M\000I\000L\000I\000T\000E\000L\000L\000O}{}% 1032
\BOOKMARK [1][]{section.1033}{\376\377\000C\000T\0000\0007\0008\000:\000\040\000A\000.\000S\000.\000\040\000D\000I\000L\000.\000\040\000C\000E\000N\000T\000R\000O\000\040\000O\000L\000I\000M\000P\000I\000A\000\040\000C\000T}{}% 1033
\BOOKMARK [1][]{section.1034}{\376\377\000C\000T\0000\0009\0002\000:\000\040\000A\000.\000S\000.\000D\000.\000\040\000P\000O\000D\000I\000S\000T\000I\000C\000A\000\040\000J\000O\000N\000I\000A\000\040\000G\000I\000A\000R\000R\000E}{}% 1034
\BOOKMARK [1][]{section.1035}{\376\377\000C\000T\0001\0000\0001\000:\000\040\000A\000.\000S\000.\000\040\000D\000I\000L\000.\000\040\000C\000A\000T\000A\000N\000I\000A\000\040\0002\0000\0000\0000}{}% 1035
\BOOKMARK [1][]{section.1036}{\376\377\000C\000T\0001\0004\0005\000:\000\040\000A\000.\000S\000.\000D\000.\000\040\000A\000T\000L\000.\000A\000C\000I\000R\000E\000A\000L\000E\000\040\000S\000P\000O\000R\000T\000\040\000C\000L\000U\000B}{}% 1036
\BOOKMARK [1][]{section.1037}{\376\377\000C\000T\0001\0006\0006\000:\000\040\000A\000.\000S\000.\000D\000.\000\040\000R\000U\000N\000N\000E\000R\000\040\000T\000E\000A\000M\000\040\000M\000A\000S\000C\000A\000L\000U\000C\000I\000A}{}% 1037
\BOOKMARK [1][]{section.1038}{\376\377\000C\000T\0002\0000\0003\000:\000\040\000A\000.\000S\000.\000D\000.\000\040\000A\000T\000L\000E\000T\000I\000C\000A\000\040\000P\000E\000D\000A\000R\000A}{}% 1038
\BOOKMARK [1][]{section.1039}{\376\377\000C\000T\0002\0001\0000\000:\000\040\000A\000.\000S\000.\000\040\000D\000I\000L\000E\000T\000T\000.\000\040\000G\000E\000N\000E\000S\000I\000S}{}% 1039
\BOOKMARK [1][]{section.1040}{\376\377\000C\000T\0002\0001\0001\000:\000\040\000A\000T\000L\000E\000T\000I\000C\000A\000\040\000A\000C\000I\000C\000A\000S\000T\000E\000L\000L\000O}{}% 1040
\BOOKMARK [1][]{section.1041}{\376\377\000C\000T\0002\0001\0003\000:\000\040\000A\000.\000S\000.\000D\000.\000\040\000A\000T\000L\000E\000T\000I\000C\000A\000\040\0002\0000\0000\0001\000\040\000S\000.\000P\000.\000\040\000C\000L\000A\000R}{}% 1041
\BOOKMARK [1][]{section.1042}{\376\377\000C\000T\0002\0001\0008\000:\000\040\000A\000E\000T\000N\000A\000\040\000M\000A\000S\000C\000A\000L\000U\000C\000I\000A\000\040\000A\000.\000S\000.\000D\000.}{}% 1042
\BOOKMARK [1][]{section.1043}{\376\377\000C\000T\0002\0002\0001\000:\000\040\000S\000P\000O\000R\000T\000\040\000L\000I\000F\000E}{}% 1043
\BOOKMARK [1][]{section.1044}{\376\377\000C\000T\0002\0003\0006\000:\000\040\000A\000.\000S\000.\000\040\000D\000I\000L\000.\000\040\000P\000U\000N\000T\000E\000S\000A\000T\000H\000L\000E\000T\000I\000C}{}% 1044
\BOOKMARK [1][]{section.1045}{\376\377\000C\000T\0002\0003\0007\000:\000\040\000A\000.\000S\000.\000\040\000D\000I\000L\000.\000\040\000P\000U\000N\000T\000E\000S\000E\000\040\000S\000.\000G\000\040\000L\000A\000\040\000P\000U\000N\000T\000A}{}% 1045
\BOOKMARK [1][]{section.1046}{\376\377\000C\000T\0002\0004\0000\000:\000\040\000A\000.\000S\000.\000D\000.\000\040\000U\000.\000I\000.\000S\000.\000P\000.\000\040\000I\000N\000V\000I\000C\000T\000A}{}% 1046
\BOOKMARK [1][]{section.1047}{\376\377\000C\000T\0002\0004\0006\000:\000\040\000A\000S\000D\000\040\000P\000O\000L\000.\000M\000A\000R\000A\000T\000H\000O\000N\000\040\000C\000.\000B\000I\000A\000N\000C\000A\000V\000I\000L\000L\000A}{}% 1047
\BOOKMARK [1][]{section.1048}{\376\377\000C\000T\0002\0005\0005\000:\000\040\000A\000.\000S\000.\000D\000.\000\040\000S\000P\000R\000I\000N\000T\000E\000A\000M}{}% 1048
\BOOKMARK [1][]{section.1049}{\376\377\000C\000T\0002\0006\0002\000:\000\040\000A\000.\000S\000.\000D\000.\000\040\000C\000.\000A\000.\000S\000.\000\040\000P\000I\000E\000T\000R\000O\000\040\000C\000L\000A\000R\000E\000N\000Z\000A}{}% 1049
\BOOKMARK [1][]{section.1050}{\376\377\000C\000T\0002\0009\0003\000:\000\040\000A\000S\000D\000\040\000A\000T\000H\000E\000N\000A\000\040\000C\000A\000T\000A\000N\000I\000A}{}% 1050
\BOOKMARK [1][]{section.1051}{\376\377\000C\000T\0003\0001\0008\000:\000\040\000F\000R\000E\000E\000L\000A\000N\000C\000E\000\040\000A\000T\000H\000L\000E\000T\000I\000C\000S\000\040\000P\000A\000E\000S\000I\000\040\000E\000T\000N\000E}{}% 1051
\BOOKMARK [1][]{section.1052}{\376\377\000C\000T\0003\0002\0001\000:\000\040\000A\000.\000S\000.\000D\000.\000\040\000T\000O\000P\000\040\000S\000P\000O\000R\000T}{}% 1052
\BOOKMARK [1][]{section.1053}{\376\377\000C\000T\0003\0002\0004\000:\000\040\000A\000.\000S\000.\000D\000.\000\040\000G\000I\000O\000A\000D\000V\000E\000N\000T\000U\000R\000E\000S\000\040\000G\000.\000A\000.\000M\000.\000E\000.}{}% 1053
\BOOKMARK [1][]{section.1054}{\376\377\000C\000T\0003\0002\0007\000:\000\040\000A\000E\000T\000N\000A\000\040\000S\000P\000R\000I\000N\000T\000\040\000G\000I\000A\000R\000R\000E}{}% 1054
\BOOKMARK [1][]{section.1055}{\376\377\000C\000T\0003\0006\0001\000:\000\040\000A\000.\000S\000.\000D\000.\000\040\000S\000C\000U\000O\000L\000A\000\040\000D\000I\000\040\000A\000.\000L\000.\000\040\000C\000A\000T\000A\000N\000I\000A}{}% 1055
\BOOKMARK [1][]{section.1056}{\376\377\000C\000T\0003\0008\0009\000:\000\040\000S\000P\000O\000R\000T\000\040\000E\000T\000N\000A\000\040\000O\000U\000T\000D\000O\000O\000R}{}% 1056
\BOOKMARK [1][]{section.1057}{\376\377\000C\000T\0004\0000\0005\000:\000\040\000A\000S\000D\000\040\000F\000R\000E\000E\000L\000A\000N\000C\000E\000\040\000A\000Z}{}% 1057
\BOOKMARK [1][]{section.1058}{\376\377\000C\000T\0004\0002\0005\000:\000\040\000A\000.\000S\000.\000\040\000D\000I\000L\000.\000\040\000L\000E\000\040\000G\000A\000Z\000Z\000E\000L\000L\000E}{}% 1058
\BOOKMARK [1][]{section.1059}{\376\377\000C\000T\0004\0002\0006\000:\000\040\000A\000.\000S\000.\000\040\000D\000I\000L\000.\000\040\000A\000T\000L\000.\000M\000I\000S\000T\000E\000R\000B\000I\000A\000N\000C\000O}{}% 1059
\BOOKMARK [1][]{section.1060}{\376\377\000C\000T\0004\0002\0007\000:\000\040\000A\000.\000S\000.\000D\000.\000\040\000A\000T\000L\000E\000T\000I\000C\000A\000\040\000S\000A\000N\000T\000'\000A\000N\000A\000S\000T\000A\000S\000I\000A}{}% 1060
\BOOKMARK [1][]{section.1061}{\376\377\000C\000T\0004\0003\0001\000:\000\040\000A\000.\000S\000.\000D\000.\000\040\000A\000T\000H\000L\000.\000\040\000C\000.\000F\000U\000T\000U\000R\000A\000\040\000P\000A\000T\000E\000R\000N\000O\000'}{}% 1061
\BOOKMARK [1][]{section.1062}{\376\377\000C\000T\0004\0003\0003\000:\000\040\000A\000S\000D\000\040\000A\000T\000L\000.\000S\000C\000O\000R\000D\000I\000A}{}% 1062
\BOOKMARK [1][]{section.1063}{\376\377\000C\000T\0004\0004\0008\000:\000\040\000A\000.\000S\000.\000D\000.\000\040\000O\000L\000I\000M\000P\000I\000A\000\040\000B\000I\000A\000N\000C\000A\000V\000I\000L\000L\000A}{}% 1063
\BOOKMARK [1][]{section.1064}{\376\377\000C\000T\0004\0006\0005\000:\000\040\000A\000S\000D\000\040\000N\000I\000S\000S\000O\000L\000I\000N\000O\000\040\000A\000T\000L\000.\000M\000I\000S\000T\000E\000R\000B\000I\000A\000N\000C\000O}{}% 1064
\BOOKMARK [1][]{section.1065}{\376\377\000C\000T\0004\0007\0008\000:\000\040\000A\000.\000S\000.\000D\000.\000\040\000S\000P\000O\000R\000T\000\040\000E\000X\000T\000R\000E\000M\000E\000\040\000C\000A\000T\000A\000N\000I\000A}{}% 1065
\BOOKMARK [1][]{section.1066}{\376\377\000C\000T\0004\0007\0009\000:\000\040\000A\000.\000S\000.\000D\000.\000\040\000A\000T\000L\000.\000C\000A\000L\000T\000A\000G\000I\000R\000O\000N\000E}{}% 1066
\BOOKMARK [1][]{section.1067}{\376\377\000C\000T\0005\0000\0001\000:\000\040\000A\000.\000S\000.\000D\000.\000\040\000U\000N\000V\000S\000\040\000F\000.\000\040\000F\000O\000N\000T\000A\000N\000A\000R\000O\000S\000A}{}% 1067
\BOOKMARK [1][]{section.1068}{\376\377\000C\000T\0005\0000\0009\000:\000\040\000A\000.\000S\000.\000D\000.\000\040\000M\000A\000K\000E\000\040\000F\000E\000E\000L}{}% 1068
\BOOKMARK [1][]{section.1069}{\376\377\000C\000T\0005\0001\0005\000:\000\040\000A\000.\000S\000.\000\040\000D\000I\000L\000.\000\040\000A\000T\000L\000.\000\040\000L\000I\000N\000G\000U\000A\000G\000L\000O\000S\000S\000A}{}% 1069
\BOOKMARK [1][]{section.1070}{\376\377\000C\000T\0005\0003\0009\000:\000\040\000A\000.\000S\000.\000D\000.\000\040\000P\000O\000L\000.\000\040\000T\000R\000E\000M\000E\000S\000T\000I\000E\000R\000I\000\040\000E\000T\000N\000E\000O}{}% 1070
\BOOKMARK [1][]{section.1071}{\376\377\000C\000T\0005\0005\0000\000:\000\040\000A\000S\000D\000\040\000A\000T\000L\000E\000T\000I\000C\000A\000\040\000F\000O\000R\000T\000I\000T\000U\000D\000O\000\040\000C\000A\000T\000A\000N\000I\000A}{}% 1071
\BOOKMARK [1][]{section.1072}{\376\377\000C\000T\0005\0006\0007\000:\000\040\000A\000.\000S\000.\000D\000.\000\040\000P\000O\000L\000.\000\040\000F\000I\000A\000M\000M\000A\000\040\000S\000.\000G\000R\000E\000G\000O\000R\000I\000O}{}% 1072
\BOOKMARK [1][]{section.1073}{\376\377\000C\000T\0005\0007\0006\000:\000\040\000E\000T\000N\000A\000\040\000R\000U\000N\000N\000I\000N\000G\000\040\000A\000S\000D}{}% 1073
\BOOKMARK [1][]{section.1074}{\376\377\000C\000T\0005\0009\0006\000:\000\040\000A\000.\000S\000.\000D\000.\000\040\000P\000O\000L\000I\000S\000P\000O\000R\000T\000I\000V\000A\000\040\000G\000I\000U\000V\000A\000\040\000T\000E\000A\000M}{}% 1074
\BOOKMARK [1][]{section.1075}{\376\377\000C\000T\0005\0009\0008\000:\000\040\000A\000S\000D\000\040\000C\000A\000T\000A\000N\000I\000A\000\040\000R\000U\000N\000N\000I\000N\000G\000\040\000C\000L\000U\000B}{}% 1075
\BOOKMARK [1][]{section.1076}{\376\377\000C\000T\0006\0005\0007\000:\000\040\000A\000S\000D\000\040\000L\000E\000\040\000F\000R\000E\000C\000C\000E\000\040\000D\000E\000L\000L\000'\000E\000T\000N\000A}{}% 1076
\BOOKMARK [1][]{section.1077}{\376\377\000C\000T\0006\0006\0000\000:\000\040\000A\000S\000D\000\040\000R\000A\000N\000D\000A\000B\000I\000K\000E}{}% 1077
\BOOKMARK [1][]{section.1078}{\376\377\000C\000T\0006\0007\0005\000:\000\040\000A\000S\000D\000\040\000G\000O\000A\000L\000\040\000A\000N\000D\000\040\000B\000R\000A\000I\000N}{}% 1078
\BOOKMARK [1][]{section.1079}{\376\377\000C\000T\0006\0008\0004\000:\000\040\000T\000R\000E\000C\000A\000S\000T\000A\000G\000N\000I\000\040\000S\000P\000O\000R\000T\000\040\000S\000T\000A\000R\000T\000\040\000U\000P}{}% 1079
\BOOKMARK [1][]{section.1080}{\376\377\000C\000T\0006\0008\0009\000:\000\040\000A\000.\000S\000.\000D\000.\000\040\000A\000T\000L\000E\000T\000I\000C\000A\000\040\000S\000I\000C\000I\000L\000I\000A}{}% 1080
\BOOKMARK [1][]{section.1081}{\376\377\000C\000T\0007\0003\0004\000:\000\040\000A\000S\000D\000\040\000A\000L\000T\000I\000S\000\040\000A\000T\000H\000L\000E\000T\000I\000C\000S}{}% 1081
\BOOKMARK [1][]{section.1082}{\376\377\000C\000T\0007\0003\0007\000:\000\040\000A\000.\000S\000.\000D\000.\000A\000T\000H\000L\000E\000T\000I\000C\000S\000\040\000\046\000\040\000R\000U\000N\000\040\000C\000A\000T\000A\000N\000I\000A}{}% 1082
\BOOKMARK [1][]{section.1083}{\376\377\000C\000T\0007\0005\0003\000:\000\040\000A\000.\000S\000.\000D\000.\000\040\000A\000G\000A\000T\000L\000E\000T\000I\000C\000A\000\040\000F\000O\000R\000T\000I\000T\000U\000D\000O\000\040\000C\000T}{}% 1083
\BOOKMARK [1][]{section.1084}{\376\377\000C\000T\0007\0005\0005\000:\000\040\000L\000E\000O\000N\000A\000R\000D\000O\000\040\000D\000A\000\040\000V\000I\000N\000C\000I\000\040\0001\0009\0003\0005}{}% 1084
\BOOKMARK [1][]{section.1085}{\376\377\000C\000T\0007\0005\0008\000:\000\040\000A\000S\000D\000\040\000L\000E\000O\000N\000A\000R\000D\000O\000\040\000D\000A\000\040\000V\000I\000N\000C\000I\000\040\0002\0000\0001\0009}{}% 1085
\BOOKMARK [1][]{section.1086}{\376\377\000C\000T\0007\0006\0001\000:\000\040\000A\000S\000D\000\040\000C\000O\000R\000R\000E\000N\000D\000O\000\040\000P\000E\000R\000\040\000A\000C\000I\000\040\000-\000A\000C\000I\000R\000E\000A\000L\000E}{}% 1086
\BOOKMARK [1][]{section.1087}{\376\377\000C\000T\0007\0006\0002\000:\000\040\000A\000S\000D\000\040\000S\000A\000N\000\040\000P\000I\000E\000T\000R\000O\000\040\000C\000L\000A\000R\000E\000N\000Z\000A}{}% 1087
\BOOKMARK [1][]{section.1088}{\376\377\000C\000T\0007\0006\0003\000:\000\040\000E\000S\000E\000R\000C\000I\000T\000O\000\040\0006\0002\000\302\000\260\000\040\000R\000E\000G\000G\000I\000M\000E\000N\000T\000O\000\040\000F\000A\000N\000T\000E}{}% 1088
\BOOKMARK [1][]{section.1089}{\376\377\000C\000T\0007\0006\0005\000:\000\040\000A\000T\000L\000E\000T\000I\000C\000A\000\040\000V\000I\000R\000T\000U\000S\000\040\000A\000C\000I\000R\000E\000A\000L\000E}{}% 1089
\BOOKMARK [1][]{section.1090}{\376\377\000C\000T\0007\0007\0006\000:\000\040\000E\000T\000N\000A\000T\000L\000E\000T\000I\000C\000A\000\040\000S\000A\000N\000\040\000P\000I\000E\000T\000R\000O\000\040\000C\000L\000A\000R\000E\000N\000Z}{}% 1090
\BOOKMARK [1][]{section.1091}{\376\377\000C\000T\0007\0007\0009\000:\000\040\000A\000T\000L\000E\000T\000I\000C\000A\000\040\000M\000I\000S\000T\000E\000R\000B\000I\000A\000N\000C\000O\000\040\000S\000P\000O\000R\000T\000\040\000C\000L}{}% 1091
\BOOKMARK [1][]{section.1092}{\376\377\000C\000T\0007\0008\0003\000:\000\040\000M\000A\000G\000M\000A\000\040\000T\000E\000A\000M\000\040\000A\000S\000D}{}% 1092
\BOOKMARK [1][]{section.1093}{\376\377\000C\000Z\0000\0000\0009\000:\000\040\000L\000I\000B\000E\000R\000T\000A\000S\000\040\000A\000T\000L\000.\000L\000A\000M\000E\000Z\000I\000A}{}% 1093
\BOOKMARK [1][]{section.1094}{\376\377\000C\000Z\0000\0001\0000\000:\000\040\000A\000S\000D\000\040\000F\000I\000A\000M\000M\000A\000\040\000A\000T\000L\000.\000C\000A\000T\000A\000N\000Z\000A\000R\000O}{}% 1094
\BOOKMARK [1][]{section.1095}{\376\377\000C\000Z\0000\0001\0002\000:\000\040\000C\000.\000S\000.\000\040\000G\000I\000O\000V\000A\000N\000I\000L\000E\000\040\000C\000Z\000\040\000L\000I\000D\000O}{}% 1095
\BOOKMARK [1][]{section.1096}{\376\377\000C\000Z\0000\0001\0008\000:\000\040\000C\000L\000U\000B\000\040\000A\000T\000L\000.\000F\000E\000M\000M\000.\000F\000I\000A\000M\000M\000A\000\040\000C\000Z}{}% 1096
\BOOKMARK [1][]{section.1097}{\376\377\000C\000Z\0000\0005\0002\000:\000\040\000A\000T\000L\000E\000T\000I\000C\000A\000\040\000Z\000A\000R\000A\000P\000O\000T\000I}{}% 1097
\BOOKMARK [1][]{section.1098}{\376\377\000C\000Z\0001\0008\0007\000:\000\040\000P\000O\000L\000.\000G\000I\000N\000N\000A\000S\000T\000I\000C\000A\000\040\000P\000O\000D\000I\000S\000T\000I\000C\000A\000\040\000C\000O\000R\000V\000O}{}% 1098
\BOOKMARK [1][]{section.1099}{\376\377\000C\000Z\0002\0002\0001\000:\000\040\000H\000O\000B\000B\000Y\000\040\000M\000A\000R\000A\000T\000H\000O\000N\000\040\000C\000A\000T\000A\000N\000Z\000A\000R\000O}{}% 1099
\BOOKMARK [1][]{section.1100}{\376\377\000C\000Z\0002\0003\0004\000:\000\040\000V\000I\000O\000L\000E\000T\000T\000A\000C\000L\000U\000B}{}% 1100
\BOOKMARK [1][]{section.1101}{\376\377\000C\000Z\0002\0004\0005\000:\000\040\000A\000T\000L\000E\000T\000I\000C\000A\000\040\000A\000M\000I\000C\000A}{}% 1101
\BOOKMARK [1][]{section.1102}{\376\377\000C\000Z\0002\0006\0003\000:\000\040\000A\000T\000L\000.\000L\000E\000G\000G\000.\000C\000R\000I\000S\000A\000L\000\040\000S\000O\000V\000E\000R\000A\000T\000O}{}% 1102
\BOOKMARK [1][]{section.1103}{\376\377\000C\000Z\0002\0009\0006\000:\000\040\000A\000T\000L\000.\000G\000I\000O\000V\000A\000N\000I\000L\000E\000\040\000F\000I\000A\000M\000M\000A\000\040\000G\000A\000G\000L\000I\000A\000N\000O}{}% 1103
\BOOKMARK [1][]{section.1104}{\376\377\000C\000Z\0002\0009\0007\000:\000\040\000N\000.\000A\000T\000L\000.\000F\000E\000M\000M\000.\000F\000I\000A\000M\000M\000A\000\040\000S\000.\000A\000N\000T\000O\000N\000I\000O}{}% 1104
\BOOKMARK [1][]{section.1105}{\376\377\000C\000Z\0003\0001\0000\000:\000\040\000A\000T\000H\000L\000E\000T\000I\000C\000L\000U\000B\000\040\000R\000A\000F\000F\000A\000E\000L\000E\000\040\000L\000A\000M\000E\000Z\000I\000A}{}% 1105
\BOOKMARK [1][]{section.1106}{\376\377\000C\000Z\0003\0001\0008\000:\000\040\000V\000I\000G\000I\000L\000I\000\040\000D\000E\000L\000\040\000F\000U\000O\000C\000O}{}% 1106
\BOOKMARK [1][]{section.1107}{\376\377\000C\000Z\0003\0002\0007\000:\000\040\000C\000R\000I\000S\000A\000L\000\040\000S\000Q\000U\000I\000L\000L\000A\000C\000E}{}% 1107
\BOOKMARK [1][]{section.1108}{\376\377\000C\000Z\0003\0007\0001\000:\000\040\000S\000C\000A\000L\000\040\000S\000C\000U\000O\000L\000A\000\040\000C\000A\000T\000A\000N\000Z\000A\000R\000E\000S\000E\000\040\000D\000I\000\040\000A\000T\000L}{}% 1108
\BOOKMARK [1][]{section.1109}{\376\377\000C\000Z\0004\0000\0004\000:\000\040\000A\000S\000D\000\040\000N\000I\000K\000\040\000R\000U\000N\000\040\000F\000O\000R\000\040\000N\000I\000C\000H\000O\000L\000A\000S\000\040\000G\000R\000E\000E\000N}{}% 1109
\BOOKMARK [1][]{section.1110}{\376\377\000C\000Z\0004\0000\0005\000:\000\040\000R\000U\000N\000\040\000F\000O\000R\000\040\000C\000A\000T\000A\000N\000Z\000A\000R\000O}{}% 1110
\BOOKMARK [1][]{section.1111}{\376\377\000C\000Z\0004\0001\0008\000:\000\040\000A\000S\000D\000\040\000P\000O\000L\000I\000P\000O\000R\000T\000O\000\040\000S\000O\000V\000E\000R\000A\000T\000O}{}% 1111
\BOOKMARK [1][]{section.1112}{\376\377\000C\000Z\0004\0002\0004\000:\000\040\000A\000S\000D\000\040\000F\000U\000T\000U\000R\000A\000\040\000A\000T\000L\000E\000T\000I\000C\000A\000\040\000L\000A\000M\000E\000Z\000I\000A}{}% 1112
\BOOKMARK [1][]{section.1113}{\376\377\000C\000Z\0004\0002\0006\000:\000\040\000T\000E\000A\000M\000\040\000A\000B\000R\000U\000Z\000Z\000E\000S\000E}{}% 1113
\BOOKMARK [1][]{section.1114}{\376\377\000E\000N\0000\0008\0009\000:\000\040\000A\000S\000D\000\040\000A\000T\000L\000.\000\040\000B\000E\000L\000L\000I\000A\000\040\000P\000.\000Z\000Z\000A\000\040\000A\000R\000M\000E\000R\000I\000N\000A}{}% 1114
\BOOKMARK [1][]{section.1115}{\376\377\000E\000N\0000\0009\0005\000:\000\040\000A\000.\000S\000.\000D\000.\000\040\000P\000R\000O\000\040\000S\000P\000O\000R\000T\000\040\0008\0005\000\040\000V\000A\000L\000G\000U\000A\000R\000N\000.}{}% 1115
\BOOKMARK [1][]{section.1116}{\376\377\000E\000N\0000\0009\0008\000:\000\040\000A\000.\000S\000.\000D\000.\000\040\000L\000I\000B\000E\000R\000T\000A\000S\000\040\000E\000R\000E\000A}{}% 1116
\BOOKMARK [1][]{section.1117}{\376\377\000E\000N\0003\0008\0003\000:\000\040\000A\000.\000S\000.\000D\000.\000\040\000A\000T\000L\000.\000A\000M\000A\000T\000O\000R\000I\000\040\000R\000E\000G\000A\000L\000B\000U\000T\000O}{}% 1117
\BOOKMARK [1][]{section.1118}{\376\377\000E\000N\0004\0004\0005\000:\000\040\000A\000.\000S\000.\000\040\000D\000I\000L\000.\000\040\000T\000A\000L\000I\000N\000\040\000C\000L\000U\000B\000\040\000N\000I\000C\000O\000S\000I\000A}{}% 1118
\BOOKMARK [1][]{section.1119}{\376\377\000E\000N\0004\0005\0000\000:\000\040\000A\000.\000P\000O\000L\000.\000\040\000D\000.\000\040\000M\000A\000R\000A\000T\000H\000O\000N\000\040\000C\000L\000U\000B\000\040\000H\000A\000E\000N\000N\000A}{}% 1119
\BOOKMARK [1][]{section.1120}{\376\377\000E\000N\0005\0000\0008\000:\000\040\000A\000S\000D\000\040\000C\000I\000T\000T\000A\000'\000\040\000D\000I\000\040\000B\000A\000R\000R\000A\000F\000R\000A\000N\000C\000A}{}% 1120
\BOOKMARK [1][]{section.1121}{\376\377\000E\000N\0005\0000\0009\000:\000\040\000P\000O\000L\000.\000D\000I\000L\000E\000T\000T\000.\000\040\000A\000M\000A\000T\000O\000R\000I\000\040\000A\000S\000S\000O\000R\000O}{}% 1121
\BOOKMARK [1][]{section.1122}{\376\377\000E\000N\0005\0003\0000\000:\000\040\000A\000T\000L\000E\000T\000I\000C\000A\000\040\000E\000N\000N\000A}{}% 1122
\BOOKMARK [1][]{section.1123}{\376\377\000E\000N\0005\0003\0002\000:\000\040\000A\000.\000S\000.\000D\000.\000\040\000B\000A\000R\000R\000A\000F\000R\000A\000N\000C\000A\000\040\000R\000U\000N\000N\000I\000N\000G}{}% 1123
\BOOKMARK [1][]{section.1124}{\376\377\000E\000N\0005\0003\0008\000:\000\040\000A\000T\000L\000E\000T\000I\000C\000A\000\040\000L\000E\000O\000N\000I\000A\000S}{}% 1124
\BOOKMARK [1][]{section.1125}{\376\377\000F\000C\0000\0003\0008\000:\000\040\000E\000D\000E\000R\000A\000\040\000A\000T\000L\000.\000\040\000F\000O\000R\000L\000I}{}% 1125
\BOOKMARK [1][]{section.1126}{\376\377\000F\000C\0000\0004\0009\000:\000\040\000A\000T\000L\000.\000\040\000E\000N\000D\000A\000S\000\040\000C\000E\000S\000E\000N\000A}{}% 1126
\BOOKMARK [1][]{section.1127}{\376\377\000F\000C\0001\0000\0000\000:\000\040\000G\000.\000P\000.\000\040\000E\000N\000D\000A\000S\000\040\000C\000E\000S\000E\000N\000A}{}% 1127
\BOOKMARK [1][]{section.1128}{\376\377\000F\000C\0001\0000\0003\000:\000\040\000S\000.\000P\000.\000\040\000S\000E\000V\000E\000N}{}% 1128
\BOOKMARK [1][]{section.1129}{\376\377\000F\000C\0001\0008\0005\000:\000\040\000A\000S\000D\000\040\000A\000T\000L\000.\000\040\000C\000E\000S\000E\000N\000A\000T\000I\000C\000O}{}% 1129
\BOOKMARK [1][]{section.1130}{\376\377\000F\000C\0002\0001\0008\000:\000\040\000P\000O\000D\000.\000\040\000C\000A\000V\000A\000\040\000V\000E\000T\000R\000E\000R\000I\000A\000\040\000B\000O\000N\000D\000I}{}% 1130
\BOOKMARK [1][]{section.1131}{\376\377\000F\000C\0003\0003\0008\000:\000\040\000P\000O\000L\000.\000A\000T\000L\000.\000\040\000E\000N\000D\000A\000S\000\040\000C\000E\000S\000E\000N\000A\000T\000I\000C\000O}{}% 1131
\BOOKMARK [1][]{section.1132}{\376\377\000F\000C\0003\0005\0003\000:\000\040\000R\000O\000M\000A\000G\000N\000A\000\040\000R\000U\000N\000N\000I\000N\000G\000\040\0001\0009\0009\0004}{}% 1132
\BOOKMARK [1][]{section.1133}{\376\377\000F\000C\0003\0005\0005\000:\000\040\000G\000.\000P\000.\000\040\000A\000V\000I\000S\000\040\000F\000O\000R\000L\000I}{}% 1133
\BOOKMARK [1][]{section.1134}{\376\377\000F\000C\0004\0001\0007\000:\000\040\000A\000S\000D\000\040\000P\000O\000L\000.\000\040\000S\000I\000D\000E\000R\000M\000E\000C\000\040\000-\000\040\000V\000I\000T\000A\000L\000I}{}% 1134
\BOOKMARK [1][]{section.1135}{\376\377\000F\000C\0005\0003\0000\000:\000\040\000E\000A\000S\000Y\000\040\000R\000U\000N\000N\000E\000R\000\040\000A\000S\000D}{}% 1135
\BOOKMARK [1][]{section.1136}{\376\377\000F\000C\0005\0004\0002\000:\000\040\000L\000I\000B\000E\000R\000T\000A\000S\000\040\000A\000T\000L\000E\000T\000I\000C\000A\000\040\000F\000O\000R\000L\000I\000'}{}% 1136
\BOOKMARK [1][]{section.1137}{\376\377\000F\000C\0005\0004\0003\000:\000\040\000A\000S\000D\000\040\000M\000A\000R\000A\000T\000O\000N\000A\000\040\000A\000L\000Z\000H\000E\000I\000M\000E\000R}{}% 1137
\BOOKMARK [1][]{section.1138}{\376\377\000F\000C\0005\0004\0007\000:\000\040\000A\000M\000I\000C\000I\000\040\000D\000E\000L\000L\000A\000\040\000F\000A\000T\000I\000C\000A\000\040\000C\000E\000S\000E\000N\000A}{}% 1138
\BOOKMARK [1][]{section.1139}{\376\377\000F\000C\0005\0005\0000\000:\000\040\000C\000O\000R\000R\000I\000\040\000F\000O\000R\000R\000E\000S\000T\000\040\000A\000S\000S\000O\000C\000I\000A\000Z\000I\000O\000N\000E\000\040\000S\000P\000O}{}% 1139
\BOOKMARK [1][]{section.1140}{\376\377\000F\000C\0005\0005\0007\000:\000\040\000P\000O\000D\000I\000S\000T\000I\000C\000A\000\040\000S\000A\000M\000M\000A\000U\000R\000E\000S\000E}{}% 1140
\BOOKMARK [1][]{section.1141}{\376\377\000F\000C\0005\0006\0000\000:\000\040\000I\000M\000P\000O\000S\000S\000I\000B\000L\000E\0002\0002\0006\000\040\000T\000R\000I\000A\000T\000H\000L\000O\000N\000\040\000F\000O\000R\000L\000I}{}% 1141
\BOOKMARK [1][]{section.1142}{\376\377\000F\000C\0005\0008\0004\000:\000\040\000C\000E\000S\000E\000N\000A\000\040\000T\000R\000I\000A\000T\000H\000L\000O\000N\000\040\000A\000S\000D}{}% 1142
\BOOKMARK [1][]{section.1143}{\376\377\000F\000C\0005\0009\0009\000:\000\040\000A\000S\000D\000\040\000B\000E\000R\000U\000N\000N\000E\000R\000S}{}% 1143
\BOOKMARK [1][]{section.1144}{\376\377\000F\000C\0006\0002\0005\000:\000\040\000T\000E\000A\000M\000\040\000S\000E\000M\000P\000R\000E\000D\000I\000C\000O\000R\000S\000A\000\040\000A\000S\000D}{}% 1144
\BOOKMARK [1][]{section.1145}{\376\377\000F\000E\0000\0002\0005\000:\000\040\000A\000T\000L\000.\000\040\000B\000O\000N\000D\000E\000N\000O}{}% 1145
\BOOKMARK [1][]{section.1146}{\376\377\000F\000E\0000\0002\0006\000:\000\040\000C\000.\000U\000.\000S\000.\000\040\000F\000E\000R\000R\000A\000R\000A\000\040\000A\000.\000S\000.\000D\000.}{}% 1146
\BOOKMARK [1][]{section.1147}{\376\377\000F\000E\0000\0002\0008\000:\000\040\000C\000E\000N\000T\000R\000O\000\040\000A\000T\000L\000E\000T\000I\000C\000A\000\040\000C\000O\000P\000P\000A\000R\000O}{}% 1147
\BOOKMARK [1][]{section.1148}{\376\377\000F\000E\0000\0003\0001\000:\000\040\000A\000.\000S\000.\000\040\000V\000I\000R\000T\000U\000S\000\040\000C\000E\000N\000T\000O}{}% 1148
\BOOKMARK [1][]{section.1149}{\376\377\000F\000E\0003\0004\0002\000:\000\040\000A\000T\000L\000E\000T\000I\000C\000A\000\040\000C\000O\000R\000R\000I\000F\000E\000R\000R\000A\000R\000A}{}% 1149
\BOOKMARK [1][]{section.1150}{\376\377\000F\000E\0003\0007\0002\000:\000\040\000U\000N\000I\000O\000N\000E\000\040\000A\000T\000L\000.\000\040\000D\000E\000L\000L\000'\000E\000M\000I\000L\000I\000A\000\040\000R\000.}{}% 1150
\BOOKMARK [1][]{section.1151}{\376\377\000F\000E\0003\0007\0008\000:\000\040\000A\000T\000L\000E\000T\000I\000C\000A\000\040\000E\000S\000T\000E\000N\000S\000E}{}% 1151
\BOOKMARK [1][]{section.1152}{\376\377\000F\000E\0004\0004\0008\000:\000\040\000A\000T\000L\000E\000T\000I\000C\000A\000\040\000F\000E\000R\000R\000A\000R\000A}{}% 1152
\BOOKMARK [1][]{section.1153}{\376\377\000F\000E\0005\0001\0003\000:\000\040\000R\000U\000N\000N\000I\000N\000G\000\040\000C\000L\000U\000B\000\040\000C\000O\000M\000A\000C\000C\000H\000I\000O}{}% 1153
\BOOKMARK [1][]{section.1154}{\376\377\000F\000E\0005\0003\0007\000:\000\040\000P\000O\000L\000I\000S\000P\000O\000R\000T\000I\000V\000A\000\040\000C\000E\000N\000T\000E\000S\000E\000\040\000A\000S\000D}{}% 1154
\BOOKMARK [1][]{section.1155}{\376\377\000F\000E\0005\0004\0008\000:\000\040\000P\000O\000L\000.\000\040\000Q\000U\000A\000D\000R\000I\000L\000A\000T\000E\000R\000O}{}% 1155
\BOOKMARK [1][]{section.1156}{\376\377\000F\000E\0005\0009\0006\000:\000\040\000A\000.\000S\000.\000D\000.\000\040\000A\000T\000L\000E\000T\000I\000C\000A\000\040\000C\000O\000P\000P\000A\000R\000O}{}% 1156
\BOOKMARK [1][]{section.1157}{\376\377\000F\000G\0002\0000\0002\000:\000\040\000U\000.\000S\000.\000\040\000F\000O\000G\000G\000I\000A\000\040\000A\000T\000L\000.\000\040\000L\000E\000G\000G\000E\000R\000A}{}% 1157
\BOOKMARK [1][]{section.1158}{\376\377\000F\000G\0002\0001\0000\000:\000\040\000A\000S\000D\000\040\000U\000S\000\040\000F\000O\000G\000G\000I\000A\000\040\000S\000C\000U\000O\000L\000A\000\040\000N\000A\000Z\000.\000\040\000A\000S\000T\000A}{}% 1158
\BOOKMARK [1][]{section.1159}{\376\377\000F\000G\0002\0001\0002\000:\000\040\000A\000T\000L\000E\000T\000I\000C\000A\000\040\000M\000U\000R\000I\000A\000L\000D\000O}{}% 1159
\BOOKMARK [1][]{section.1160}{\376\377\000F\000G\0002\0005\0004\000:\000\040\000L\000I\000B\000.\000A\000T\000L\000.\000S\000.\000G\000I\000O\000V\000A\000N\000N\000I\000\040\000R\000O\000T\000O\000N\000D\000O}{}% 1160
\BOOKMARK [1][]{section.1161}{\376\377\000F\000G\0002\0005\0006\000:\000\040\000A\000.\000L\000.\000\040\000B\000O\000V\000I\000O}{}% 1161
\BOOKMARK [1][]{section.1162}{\376\377\000F\000G\0002\0005\0007\000:\000\040\000G\000.\000S\000.\000\040\000A\000T\000L\000.\000\040\000S\000A\000N\000\040\000F\000E\000R\000D\000I\000N\000A\000N\000D\000O}{}% 1162
\BOOKMARK [1][]{section.1163}{\376\377\000F\000G\0002\0006\0004\000:\000\040\000A\000.\000S\000.\000\040\000C\000U\000L\000T\000U\000R\000A\000L\000E\000\040\000P\000O\000D\000.\000\040\000S\000.\000\040\000S\000T\000E\000F\000A\000N\000O}{}% 1163
\BOOKMARK [1][]{section.1164}{\376\377\000F\000G\0002\0006\0005\000:\000\040\000A\000.\000D\000O\000P\000O\000L\000A\000V\000O\000R\000O\000\040\000F\000E\000R\000R\000O\000V\000I\000A\000R\000I\000O\000\040\000F\000G}{}% 1164
\BOOKMARK [1][]{section.1165}{\376\377\000F\000G\0002\0006\0008\000:\000\040\000G\000S\000\040\000A\000T\000L\000.\000\040\000S\000T\000R\000A\000C\000A\000G\000N\000A\000N\000O}{}% 1165
\BOOKMARK [1][]{section.1166}{\376\377\000F\000G\0002\0006\0009\000:\000\040\000A\000S\000S\000.\000G\000A\000R\000G\000A\000N\000O\000\040\0002\0000\0000\0000\000\040\000O\000N\000L\000U\000S\000\040\000M\000A\000N\000F\000R\000E}{}% 1166
\BOOKMARK [1][]{section.1167}{\376\377\000F\000G\0002\0007\0001\000:\000\040\000C\000U\000S\000\040\000F\000O\000G\000G\000I\000A}{}% 1167
\BOOKMARK [1][]{section.1168}{\376\377\000F\000G\0002\0007\0002\000:\000\040\000G\000L\000O\000B\000E\000\040\000R\000U\000N\000N\000E\000R\000S\000\040\000F\000O\000G\000G\000I\000A}{}% 1168
\BOOKMARK [1][]{section.1169}{\376\377\000F\000G\0002\0007\0003\000:\000\040\000P\000O\000D\000.\000\040\000L\000U\000C\000E\000R\000A}{}% 1169
\BOOKMARK [1][]{section.1170}{\376\377\000F\000G\0002\0007\0006\000:\000\040\000A\000.\000S\000.\000D\000.\000\040\000A\000T\000L\000.\000\040\000P\000A\000D\000R\000E\000\040\000P\000I\000O\000\040\000S\000.\000G\000.\000R\000.}{}% 1170
\BOOKMARK [1][]{section.1171}{\376\377\000F\000G\0002\0007\0007\000:\000\040\000P\000O\000D\000I\000S\000T\000I\000C\000A\000\040\000S\000A\000N\000N\000I\000C\000A\000N\000D\000R\000O}{}% 1171
\BOOKMARK [1][]{section.1172}{\376\377\000F\000G\0002\0007\0008\000:\000\040\000A\000.\000S\000.\000\040\000P\000E\000G\000A\000S\000O}{}% 1172
\BOOKMARK [1][]{section.1173}{\376\377\000F\000G\0002\0008\0000\000:\000\040\000I\000\040\000P\000O\000D\000I\000S\000T\000I\000\040\000D\000I\000\040\000C\000A\000P\000I\000T\000A\000N\000A\000T\000A}{}% 1173
\BOOKMARK [1][]{section.1174}{\376\377\000F\000G\0002\0008\0001\000:\000\040\000A\000.\000S\000.\000D\000.\000\040\000R\000U\000N\000\040\000\046\000\040\000F\000U\000N\000\040\000S\000A\000N\000\040\000S\000E\000V\000E\000R\000O}{}% 1174
\BOOKMARK [1][]{section.1175}{\376\377\000F\000G\0002\0008\0002\000:\000\040\000A\000.\000S\000.\000D\000.\000\040\000A\000T\000L\000E\000T\000I\000C\000A\000\040\000S\000A\000N\000\040\000S\000E\000V\000E\000R\000O}{}% 1175
\BOOKMARK [1][]{section.1176}{\376\377\000F\000G\0002\0008\0003\000:\000\040\000A\000T\000L\000.\000\040\000S\000A\000N\000\040\000N\000I\000C\000A\000N\000D\000R\000O\000\040\000G\000A\000R\000G\000A\000N\000I\000C\000O}{}% 1176
\BOOKMARK [1][]{section.1177}{\376\377\000F\000G\0002\0008\0004\000:\000\040\000M\000A\000R\000G\000H\000E\000R\000I\000T\000A\000\040\000D\000I\000\040\000S\000A\000V\000O\000I\000A\000\040\000R\000U\000N\000N\000E\000R\000S}{}% 1177
\BOOKMARK [1][]{section.1178}{\376\377\000F\000G\0002\0008\0005\000:\000\040\000A\000T\000L\000E\000T\000I\000C\000A\000\040\000T\000R\000I\000N\000I\000T\000A\000P\000O\000L\000I}{}% 1178
\BOOKMARK [1][]{section.1179}{\376\377\000F\000G\0002\0008\0007\000:\000\040\000A\000L\000\040\000B\000O\000V\000I\000O\000\040\000F\000O\000G\000G\000I\000A}{}% 1179
\BOOKMARK [1][]{section.1180}{\376\377\000F\000G\0002\0008\0008\000:\000\040\000A\000T\000L\000E\000T\000I\000C\000A\000\040\000D\000A\000U\000N\000I\000A\000\040\000F\000O\000G\000G\000I\000A}{}% 1180
\BOOKMARK [1][]{section.1181}{\376\377\000F\000G\0002\0008\0009\000:\000\040\000V\000I\000E\000S\000T\000E\000\040\000R\000U\000N\000N\000E\000R\000S}{}% 1181
\BOOKMARK [1][]{section.1182}{\376\377\000F\000G\0002\0009\0001\000:\000\040\000A\000S\000D\000\040\000R\000U\000N\000N\000I\000N\000G\000\040\000C\000L\000U\000B\000\040\000T\000O\000R\000R\000E\000M\000A\000G\000G\000I\000O\000R\000E}{}% 1182
\BOOKMARK [1][]{section.1183}{\376\377\000F\000G\0002\0009\0002\000:\000\040\000G\000R\000.\000\040\000P\000O\000D\000.\000\040\000M\000O\000N\000T\000E\000\040\000S\000A\000N\000T\000'\000A\000N\000G\000E\000L\000O}{}% 1183
\BOOKMARK [1][]{section.1184}{\376\377\000F\000G\0002\0009\0003\000:\000\040\000A\000S\000D\000\040\000V\000E\000L\000O\000C\000L\000U\000B\000\040\000C\000A\000R\000P\000I\000N\000O\000\040\000R\000U\000N\000N\000E\000R\000S}{}% 1184
\BOOKMARK [1][]{section.1185}{\376\377\000F\000G\0002\0009\0004\000:\000\040\000A\000.\000S\000.\000D\000.\000\040\000F\000O\000G\000G\000I\000A\000\040\000R\000U\000N\000N\000I\000N\000G}{}% 1185
\BOOKMARK [1][]{section.1186}{\376\377\000F\000G\0002\0009\0005\000:\000\040\000A\000S\000D\000\040\000M\000A\000N\000F\000R\000E\000D\000O\000N\000I\000A\000\040\000C\000O\000R\000R\000E}{}% 1186
\BOOKMARK [1][]{section.1187}{\376\377\000F\000G\0002\0009\0006\000:\000\040\000A\000S\000D\000\040\000A\000T\000L\000E\000T\000I\000C\000A\000\040\000S\000T\000U\000D\000E\000N\000T\000E\000S\000C\000A}{}% 1187
\BOOKMARK [1][]{section.1188}{\376\377\000F\000G\0002\0009\0008\000:\000\040\000A\000P\000R\000I\000C\000E\000N\000A\000\040\000I\000N\000\040\000C\000O\000R\000S\000A}{}% 1188
\BOOKMARK [1][]{section.1189}{\376\377\000F\000G\0002\0009\0009\000:\000\040\000A\000.\000S\000.\000D\000.\000\040\000D\000A\000U\000N\000I\000A\000\040\000R\000U\000N\000N\000I\000N\000G}{}% 1189
\BOOKMARK [1][]{section.1190}{\376\377\000F\000G\0008\0000\0000\000:\000\040\000A\000S\000D\000\040\000G\000Y\000M\000N\000A\000S\000I\000U\000M\000\040\0002\0000\0001\0000\000\040\000I\000S\000C\000H\000I\000T\000E\000L\000L\000A}{}% 1190
\BOOKMARK [1][]{section.1191}{\376\377\000F\000G\0008\0000\0001\000:\000\040\000P\000O\000D\000I\000S\000T\000I\000C\000A\000\040\000V\000I\000C\000O\000\040\000D\000E\000L\000\040\000G\000A\000R\000G\000A\000N\000O}{}% 1191
\BOOKMARK [1][]{section.1192}{\376\377\000F\000G\0008\0000\0003\000:\000\040\000A\000.\000S\000.\000D\000.\000\040\000R\000U\000N\000N\000I\000N\000G\000\040\000A\000C\000A\000D\000E\000M\000Y\000\040\000L\000U\000C\000E\000R\000A}{}% 1192
\BOOKMARK [1][]{section.1193}{\376\377\000F\000G\0008\0000\0004\000:\000\040\000R\000U\000N\000N\000E\000R\000S\000\040\000C\000E\000R\000I\000G\000N\000O\000L\000A\000\040\000A\000.\000S\000.\000D\000.}{}% 1193
\BOOKMARK [1][]{section.1194}{\376\377\000F\000G\0008\0000\0006\000:\000\040\000I\000\040\000S\000A\000R\000A\000C\000E\000N\000I\000\040\000D\000I\000\040\000L\000U\000C\000E\000R\000A}{}% 1194
\BOOKMARK [1][]{section.1195}{\376\377\000F\000G\0008\0000\0008\000:\000\040\000A\000.\000S\000.\000D\000.\000\040\000T\000R\000I\000D\000E\000N\000T\000E}{}% 1195
\BOOKMARK [1][]{section.1196}{\376\377\000F\000G\0008\0001\0001\000:\000\040\000A\000.\000S\000.\000D\000.\000\040\000A\000T\000L\000E\000T\000I\000C\000A\000\040\000A\000P\000R\000I\000C\000E\000N\000A}{}% 1196
\BOOKMARK [1][]{section.1197}{\376\377\000F\000G\0008\0001\0002\000:\000\040\000A\000.\000S\000.\000D\000.\000\040\000A\000P\000R\000I\000C\000E\000N\000A\000\040\000R\000U\000N\000N\000E\000R\000S}{}% 1197
\BOOKMARK [1][]{section.1198}{\376\377\000F\000G\0008\0001\0003\000:\000\040\000A\000S\000D\000\040\000P\000O\000L\000I\000S\000P\000O\000R\000T\000I\000V\000A\000\040\000E\000P\000P\000E\000\040\000M\000E\000R\000L\000A}{}% 1198
\BOOKMARK [1][]{section.1199}{\376\377\000F\000G\0008\0001\0006\000:\000\040\000A\000S\000D\000\040\000B\000E\000V\000I\000L\000A\000C\000Q\000U\000A\000\040\000O\000L\000Y\000M\000P\000I\000C\000S\000\040\0007\000H\000T}{}% 1199
\BOOKMARK [1][]{section.1200}{\376\377\000F\000G\0008\0001\0009\000:\000\040\000A\000S\000D\000\040\000P\000O\000L\000.\000\040\000F\000O\000G\000G\000I\000A\000\040\000U\000.\000\040\000G\000I\000O\000R\000D\000A\000N\000O}{}% 1200
\BOOKMARK [1][]{section.1201}{\376\377\000F\000G\0008\0002\0001\000:\000\040\000U\000S\000\040\000A\000T\000L\000E\000T\000I\000C\000A\000\040\000S\000\040\000G\000I\000O\000V\000A\000N\000N\000I\000\040\000R\000O\000T\000O\000N\000D\000O}{}% 1201
\BOOKMARK [1][]{section.1202}{\376\377\000F\000I\0000\0000\0001\000:\000\040\000A\000S\000S\000I\000\040\000G\000I\000G\000L\000I\000O\000\040\000R\000O\000S\000S\000O\000\040\000F\000I\000R\000E\000N\000Z\000E}{}% 1202
\BOOKMARK [1][]{section.1203}{\376\377\000F\000I\0000\0000\0002\000:\000\040\000A\000T\000L\000E\000T\000I\000C\000A\000\040\000F\000I\000R\000E\000N\000Z\000E\000\040\000M\000A\000R\000A\000T\000H\000O\000N\000\040\000S\000.\000S\000.}{}% 1203
\BOOKMARK [1][]{section.1204}{\376\377\000F\000I\0000\0000\0003\000:\000\040\000G\000.\000S\000.\000\040\000L\000E\000\040\000P\000A\000N\000C\000H\000E\000\040\000C\000A\000S\000T\000E\000L\000Q\000U\000A\000R\000T\000O}{}% 1204
\BOOKMARK [1][]{section.1205}{\376\377\000F\000I\0000\0000\0004\000:\000\040\000G\000.\000S\000.\000I\000L\000\040\000F\000I\000O\000R\000I\000N\000O}{}% 1205
\BOOKMARK [1][]{section.1206}{\376\377\000F\000I\0000\0000\0005\000:\000\040\000A\000T\000L\000.\000S\000E\000S\000T\000E\000S\000E}{}% 1206
\BOOKMARK [1][]{section.1207}{\376\377\000F\000I\0000\0000\0006\000:\000\040\000G\000S\000\040\000A\000T\000L\000.\000\040\000S\000I\000G\000N\000A}{}% 1207
\BOOKMARK [1][]{section.1208}{\376\377\000F\000I\0000\0000\0007\000:\000\040\000T\000O\000S\000C\000A\000N\000A\000\040\000A\000T\000L\000.\000E\000M\000P\000O\000L\000I\000\040\000N\000I\000S\000S\000A\000N}{}% 1208
\BOOKMARK [1][]{section.1209}{\376\377\000F\000I\0000\0000\0009\000:\000\040\000P\000R\000O\000S\000P\000O\000R\000T\000\040\000A\000T\000L\000.\000\040\000F\000I\000R\000E\000N\000Z\000E}{}% 1209
\BOOKMARK [1][]{section.1210}{\376\377\000F\000I\0000\0001\0001\000:\000\040\000A\000.\000S\000.\000N\000.\000A\000T\000L\000E\000T\000I\000C\000A\000\040\000L\000A\000S\000T\000R\000A}{}% 1210
\BOOKMARK [1][]{section.1211}{\376\377\000F\000I\0000\0001\0003\000:\000\040\000A\000T\000L\000.\000\040\000S\000E\000S\000T\000E\000S\000E\000\040\000F\000E\000M\000M\000I\000N\000I\000L\000E}{}% 1211
\BOOKMARK [1][]{section.1212}{\376\377\000F\000I\0000\0001\0008\000:\000\040\000T\000O\000S\000C\000A\000N\000A\000\040\000A\000T\000L\000E\000T\000I\000C\000A}{}% 1212
\BOOKMARK [1][]{section.1213}{\376\377\000F\000I\0000\0002\0000\000:\000\040\000A\000T\000L\000E\000T\000I\000C\000A\000\040\000F\000I\000R\000E\000N\000Z\000E}{}% 1213
\BOOKMARK [1][]{section.1214}{\376\377\000F\000I\0000\0002\0001\000:\000\040\000A\000T\000L\000.\000\040\000C\000A\000S\000T\000E\000L\000L\000O}{}% 1214
\BOOKMARK [1][]{section.1215}{\376\377\000F\000I\0000\0002\0003\000:\000\040\000A\000T\000L\000.\000\040\000F\000U\000C\000E\000C\000C\000H\000I\000O}{}% 1215
\BOOKMARK [1][]{section.1216}{\376\377\000F\000I\0000\0002\0005\000:\000\040\000A\000T\000L\000E\000T\000I\000C\000A\000\040\000C\000A\000L\000E\000N\000Z\000A\000N\000O}{}% 1216
\BOOKMARK [1][]{section.1217}{\376\377\000F\000I\0000\0002\0006\000:\000\040\000U\000I\000S\000P\000\040\000P\000R\000O\000S\000P\000O\000R\000T\000\040\000S\000C\000A\000N\000D\000I\000C\000C\000I}{}% 1217
\BOOKMARK [1][]{section.1218}{\376\377\000F\000I\0000\0002\0007\000:\000\040\000A\000T\000L\000.\000L\000E\000G\000.\000I\000M\000P\000R\000U\000N\000E\000T\000A\000\040\000E\000\040\000F\000I\000R\000E\000N\000Z\000E}{}% 1218
\BOOKMARK [1][]{section.1219}{\376\377\000F\000I\0000\0002\0009\000:\000\040\000A\000T\000L\000E\000T\000I\000C\000A\000\040\000C\000A\000M\000P\000I\000\040\000B\000I\000S\000E\000N\000Z\000I\000O}{}% 1219
\BOOKMARK [1][]{section.1220}{\376\377\000F\000I\0000\0003\0001\000:\000\040\000G\000.\000S\000.\000\040\000P\000I\000E\000V\000E\000\040\000A\000\040\000R\000I\000P\000O\000L\000I}{}% 1220
\BOOKMARK [1][]{section.1221}{\376\377\000F\000I\0000\0004\0000\000:\000\040\000A\000T\000L\000E\000T\000I\000C\000A\000\040\000F\000I\000O\000R\000E\000N\000T\000I\000N\000A}{}% 1221
\BOOKMARK [1][]{section.1222}{\376\377\000F\000I\0000\0009\0006\000:\000\040\000G\000.\000S\000.\000\040\000M\000A\000I\000A\000N\000O}{}% 1222
\BOOKMARK [1][]{section.1223}{\376\377\000F\000I\0001\0007\0007\000:\000\040\000A\000.\000S\000.\000\040\000A\000T\000L\000.\000\040\000V\000I\000N\000C\000I}{}% 1223
\BOOKMARK [1][]{section.1224}{\376\377\000F\000I\0002\0003\0009\000:\000\040\000P\000O\000D\000I\000S\000T\000I\000C\000A\000\040\000E\000M\000P\000O\000L\000E\000S\000E\000\040\0001\0009\0008\0006\000\040\000A\000S\000D}{}% 1224
\BOOKMARK [1][]{section.1225}{\376\377\000F\000I\0003\0006\0005\000:\000\040\000T\000E\000A\000M\000\040\000A\000L\000L\000I\000E\000V\000E\000\040\0002\0000\0000\0006}{}% 1225
\BOOKMARK [1][]{section.1226}{\376\377\000F\000I\0003\0008\0004\000:\000\040\000A\000T\000L\000E\000T\000I\000C\000A\000\040\000F\000U\000T\000U\000R\000A\000\040\000A\000.\000S\000.\000D\000.}{}% 1226
\BOOKMARK [1][]{section.1227}{\376\377\000F\000I\0003\0009\0003\000:\000\040\000A\000.\000S\000.\000D\000.\000\040\000A\000T\000L\000.\000\040\000M\000A\000R\000C\000I\000A\000T\000O\000R\000I\000\040\000M\000U\000G\000E\000L\000L\000O}{}% 1227
\BOOKMARK [1][]{section.1228}{\376\377\000F\000I\0003\0009\0005\000:\000\040\000P\000O\000L\000.\000\040\000D\000I\000L\000.\000\040\000O\000M\000E\000G\000A\000.\000C\000O\000M}{}% 1228
\BOOKMARK [1][]{section.1229}{\376\377\000F\000I\0004\0000\0007\000:\000\040\000P\000O\000L\000I\000S\000P\000O\000R\000T\000I\000V\000A\000\040\000I\000'\000G\000I\000G\000L\000I\000O}{}% 1229
\BOOKMARK [1][]{section.1230}{\376\377\000F\000I\0004\0000\0009\000:\000\040\000P\000A\000L\000E\000S\000T\000R\000A\000\040\000E\000Q\000U\000I\000N\000O\000X\000\040\000S\000R\000L}{}% 1230
\BOOKMARK [1][]{section.1231}{\376\377\000F\000I\0004\0001\0001\000:\000\040\000A\000C\000S\000I\000\040\000S\000P\000O\000R\000T\000\040\000T\000O\000S\000C\000A\000N\000A\000\040\000S\000S\000D\000R\000L}{}% 1231
\BOOKMARK [1][]{section.1232}{\376\377\000F\000I\0004\0002\0000\000:\000\040\000A\000.\000S\000.\000D\000.\000\040\000R\000U\000N\000N\000E\000R\000S\000\040\000B\000A\000R\000B\000E\000R\000I\000N\000O}{}% 1232
\BOOKMARK [1][]{section.1233}{\376\377\000F\000I\0004\0002\0008\000:\000\040\000A\000.\000S\000.\000D\000.\000\040\000M\000A\000R\000A\000T\000O\000N\000A\000\040\000M\000U\000G\000E\000L\000L\000O}{}% 1233
\BOOKMARK [1][]{section.1234}{\376\377\000F\000I\0004\0004\0001\000:\000\040\000G\000R\000U\000P\000P\000O\000\040\000P\000O\000D\000I\000S\000T\000I\000\040\000R\000E\000S\000C\000O\000\040\0001\0009\0000\0009}{}% 1234
\BOOKMARK [1][]{section.1235}{\376\377\000F\000I\0004\0004\0003\000:\000\040\000N\000R\000T\000\040\000F\000I\000R\000E\000N\000Z\000E\000\040\000A\000S\000D}{}% 1235
\BOOKMARK [1][]{section.1236}{\376\377\000F\000I\0004\0004\0007\000:\000\040\000I\000L\000\040\000P\000O\000N\000T\000E\000\040\000S\000C\000A\000N\000D\000I\000C\000C\000I\000\040\000A\000S\000D}{}% 1236
\BOOKMARK [1][]{section.1237}{\376\377\000F\000I\0004\0004\0008\000:\000\040\000C\000L\000U\000B\000\040\000A\000U\000S\000O\000N\000I\000A\000\040\000A\000S\000D}{}% 1237
\BOOKMARK [1][]{section.1238}{\376\377\000F\000I\0004\0005\0000\000:\000\040\000U\000N\000I\000O\000N\000E\000\040\000S\000P\000O\000R\000T\000I\000V\000A\000\040\000N\000A\000V\000E\000\040\000A\000S\000D}{}% 1238
\BOOKMARK [1][]{section.1239}{\376\377\000F\000I\0004\0005\0001\000:\000\040\000L\000U\000I\000V\000A\000N\000\040\000S\000E\000T\000T\000I\000G\000N\000A\000N\000O}{}% 1239
\BOOKMARK [1][]{section.1240}{\376\377\000F\000I\0004\0005\0005\000:\000\040\000M\000O\000N\000T\000E\000S\000P\000O\000R\000T\000\040\000M\000O\000N\000T\000E\000S\000P\000E\000R\000T\000O\000L\000I\000\040\000A\000.\000S\000.\000D}{}% 1240
\BOOKMARK [1][]{section.1241}{\376\377\000F\000I\0004\0005\0007\000:\000\040\000C\000L\000U\000B\000\040\000S\000P\000O\000R\000T\000I\000V\000O\000\040\000F\000I\000R\000E\000N\000Z\000E\000\040\0001\0008\0007\0000\000\040\000P\000.\000D}{}% 1241
\BOOKMARK [1][]{section.1242}{\376\377\000F\000I\0004\0007\0006\000:\000\040\000A\000T\000T\000R\000A\000V\000E\000R\000S\000O\000\040\000R\000U\000N\000N\000I\000N\000G\000\040\000A\000S\000D}{}% 1242
\BOOKMARK [1][]{section.1243}{\376\377\000F\000I\0004\0008\0008\000:\000\040\000P\000O\000L\000I\000S\000P\000O\000R\000T\000I\000V\000A\000\040\000E\000L\000L\000E\000R\000A\000\040\000A\000S\000D}{}% 1243
\BOOKMARK [1][]{section.1244}{\376\377\000F\000I\0005\0000\0001\000:\000\040\000L\000A\000\040\000F\000O\000N\000T\000A\000N\000I\000N\000A\000\040\000A\000S\000D}{}% 1244
\BOOKMARK [1][]{section.1245}{\376\377\000F\000I\0005\0000\0003\000:\000\040\000F\000I\000R\000E\000N\000Z\000E\000\040\000S\000O\000C\000I\000A\000L\000\040\000R\000U\000N\000N\000E\000R\000\040\000A\000S\000D}{}% 1245
\BOOKMARK [1][]{section.1246}{\376\377\000F\000M\0000\0000\0002\000:\000\040\000A\000T\000L\000.\000\040\000S\000A\000N\000G\000I\000O\000R\000G\000E\000S\000E\000\040\000R\000.\000R\000O\000C\000C\000H\000E\000T\000T\000I}{}% 1246
\BOOKMARK [1][]{section.1247}{\376\377\000F\000M\0000\0000\0003\000:\000\040\000S\000P\000O\000R\000T\000\040\000A\000T\000L\000.\000\040\000F\000E\000R\000M\000O}{}% 1247
\BOOKMARK [1][]{section.1248}{\376\377\000F\000M\0000\0000\0008\000:\000\040\000A\000T\000L\000.\000\040\000E\000L\000P\000I\000D\000I\000E\000N\000S\000E\000\040\000A\000V\000I\000S\000\040\000A\000I\000D\000O}{}% 1248
\BOOKMARK [1][]{section.1249}{\376\377\000F\000M\0000\0001\0001\000:\000\040\000A\000.\000\040\000A\000T\000L\000.\000\040\000P\000O\000R\000T\000O\000\040\000S\000.\000\040\000E\000L\000P\000I\000D\000I\000O}{}% 1249
\BOOKMARK [1][]{section.1250}{\376\377\000F\000M\0000\0001\0007\000:\000\040\000A\000T\000L\000.\000\040\000M\000O\000N\000T\000E\000G\000R\000A\000N\000A\000R\000O}{}% 1250
\BOOKMARK [1][]{section.1251}{\376\377\000F\000M\0000\0001\0008\000:\000\040\000A\000.\000P\000O\000D\000.\000\040\000A\000V\000I\000S\000\040\000M\000O\000B\000.\000\040\000L\000A\000T\000T\000A\000N\000Z\000I}{}% 1251
\BOOKMARK [1][]{section.1252}{\376\377\000F\000M\0000\0002\0000\000:\000\040\000A\000.\000P\000O\000D\000.\000\040\000V\000A\000L\000T\000E\000N\000N\000A}{}% 1252
\BOOKMARK [1][]{section.1253}{\376\377\000F\000M\0000\0002\0003\000:\000\040\000P\000O\000D\000.\000\040\000M\000O\000R\000E\000T\000T\000I\000\040\000C\000O\000R\000V\000A}{}% 1253
\BOOKMARK [1][]{section.1254}{\376\377\000F\000M\0000\0002\0007\000:\000\040\000A\000S\000S\000.\000\040\000P\000O\000D\000.\000\040\000C\000A\000S\000E\000T\000T\000E\000\040\000D\000'\000E\000T\000E}{}% 1254
\BOOKMARK [1][]{section.1255}{\376\377\000F\000M\0000\0003\0009\000:\000\040\000A\000T\000L\000.\000\040\000M\000O\000N\000T\000U\000R\000A\000N\000E\000S\000E}{}% 1255
\BOOKMARK [1][]{section.1256}{\376\377\000F\000M\0000\0005\0000\000:\000\040\000T\000E\000A\000M\000\040\000A\000T\000L\000E\000T\000I\000C\000A\000\040\000M\000A\000R\000C\000H\000E}{}% 1256
\BOOKMARK [1][]{section.1257}{\376\377\000F\000M\0000\0005\0004\000:\000\040\000A\000S\000D\000\040\000P\000O\000D\000I\000S\000T\000I\000C\000A\000\040\000M\000O\000N\000T\000E\000G\000R\000A\000N\000A\000R\000O}{}% 1257
\BOOKMARK [1][]{section.1258}{\376\377\000F\000M\0000\0005\0005\000:\000\040\000T\000E\000A\000M\000\040\000A\000T\000L\000E\000T\000I\000C\000A\000\040\000P\000O\000R\000T\000O\000\040\000S\000.\000\040\000E\000L\000P\000I\000D\000I\000O}{}% 1258
\BOOKMARK [1][]{section.1259}{\376\377\000F\000M\0000\0005\0007\000:\000\040\000P\000O\000L\000I\000S\000P\000O\000R\000T\000I\000V\000A\000\040\000S\000E\000R\000V\000I\000G\000L\000I\000A\000N\000O\000\040\000A\000S\000D}{}% 1259
\BOOKMARK [1][]{section.1260}{\376\377\000F\000M\0000\0005\0008\000:\000\040\000A\000S\000D\000\040\000P\000O\000R\000T\000O\000\040\000S\000A\000N\000\040\000G\000I\000O\000R\000G\000I\000O\000\040\000R\000U\000N\000N\000E\000R\000S}{}% 1260
\BOOKMARK [1][]{section.1261}{\376\377\000F\000R\0002\0001\0000\000:\000\040\000P\000O\000L\000.\000\040\000C\000I\000O\000C\000I\000A\000R\000A\000\040\000A\000N\000T\000O\000N\000I\000O\000\040\000F\000A\000V\000A}{}% 1261
\BOOKMARK [1][]{section.1262}{\376\377\000F\000R\0002\0001\0004\000:\000\040\000P\000O\000L\000.\000\040\000A\000T\000L\000E\000T\000I\000C\000A\000\040\000C\000E\000P\000R\000A\000N\000O}{}% 1262
\BOOKMARK [1][]{section.1263}{\376\377\000F\000R\0002\0001\0005\000:\000\040\000A\000T\000L\000E\000T\000I\000C\000A\000\040\000S\000M\000I\000L\000E}{}% 1263
\BOOKMARK [1][]{section.1264}{\376\377\000F\000R\0002\0001\0006\000:\000\040\000A\000.\000S\000.\000D\000.\000\040\000F\000R\000O\000S\000I\000N\000O\000N\000E\000\040\000S\000P\000O\000R\000T}{}% 1264
\BOOKMARK [1][]{section.1265}{\376\377\000F\000R\0002\0001\0009\000:\000\040\000A\000S\000D\000\040\000R\000U\000N\000N\000E\000R\000S\000\040\000E\000L\000I\000T\000E\000\040\000C\000E\000C\000C\000A\000N\000O}{}% 1265
\BOOKMARK [1][]{section.1266}{\376\377\000F\000R\0002\0002\0001\000:\000\040\000A\000.\000S\000.\000D\000.\000\040\000J\000A\000N\000U\000L\000A\000\040\000S\000P\000O\000R\000T}{}% 1266
\BOOKMARK [1][]{section.1267}{\376\377\000F\000R\0002\0002\0002\000:\000\040\000A\000T\000L\000E\000T\000I\000C\000A\000\040\000C\000E\000C\000C\000A\000N\000O}{}% 1267
\BOOKMARK [1][]{section.1268}{\376\377\000F\000R\0002\0002\0003\000:\000\040\000A\000S\000D\000\040\000A\000T\000L\000.\000C\000I\000T\000T\000A\000'\000\040\000D\000E\000I\000\040\000P\000A\000P\000I\000\040\000A\000N\000A\000G\000N\000I}{}% 1268
\BOOKMARK [1][]{section.1269}{\376\377\000F\000R\0002\0002\0005\000:\000\040\000A\000T\000L\000E\000T\000I\000C\000A\000\040\000A\000R\000C\000E}{}% 1269
\BOOKMARK [1][]{section.1270}{\376\377\000F\000R\0002\0002\0006\000:\000\040\000A\000S\000D\000\040\000E\000N\000D\000U\000R\000A\000N\000C\000E\000\040\000T\000R\000A\000I\000N\000I\000N\000G}{}% 1270
\BOOKMARK [1][]{section.1271}{\376\377\000F\000R\0002\0002\0008\000:\000\040\000A\000T\000L\000E\000T\000I\000C\000A\000\040\000E\000I\000D\000O\000S}{}% 1271
\BOOKMARK [1][]{section.1272}{\376\377\000F\000R\0002\0002\0009\000:\000\040\000A\000.\000S\000.\000D\000.\000\040\000F\000E\000N\000I\000C\000E\000\040\000S\000P\000O\000R\000T}{}% 1272
\BOOKMARK [1][]{section.1273}{\376\377\000F\000R\0002\0003\0000\000:\000\040\000S\000O\000R\000A\000\040\000R\000U\000N\000N\000E\000R\000S\000\040\000C\000L\000U\000B}{}% 1273
\BOOKMARK [1][]{section.1274}{\376\377\000F\000R\0002\0003\0001\000:\000\040\000A\000.\000S\000.\000D\000.\000\040\000P\000O\000L\000.\000\040\000S\000T\000U\000D\000.\000\040\000P\000O\000N\000T\000E\000C\000O\000R\000V\000O}{}% 1274
\BOOKMARK [1][]{section.1275}{\376\377\000F\000R\0002\0003\0002\000:\000\040\000A\000T\000L\000.\000\040\000T\000R\000A\000I\000N\000I\000N\000G}{}% 1275
\BOOKMARK [1][]{section.1276}{\376\377\000F\000R\0002\0003\0007\000:\000\040\000A\000T\000L\000.\000\040\000A\000M\000A\000T\000O\000R\000I\000\040\000F\000I\000A\000T\000\040\000C\000A\000S\000S\000I\000N\000O}{}% 1276
\BOOKMARK [1][]{section.1277}{\376\377\000F\000R\0002\0003\0008\000:\000\040\000P\000O\000D\000I\000S\000T\000I\000C\000A\000\040\000D\000E\000I\000\040\000F\000I\000O\000R\000I}{}% 1277
\BOOKMARK [1][]{section.1278}{\376\377\000F\000R\0002\0003\0009\000:\000\040\000R\000U\000N\000N\000E\000R\000S\000\040\000C\000L\000U\000B\000\040\000A\000N\000A\000G\000N\000I}{}% 1278
\BOOKMARK [1][]{section.1279}{\376\377\000F\000R\0002\0004\0001\000:\000\040\000A\000P\000R\000O\000C\000I\000S\000\040\000R\000U\000N\000N\000E\000R\000S\000\040\000T\000E\000A\000M}{}% 1279
\BOOKMARK [1][]{section.1280}{\376\377\000F\000R\0002\0004\0004\000:\000\040\000A\000T\000L\000.\000\040\000F\000R\000O\000S\000I\000N\000O\000N\000E}{}% 1280
\BOOKMARK [1][]{section.1281}{\376\377\000F\000R\0002\0004\0005\000:\000\040\000P\000O\000D\000.\000\040\000A\000M\000A\000T\000O\000R\000I\000\040\000M\000O\000R\000O\000L\000O}{}% 1281
\BOOKMARK [1][]{section.1282}{\376\377\000F\000R\0002\0005\0002\000:\000\040\000A\000S\000D\000\040\000A\000T\000L\000E\000T\000I\000C\000A\000\040\000F\000E\000R\000E\000N\000T\000I\000N\000O}{}% 1282
\BOOKMARK [1][]{section.1283}{\376\377\000F\000R\0002\0005\0006\000:\000\040\000C\000U\000S\000\040\000C\000A\000S\000S\000I\000N\000O}{}% 1283
\BOOKMARK [1][]{section.1284}{\376\377\000F\000R\0002\0007\0000\000:\000\040\000A\000.\000S\000.\000D\000.\000\040\000L\000I\000R\000I\000\040\000R\000U\000N\000N\000E\000R\000S}{}% 1284
\BOOKMARK [1][]{section.1285}{\376\377\000F\000R\0002\0008\0000\000:\000\040\000A\000T\000L\000E\000T\000I\000C\000A\000\040\000C\000A\000S\000S\000I\000N\000O}{}% 1285
\BOOKMARK [1][]{section.1286}{\376\377\000F\000R\0002\0009\0000\000:\000\040\000I\000L\000\040\000C\000O\000R\000R\000I\000D\000O\000R\000E\000\040\000R\000U\000N\000N\000I\000N\000G\000\040\000C\000L\000U\000B\000\040\000A\000S\000D}{}% 1286
\BOOKMARK [1][]{section.1287}{\376\377\000F\000R\0002\0009\0004\000:\000\040\000A\000.\000S\000.\000D\000.\000\040\000A\000T\000L\000E\000T\000I\000C\000A\000\040\000S\000O\000R\000A}{}% 1287
\BOOKMARK [1][]{section.1288}{\376\377\000F\000R\0004\0001\0008\000:\000\040\000A\000R\000P\000I\000N\000O\000\040\000R\000U\000N\000N\000I\000N\000G\000\040\000A\000S\000D}{}% 1288
\BOOKMARK [1][]{section.1289}{\376\377\000F\000R\0004\0002\0000\000:\000\040\000T\000E\000A\000M\000\040\000F\000R\000A\000C\000T\000I\000V\000E\000\040\000F\000O\000N\000T\000A\000N\000A\000\040\000L\000I\000R\000I\000\040\000A\000S\000D}{}% 1289
\BOOKMARK [1][]{section.1290}{\376\377\000F\000R\0004\0002\0001\000:\000\040\000A\000S\000D\000\040\000C\000A\000S\000T\000R\000O\000\040\000R\000U\000N\000N\000I\000N\000G\000\040\000A\000V\000I\000S\000\040\000T\000E\000A\000M}{}% 1290
\BOOKMARK [1][]{section.1291}{\376\377\000F\000R\0005\0002\0003\000:\000\040\000P\000O\000D\000.\000\040\000O\000R\000O\000\040\000F\000A\000N\000T\000A\000S\000Y}{}% 1291
\BOOKMARK [1][]{section.1292}{\376\377\000G\000E\0000\0000\0001\000:\000\040\000A\000.\000A\000.\000A\000.\000\040\000G\000E\000N\000O\000V\000A}{}% 1292
\BOOKMARK [1][]{section.1293}{\376\377\000G\000E\0000\0000\0002\000:\000\040\000A\000.\000S\000.\000D\000.\000\040\000C\000.\000U\000.\000S\000.\000\040\000G\000E\000N\000O\000V\000A}{}% 1293
\BOOKMARK [1][]{section.1294}{\376\377\000G\000E\0000\0000\0003\000:\000\040\000S\000.\000S\000.\000\040\000T\000R\000I\000O\000N\000F\000O\000\040\000L\000I\000G\000U\000R\000E}{}% 1294
\BOOKMARK [1][]{section.1295}{\376\377\000G\000E\0000\0000\0005\000:\000\040\000S\000.\000\040\000A\000T\000L\000.\000\040\000G\000E\000N\000O\000A\000\040\000'\000A\000T\000L\000E\000T\000I\000C\000A\000'}{}% 1295
\BOOKMARK [1][]{section.1296}{\376\377\000G\000E\0000\0000\0007\000:\000\040\000P\000O\000L\000.\000\040\000A\000R\000E\000N\000Z\000A\000N\000O\000\040\000S\000E\000Z\000.\000\040\000A\000T\000L\000E\000T\000I\000C\000A}{}% 1296
\BOOKMARK [1][]{section.1297}{\376\377\000G\000E\0000\0000\0008\000:\000\040\000C\000.\000F\000.\000F\000.\000S\000.\000D\000.\000\040\000C\000O\000G\000O\000L\000E\000T\000O\000\040\000A\000T\000L\000E\000T\000I\000C\000A}{}% 1297
\BOOKMARK [1][]{section.1298}{\376\377\000G\000E\0000\0000\0009\000:\000\040\000A\000S\000D\000\040\000Z\000E\000N\000A\000\040\000R\000U\000N\000N\000E\000R\000S}{}% 1298
\BOOKMARK [1][]{section.1299}{\376\377\000G\000E\0000\0001\0000\000:\000\040\000A\000T\000H\000L\000E\000\040\000T\000E\000A\000M\000\040\000G\000E\000N\000O\000V\000A\000\040\000A\000S\000D}{}% 1299
\BOOKMARK [1][]{section.1300}{\376\377\000G\000E\0000\0001\0002\000:\000\040\000A\000T\000L\000E\000T\000I\000C\000A\000\040\000L\000E\000V\000A\000N\000T\000E}{}% 1300
\BOOKMARK [1][]{section.1301}{\376\377\000G\000E\0000\0001\0006\000:\000\040\000A\000T\000L\000.\000\040\000U\000N\000I\000V\000E\000R\000S\000A\000L\000E\000\040\000D\000O\000N\000\040\000B\000O\000S\000C\000O}{}% 1301
\BOOKMARK [1][]{section.1302}{\376\377\000G\000E\0000\0001\0007\000:\000\040\000G\000R\000U\000P\000P\000O\000\040\000C\000I\000T\000T\000A\000'\000\040\000D\000I\000\040\000G\000E\000N\000O\000V\000A}{}% 1302
\BOOKMARK [1][]{section.1303}{\376\377\000G\000E\0000\0001\0008\000:\000\040\000C\000R\000O\000C\000E\000R\000A\000\040\000S\000T\000A\000D\000I\000U\000M\000\040\000S\000.\000S\000.\000D\000.\000R\000.\000L\000.}{}% 1303
\BOOKMARK [1][]{section.1304}{\376\377\000G\000E\0000\0002\0000\000:\000\040\000E\000M\000O\000Z\000I\000O\000N\000I\000\040\000S\000P\000O\000R\000T\000\040\000T\000E\000A\000M\000\040\000A\000.\000S\000.\000D\000.}{}% 1304
\BOOKMARK [1][]{section.1305}{\376\377\000G\000E\0000\0002\0001\000:\000\040\000R\000E\000N\000S\000E\000N\000\040\000S\000P\000O\000R\000T\000\040\000T\000E\000A\000M\000\040\000A\000S\000D}{}% 1305
\BOOKMARK [1][]{section.1306}{\376\377\000G\000E\0000\0002\0004\000:\000\040\000S\000I\000S\000P\000O\000R\000T\000\040\000S\000S\000D\000\040\000A\000R\000L}{}% 1306
\BOOKMARK [1][]{section.1307}{\376\377\000G\000E\0000\0003\0006\000:\000\040\000P\000R\000O\000\040\000R\000E\000C\000C\000O\000\040\000T\000R\000I\000A\000T\000H\000L\000O\000N\000\040\000A\000S\000D}{}% 1307
\BOOKMARK [1][]{section.1308}{\376\377\000G\000E\0000\0004\0002\000:\000\040\000T\000E\000A\000M\000\040\0004\0002\0001\0009\0005}{}% 1308
\BOOKMARK [1][]{section.1309}{\376\377\000G\000E\0000\0005\0000\000:\000\040\000U\000S\000D\000\040\000C\000A\000L\000V\000A\000R\000E\000S\000E\000\040\000A\000T\000L\000E\000T\000I\000C\000A}{}% 1309
\BOOKMARK [1][]{section.1310}{\376\377\000G\000E\0000\0005\0005\000:\000\040\000M\000A\000R\000A\000T\000O\000N\000E\000T\000I\000\040\000G\000E\000N\000O\000V\000E\000S\000I}{}% 1310
\BOOKMARK [1][]{section.1311}{\376\377\000G\000E\0000\0007\0000\000:\000\040\000G\000.\000S\000.\000\040\000G\000A\000I\000A\000Z\000Z\000A\000\040\000A\000S\000D}{}% 1311
\BOOKMARK [1][]{section.1312}{\376\377\000G\000E\0001\0000\0000\000:\000\040\000A\000S\000D\000\040\000G\000R\000U\000P\000P\000O\000\040\000C\000I\000T\000T\000A\000\040\000D\000I\000\040\000G\000E\000N\000O\000V\000A}{}% 1312
\BOOKMARK [1][]{section.1313}{\376\377\000G\000E\0001\0000\0002\000:\000\040\000A\000.\000D\000.\000\040\000P\000O\000L\000I\000S\000P\000O\000R\000T\000I\000V\000A\000\040\000P\000O\000N\000T\000E\000C\000A\000R\000R\000E\000G\000A}{}% 1313
\BOOKMARK [1][]{section.1314}{\376\377\000G\000E\0001\0001\0001\000:\000\040\000C\000A\000M\000B\000I\000A\000S\000O\000\040\000R\000I\000S\000S\000O\000\040\000R\000U\000N\000N\000I\000N\000G\000\040\000T\000E\000A\000M\000\040\000G\000E}{}% 1314
\BOOKMARK [1][]{section.1315}{\376\377\000G\000E\0001\0002\0000\000:\000\040\000A\000.\000S\000.\000D\000.\0004\000J\000U\000M\000P\000S}{}% 1315
\BOOKMARK [1][]{section.1316}{\376\377\000G\000E\0001\0003\0003\000:\000\040\000A\000T\000L\000E\000T\000I\000C\000A\000\040\000D\000U\000E\000\040\000P\000E\000R\000L\000E}{}% 1316
\BOOKMARK [1][]{section.1317}{\376\377\000G\000E\0001\0003\0005\000:\000\040\000A\000T\000L\000E\000T\000I\000C\000A\000\040\000F\000R\000E\000C\000C\000E\000\040\000Z\000E\000N\000A}{}% 1317
\BOOKMARK [1][]{section.1318}{\376\377\000G\000E\0001\0004\0000\000:\000\040\000D\000E\000L\000T\000A\000\040\000S\000P\000E\000D\000I\000Z\000I\000O\000N\000I}{}% 1318
\BOOKMARK [1][]{section.1319}{\376\377\000G\000E\0001\0005\0000\000:\000\040\000A\000S\000D\000\040\000A\000T\000L\000E\000T\000I\000C\000A\000\040\000G\000E\000N\000O\000V\000A\000\040\000V\000A\000L\000B\000I\000S\000A\000G\000N\000O}{}% 1319
\BOOKMARK [1][]{section.1320}{\376\377\000G\000E\0004\0000\0000\000:\000\040\000A\000.\000S\000.\000D\000.\000\040\000S\000T\000R\000O\000N\000G\000\040\000R\000U\000N\000N\000E\000R\000\040\000T\000E\000A\000M}{}% 1320
\BOOKMARK [1][]{section.1321}{\376\377\000G\000E\0004\0005\0006\000:\000\040\000A\000S\000D\000\040\000P\000O\000D\000I\000S\000T\000I\000C\000A\000\040\000P\000E\000R\000A\000L\000T\000O\000\040\000G\000E\000N\000O\000V\000A}{}% 1321
\BOOKMARK [1][]{section.1322}{\376\377\000G\000E\0005\0005\0006\000:\000\040\000G\000.\000A\000.\000U\000.\000\040\000G\000I\000O\000V\000A\000N\000I\000\040\000A\000M\000I\000C\000I\000\040\000U\000N\000I\000T\000I}{}% 1322
\BOOKMARK [1][]{section.1323}{\376\377\000G\000E\0005\0007\0002\000:\000\040\000G\000.\000S\000.\000\040\000C\000O\000M\000U\000N\000A\000L\000E\000\040\000S\000.\000\040\000O\000L\000C\000E\000S\000E}{}% 1323
\BOOKMARK [1][]{section.1324}{\376\377\000G\000E\0005\0007\0007\000:\000\040\000C\000I\000R\000C\000O\000L\000O\000\040\000P\000O\000R\000T\000U\000A\000L\000E\000\040\000L\000U\000I\000G\000I\000\040\000R\000U\000M}{}% 1324
\BOOKMARK [1][]{section.1325}{\376\377\000G\000E\0005\0007\0008\000:\000\040\000P\000O\000D\000I\000S\000T\000I\000C\000A\000\040\000V\000A\000L\000P\000O\000L\000C\000E\000V\000E\000R\000A}{}% 1325
\BOOKMARK [1][]{section.1326}{\376\377\000G\000E\0005\0008\0004\000:\000\040\000M\000A\000R\000A\000T\000O\000N\000E\000T\000I\000\040\000D\000E\000L\000\040\000T\000I\000G\000U\000L\000L\000I\000O}{}% 1326
\BOOKMARK [1][]{section.1327}{\376\377\000G\000E\0007\0007\0007\000:\000\040\000S\000P\000O\000R\000T\000I\000N\000S\000I\000E\000M\000E\000\040\000B\000O\000L\000Z\000A\000N\000E\000T\000O}{}% 1327
\BOOKMARK [1][]{section.1328}{\376\377\000G\000E\0008\0003\0002\000:\000\040\000R\000U\000N\000N\000I\000N\000G\000\040\000T\000W\000E\000E\000T\000\040\000T\000E\000A\000M}{}% 1328
\BOOKMARK [1][]{section.1329}{\376\377\000G\000E\0009\0000\0000\000:\000\040\000A\000S\000D\000\040\000L\000A\000\040\000G\000I\000O\000S\000T\000R\000A\000\040\000D\000E\000L\000L\000A\000\040\000F\000A\000N\000T\000A\000S\000I\000A}{}% 1329
\BOOKMARK [1][]{section.1330}{\376\377\000G\000E\0009\0003\0003\000:\000\040\000A\000T\000L\000E\000T\000I\000C\000A\000\040\000V\000A\000L\000L\000E\000\040\000S\000C\000R\000I\000V\000I\000A}{}% 1330
\BOOKMARK [1][]{section.1331}{\376\377\000G\000O\0000\0004\0007\000:\000\040\000A\000T\000L\000E\000T\000I\000C\000A\000\040\000M\000O\000N\000F\000A\000L\000C\000O\000N\000E}{}% 1331
\BOOKMARK [1][]{section.1332}{\376\377\000G\000O\0000\0005\0000\000:\000\040\000A\000T\000L\000E\000T\000I\000C\000A\000\040\000G\000O\000R\000I\000Z\000I\000A}{}% 1332
\BOOKMARK [1][]{section.1333}{\376\377\000G\000O\0000\0005\0006\000:\000\040\000T\000O\000R\000R\000I\000A\000N\000A\000\040\000C\000A\000.\000\040\000R\000I\000.\000\040\000F\000V\000G}{}% 1333
\BOOKMARK [1][]{section.1334}{\376\377\000G\000O\0000\0008\0005\000:\000\040\000U\000N\000I\000O\000N\000E\000\040\000G\000I\000N\000N\000A\000S\000T\000I\000C\000A\000\040\000G\000O\000R\000I\000Z\000I\000A\000N\000A}{}% 1334
\BOOKMARK [1][]{section.1335}{\376\377\000G\000O\0000\0008\0006\000:\000\040\000S\000P\000O\000R\000T\000\040\000A\000C\000A\000D\000E\000M\000Y}{}% 1335
\BOOKMARK [1][]{section.1336}{\376\377\000G\000O\0005\0000\0002\000:\000\040\000G\000R\000U\000P\000P\000O\000\040\000M\000A\000R\000C\000I\000A\000T\000O\000R\000I\000\040\000G\000O\000R\000I\000Z\000I\000A}{}% 1336
\BOOKMARK [1][]{section.1337}{\376\377\000G\000O\0005\0000\0003\000:\000\040\000R\000U\000N\000N\000I\000N\000G\000\040\000C\000L\000U\000B\000\040\0002\000\040\000M\000O\000N\000F\000A\000L\000C\000O\000N\000E}{}% 1337
\BOOKMARK [1][]{section.1338}{\376\377\000G\000O\0005\0000\0007\000:\000\040\000G\000R\000U\000P\000P\000O\000\040\000M\000A\000R\000C\000I\000A\000T\000O\000R\000I\000\040\000T\000E\000E\000N\000A\000G\000E\000R}{}% 1338
\BOOKMARK [1][]{section.1339}{\376\377\000G\000O\0005\0001\0001\000:\000\040\000I\000N\000T\000R\000E\000P\000I\000D\000A\000\040\000M\000A\000R\000I\000A\000N\000O}{}% 1339
\BOOKMARK [1][]{section.1340}{\376\377\000G\000O\0005\0001\0002\000:\000\040\000A\000.\000S\000.\000D\000.\000\040\000B\000I\000K\000E\000\046\000R\000U\000N\000\040\000G\000O\000R\000I\000Z\000I\000A}{}% 1340
\BOOKMARK [1][]{section.1341}{\376\377\000G\000O\0005\0001\0003\000:\000\040\000G\000O\000\040\000T\000R\000I\000\040\000T\000E\000A\000M\000\040\000A\000.\000S\000.\000D\000.}{}% 1341
\BOOKMARK [1][]{section.1342}{\376\377\000G\000R\0000\0002\0008\000:\000\040\000C\000O\000O\000P\000\040\000S\000P\000O\000R\000T\000I\000V\000A\000\040\000D\000I\000L\000.\000\040\000Y\000M\000C\000A}{}% 1342
\BOOKMARK [1][]{section.1343}{\376\377\000G\000R\0000\0006\0005\000:\000\040\000A\000T\000L\000E\000T\000I\000C\000A\000\040\000G\000R\000O\000S\000S\000E\000T\000O\000\040\000B\000A\000N\000C\000A\000\040\000T\000E\000M\000A}{}% 1343
\BOOKMARK [1][]{section.1344}{\376\377\000G\000R\0001\0004\0002\000:\000\040\000A\000T\000L\000.\000\040\000C\000A\000S\000T\000I\000G\000L\000I\000O\000N\000E\000S\000E}{}% 1344
\BOOKMARK [1][]{section.1345}{\376\377\000G\000R\0003\0004\0002\000:\000\040\000A\000T\000L\000.\000F\000O\000L\000L\000O\000N\000I\000C\000A}{}% 1345
\BOOKMARK [1][]{section.1346}{\376\377\000G\000R\0003\0008\0006\000:\000\040\000C\000E\000N\000T\000R\000O\000\040\000M\000I\000L\000I\000T\000A\000R\000E\000\040\000V\000E\000T\000E\000R\000I\000N\000A\000R\000I\000O}{}% 1346
\BOOKMARK [1][]{section.1347}{\376\377\000G\000R\0004\0003\0002\000:\000\040\000A\000S\000D\000\040\000T\000R\000A\000C\000K\000\040\000\046\000\040\000F\000I\000E\000L\000D\000\040\000M\000A\000S\000T\000E\000R\000\040\000G\000R\000O\000S\000S}{}% 1347
\BOOKMARK [1][]{section.1348}{\376\377\000G\000R\0004\0005\0004\000:\000\040\000T\000E\000A\000M\000\040\000M\000A\000R\000A\000T\000H\000O\000N\000\040\000B\000I\000K\000E}{}% 1348
\BOOKMARK [1][]{section.1349}{\376\377\000I\000M\0000\0001\0000\000:\000\040\000A\000.\000S\000.\000D\000.\000\040\000A\000T\000L\000E\000T\000I\000C\000A\000\040\000S\000A\000N\000R\000E\000M\000O}{}% 1349
\BOOKMARK [1][]{section.1350}{\376\377\000I\000M\0000\0001\0002\000:\000\040\000A\000S\000D\000\040\000A\000T\000L\000E\000T\000I\000C\000A\000\040\000V\000E\000N\000T\000I\000M\000I\000G\000L\000I\000A}{}% 1350
\BOOKMARK [1][]{section.1351}{\376\377\000I\000M\0000\0002\0000\000:\000\040\000V\000E\000N\000T\000I\000M\000I\000G\000L\000I\000A\000\040\000M\000A\000R\000A\000T\000H\000O\000N}{}% 1351
\BOOKMARK [1][]{section.1352}{\376\377\000I\000M\0000\0002\0009\000:\000\040\000A\000S\000D\000\040\000M\000A\000U\000R\000I\000N\000A\000\040\000O\000L\000I\000O\000\040\000C\000A\000R\000L\000I}{}% 1352
\BOOKMARK [1][]{section.1353}{\376\377\000I\000M\0000\0003\0000\000:\000\040\000A\000T\000L\000E\000T\000I\000C\000A\000\040\000F\000O\000C\000E\000\040\000S\000A\000N\000R\000E\000M\000O}{}% 1353
\BOOKMARK [1][]{section.1354}{\376\377\000I\000M\0000\0003\0004\000:\000\040\000A\000S\000S\000.\000\040\000P\000R\000O\000\040\000S\000A\000N\000\040\000P\000I\000E\000T\000R\000O\000\040\000S\000A\000N\000R\000E\000M\000O}{}% 1354
\BOOKMARK [1][]{section.1355}{\376\377\000I\000M\0000\0003\0005\000:\000\040\000A\000S\000D\000\040\000A\000T\000L\000E\000T\000I\000C\000A\000\040\000V\000A\000L\000L\000E\000C\000R\000O\000S\000I\000A}{}% 1355
\BOOKMARK [1][]{section.1356}{\376\377\000I\000M\0000\0003\0008\000:\000\040\000A\000.\000S\000.\000\040\000A\000T\000L\000E\000T\000I\000C\000A\000\040\0002\0000\0000\0000\000\040\000B\000O\000R\000D\000I\000G\000H\000E\000R\000A}{}% 1356
\BOOKMARK [1][]{section.1357}{\376\377\000I\000M\0000\0004\0002\000:\000\040\000S\000A\000N\000T\000O\000\040\000S\000T\000E\000F\000A\000N\000O\000\040\000A\000T\000L\000E\000T\000I\000C\000A\000\040\000P\000L\000A\000N\000U\000M}{}% 1357
\BOOKMARK [1][]{section.1358}{\376\377\000I\000M\0000\0005\0000\000:\000\040\000N\000A\000T\000U\000R\000U\000N\000\040\000T\000E\000A\000M\000\040\000V\000A\000L\000L\000E\000\040\000A\000R\000G\000E\000N\000T\000I\000N\000A}{}% 1358
\BOOKMARK [1][]{section.1359}{\376\377\000I\000M\0000\0006\0005\000:\000\040\000N\000U\000O\000V\000A\000\040\000A\000T\000L\000E\000T\000I\000C\000A\000\040\0009\0002}{}% 1359
\BOOKMARK [1][]{section.1360}{\376\377\000I\000M\0000\0008\0000\000:\000\040\000G\000O\000L\000F\000O\000\040\000D\000I\000A\000N\000E\000S\000E\000\040\000U\000L\000T\000R\000A\000\040\000R\000U\000N\000N\000E\000R\000S}{}% 1360
\BOOKMARK [1][]{section.1361}{\376\377\000I\000M\0001\0000\0006\000:\000\040\000R\000I\000V\000I\000E\000R\000A\000\040\000T\000R\000I\000A\000T\000H\000L\000O\000N\000\040\0001\0009\0009\0002}{}% 1361
\BOOKMARK [1][]{section.1362}{\376\377\000I\000M\0003\0003\0003\000:\000\040\000M\000A\000R\000A\000T\000H\000O\000N\000\040\000C\000L\000U\000B\000\040\000I\000M\000P\000E\000R\000I\000A}{}% 1362
\BOOKMARK [1][]{section.1363}{\376\377\000I\000M\0005\0008\0000\000:\000\040\000U\000N\000I\000O\000N\000E\000\040\000S\000P\000O\000R\000T\000I\000V\000A\000\040\000C\000A\000R\000A\000M\000A\000G\000N\000A}{}% 1363
\BOOKMARK [1][]{section.1364}{\376\377\000I\000M\0008\0004\0009\000:\000\040\000S\000A\000N\000R\000E\000M\000O\000\040\000R\000U\000N\000N\000E\000R\000S}{}% 1364
\BOOKMARK [1][]{section.1365}{\376\377\000I\000S\0000\0001\0000\000:\000\040\000A\000T\000L\000E\000T\000I\000C\000A\000\040\000I\000S\000E\000R\000N\000I\000A}{}% 1365
\BOOKMARK [1][]{section.1366}{\376\377\000I\000S\0000\0001\0001\000:\000\040\000A\000T\000L\000E\000T\000I\000C\000A\000\040\000V\000E\000N\000A\000F\000R\000O}{}% 1366
\BOOKMARK [1][]{section.1367}{\376\377\000I\000S\0000\0001\0003\000:\000\040\000A\000T\000L\000E\000T\000I\000C\000A\000\040\000A\000G\000N\000O\000N\000E}{}% 1367
\BOOKMARK [1][]{section.1368}{\376\377\000I\000S\0000\0001\0006\000:\000\040\000V\000E\000N\000A\000F\000R\000O\000\040\000S\000P\000O\000R\000T\000\040\000T\000E\000A\000M}{}% 1368
\BOOKMARK [1][]{section.1369}{\376\377\000I\000S\0000\0001\0008\000:\000\040\000R\000U\000N\000N\000I\000N\000G\000\040\000P\000E\000N\000T\000R\000I\000A}{}% 1369
\BOOKMARK [1][]{section.1370}{\376\377\000I\000S\0000\0001\0009\000:\000\040\000V\000V\000\040\000M\000A\000N\000A\000G\000E\000M\000E\000N\000T\000\040\000A\000S\000D}{}% 1370
\BOOKMARK [1][]{section.1371}{\376\377\000I\000S\0000\0002\0000\000:\000\040\000F\000R\000E\000E\000\040\000R\000U\000N\000N\000E\000R\000S\000\040\000I\000S\000E\000R\000N\000I\000A}{}% 1371
\BOOKMARK [1][]{section.1372}{\376\377\000I\000S\0000\0002\0001\000:\000\040\000A\000T\000H\000L\000E\000T\000I\000C\000\040\000D\000R\000E\000A\000M\000\040\000V\000E\000N\000A\000F\000R\000O}{}% 1372
\BOOKMARK [1][]{section.1373}{\376\377\000I\000S\0007\0002\0009\000:\000\040\000N\000U\000O\000V\000A\000\040\000A\000T\000L\000E\000T\000I\000C\000A\000\040\000I\000S\000E\000R\000N\000I\000A}{}% 1373
\BOOKMARK [1][]{section.1374}{\376\377\000K\000R\0002\0004\0006\000:\000\040\000A\000T\000L\000.\000L\000E\000G\000G\000.\000\040\000'\000I\000L\000\040\000G\000A\000B\000B\000I\000A\000N\000O\000'}{}% 1374
\BOOKMARK [1][]{section.1375}{\376\377\000K\000R\0003\0007\0000\000:\000\040\000A\000T\000L\000E\000T\000I\000C\000A\000\040\000L\000E\000G\000G\000E\000R\000A\000\040\000L\000I\000K\000I\000N\000O\000S\000K\000R\000O\000T\000O\000N}{}% 1375
\BOOKMARK [1][]{section.1376}{\376\377\000K\000R\0003\0007\0004\000:\000\040\000S\000C\000U\000O\000L\000A\000\040\000A\000T\000L\000E\000T\000I\000C\000A\000\040\000K\000R\000O\000T\000O\000N\000I\000A\000T\000E}{}% 1376
\BOOKMARK [1][]{section.1377}{\376\377\000K\000R\0003\0008\0007\000:\000\040\000A\000.\000\040\000S\000.\000\040\000D\000.\000\040\000M\000I\000L\000O\000N\000R\000U\000N\000N\000E\000R\000S\000\040\000C\000R\000O\000T\000O\000N\000E}{}% 1377
\BOOKMARK [1][]{section.1378}{\376\377\000K\000R\0003\0008\0009\000:\000\040\000C\000I\000R\000O\000'\000\040\000M\000A\000R\000I\000N\000A\000\040\000C\000H\000E\000\040\000C\000O\000R\000R\000E}{}% 1378
\BOOKMARK [1][]{section.1379}{\376\377\000L\000E\0003\0000\0002\000:\000\040\000A\000.\000S\000.\000D\000.\000\040\000G\000R\000E\000C\000I\000A\000\040\000S\000A\000L\000E\000N\000T\000I\000N\000A}{}% 1379
\BOOKMARK [1][]{section.1380}{\376\377\000L\000E\0003\0000\0003\000:\000\040\000C\000L\000U\000B\000\040\000C\000O\000R\000R\000E\000R\000E\000\040\000G\000A\000L\000A\000T\000I\000N\000A}{}% 1380
\BOOKMARK [1][]{section.1381}{\376\377\000L\000E\0003\0000\0004\000:\000\040\000S\000A\000R\000A\000C\000E\000N\000A\000T\000L\000E\000T\000I\000C\000A}{}% 1381
\BOOKMARK [1][]{section.1382}{\376\377\000L\000E\0003\0000\0005\000:\000\040\000A\000M\000A\000T\000O\000R\000I\000\040\000L\000E\000C\000C\000E}{}% 1382
\BOOKMARK [1][]{section.1383}{\376\377\000L\000E\0003\0000\0007\000:\000\040\000S\000.\000S\000.\000\040\000A\000.\000V\000.\000I\000.\000S\000.\000\040\000S\000P\000O\000R\000T\000\040\000N\000O\000V\000O\000L\000I}{}% 1383
\BOOKMARK [1][]{section.1384}{\376\377\000L\000E\0003\0001\0008\000:\000\040\000A\000.\000S\000.\000\040\000P\000O\000D\000I\000S\000T\000I\000C\000A\000\040\000P\000A\000R\000A\000B\000I\000T\000A}{}% 1384
\BOOKMARK [1][]{section.1385}{\376\377\000L\000E\0003\0002\0000\000:\000\040\000C\000.\000A\000.\000S\000P\000O\000R\000T\000L\000E\000A\000D\000E\000R\000\040\000C\000O\000R\000R\000E\000R\000E\000\040\000E\000'\000\040\000V\000I\000T}{}% 1385
\BOOKMARK [1][]{section.1386}{\376\377\000L\000E\0003\0002\0002\000:\000\040\000A\000.\000S\000.\000\040\000M\000A\000R\000A\000T\000H\000O\000N\000\040\000C\000L\000U\000B\000\040\000L\000E\000C\000C\000E}{}% 1386
\BOOKMARK [1][]{section.1387}{\376\377\000L\000E\0003\0002\0006\000:\000\040\000C\000.\000U\000.\000S\000.\000\040\000L\000E\000C\000C\000E}{}% 1387
\BOOKMARK [1][]{section.1388}{\376\377\000L\000E\0003\0004\0005\000:\000\040\000A\000.\000S\000.\000\040\000A\000T\000L\000E\000T\000I\000C\000A\000\040\000G\000A\000L\000L\000I\000P\000O\000L\000I}{}% 1388
\BOOKMARK [1][]{section.1389}{\376\377\000L\000E\0003\0004\0006\000:\000\040\000G\000R\000.\000\040\000P\000O\000D\000.\000\040\000A\000\040\0001\0003\000\040\000A\000L\000B\000A\000\040\000T\000A\000U\000R\000I\000S\000A\000N\000O}{}% 1389
\BOOKMARK [1][]{section.1390}{\376\377\000L\000E\0003\0004\0009\000:\000\040\000A\000T\000L\000.\000\040\000A\000M\000A\000T\000O\000R\000I\000\040\000C\000O\000R\000I\000G\000L\000I\000A\000N\000O}{}% 1390
\BOOKMARK [1][]{section.1391}{\376\377\000L\000E\0003\0008\0003\000:\000\040\000A\000T\000L\000E\000T\000I\000C\000A\000\040\000C\000A\000P\000O\000\040\000D\000I\000\040\000L\000E\000U\000C\000A}{}% 1391
\BOOKMARK [1][]{section.1392}{\376\377\000L\000E\0003\0008\0009\000:\000\040\000A\000S\000\040\000R\000U\000N\000N\000I\000N\000G\000\040\000C\000L\000U\000B}{}% 1392
\BOOKMARK [1][]{section.1393}{\376\377\000L\000E\0003\0009\0001\000:\000\040\000P\000O\000D\000I\000S\000T\000I\000C\000A\000\040\000T\000R\000E\000P\000U\000Z\000Z\000I}{}% 1393
\BOOKMARK [1][]{section.1394}{\376\377\000L\000E\0003\0009\0004\000:\000\040\000A\000.\000S\000.\000D\000.\000\040\000S\000A\000L\000E\000N\000T\000O\000\040\000A\000T\000L\000E\000T\000I\000C\000A\000\040\000M\000A\000T\000I\000N\000O}{}% 1394
\BOOKMARK [1][]{section.1395}{\376\377\000L\000E\0003\0009\0007\000:\000\040\000A\000T\000L\000E\000T\000I\000C\000A\000\040\000T\000O\000P\000\040\000R\000U\000N\000N\000E\000R\000S\000\040\000L\000E\000C\000C\000E}{}% 1395
\BOOKMARK [1][]{section.1396}{\376\377\000L\000E\0003\0009\0009\000:\000\040\000A\000.\000S\000.\000\040\000A\000T\000L\000E\000T\000.\000\040\000T\000A\000V\000I\000A\000N\000O\000\040\0009\0007\000\040\000O\000N\000L\000U\000S}{}% 1396
\BOOKMARK [1][]{section.1397}{\376\377\000L\000E\0006\0000\0000\000:\000\040\000G\000.\000P\000O\000D\000.\000\040\000D\000U\000E\000M\000I\000L\000A\000\040\000R\000U\000F\000F\000A\000N\000O}{}% 1397
\BOOKMARK [1][]{section.1398}{\376\377\000L\000E\0006\0000\0001\000:\000\040\000A\000.\000S\000.\000\040\000A\000C\000T\000I\000O\000N\000\040\000R\000U\000N\000N\000I\000N\000G\000\040\000M\000O\000N\000T\000E\000R\000O\000N\000I}{}% 1398
\BOOKMARK [1][]{section.1399}{\376\377\000L\000E\0006\0000\0002\000:\000\040\000A\000.\000S\000.\000\040\000A\000T\000L\000E\000T\000I\000C\000A\000\040\000T\000R\000I\000C\000A\000S\000E}{}% 1399
\BOOKMARK [1][]{section.1400}{\376\377\000L\000E\0006\0000\0004\000:\000\040\000A\000T\000L\000E\000T\000I\000C\000A\000\040\000S\000U\000R\000B\000O}{}% 1400
\BOOKMARK [1][]{section.1401}{\376\377\000L\000E\0006\0000\0005\000:\000\040\000A\000B\000A\000C\000U\000S\000\040\000V\000I\000L\000L\000A\000\040\000B\000A\000L\000D\000A\000S\000S\000A\000R\000R\000I}{}% 1401
\BOOKMARK [1][]{section.1402}{\376\377\000L\000E\0006\0000\0007\000:\000\040\000A\000.\000S\000.\000\040\000P\000O\000D\000I\000S\000T\000I\000C\000A\000\040\000T\000U\000G\000L\000I\000E}{}% 1402
\BOOKMARK [1][]{section.1403}{\376\377\000L\000E\0006\0001\0000\000:\000\040\000P\000O\000D\000I\000S\000T\000I\000C\000A\000\040\000C\000O\000P\000E\000R\000T\000I\000N\000O}{}% 1403
\BOOKMARK [1][]{section.1404}{\376\377\000L\000E\0006\0001\0004\000:\000\040\000A\000T\000L\000E\000T\000I\000C\000A\000\040\000S\000A\000L\000E\000N\000T\000O\000\040\000A\000R\000A\000D\000E\000O}{}% 1404
\BOOKMARK [1][]{section.1405}{\376\377\000L\000E\0006\0001\0005\000:\000\040\000A\000.\000S\000.\000D\000.\000\040\000P\000O\000D\000I\000S\000T\000I\000C\000A\000\040\000S\000O\000L\000E\000T\000U\000M}{}% 1405
\BOOKMARK [1][]{section.1406}{\376\377\000L\000E\0006\0001\0007\000:\000\040\000P\000O\000L\000I\000S\000P\000O\000R\000T\000I\000V\000A\000\040\000B\000P\000P}{}% 1406
\BOOKMARK [1][]{section.1407}{\376\377\000L\000E\0006\0001\0008\000:\000\040\000A\000.\000S\000.\000D\000.\000\040\000O\000R\000I\000E\000N\000T\000'\000A\000T\000L\000E\000T\000I\000C\000A\000\040\000T\000R\000I\000C\000A\000S\000E}{}% 1407
\BOOKMARK [1][]{section.1408}{\376\377\000L\000E\0006\0001\0009\000:\000\040\000A\000.\000\040\000P\000O\000L\000.\000\040\000D\000I\000L\000.\000\040\000A\000M\000I\000C\000I\000\040\000G\000I\000A\000L\000L\000O\000R\000O\000S\000S\000I}{}% 1408
\BOOKMARK [1][]{section.1409}{\376\377\000L\000E\0006\0002\0000\000:\000\040\000A\000.\000S\000.\000D\000.\000\040\000T\000R\000E\000\040\000C\000A\000S\000A\000L\000I}{}% 1409
\BOOKMARK [1][]{section.1410}{\376\377\000L\000E\0006\0002\0001\000:\000\040\000A\000.\000S\000.\000D\000.\000\040\000P\000.\000U\000.\000C\000.\000\040\000S\000A\000L\000E\000N\000T\000O}{}% 1410
\BOOKMARK [1][]{section.1411}{\376\377\000L\000E\0006\0002\0003\000:\000\040\000S\000P\000O\000R\000T\000\040\000R\000U\000N\000N\000I\000N\000G\000\040\000P\000O\000R\000T\000O\000S\000E\000L\000V\000A\000G\000G\000I\000O}{}% 1411
\BOOKMARK [1][]{section.1412}{\376\377\000L\000E\0006\0002\0004\000:\000\040\000S\000A\000L\000E\000N\000T\000O\000\040\000F\000R\000E\000E\000\040\000R\000U\000N\000N\000E\000R\000S}{}% 1412
\BOOKMARK [1][]{section.1413}{\376\377\000L\000E\0006\0002\0005\000:\000\040\000A\000M\000A\000T\000O\000R\000I\000\040\000C\000A\000S\000T\000R\000I\000G\000N\000A\000N\000O\000\040\000D\000E\000'\000\040\000G\000R\000E\000C\000I}{}% 1413
\BOOKMARK [1][]{section.1414}{\376\377\000L\000E\0006\0002\0006\000:\000\040\000S\000I\000L\000V\000A\000N\000O\000\040\000A\000B\000B\000A\000'}{}% 1414
\BOOKMARK [1][]{section.1415}{\376\377\000L\000E\0006\0002\0007\000:\000\040\000A\000T\000L\000E\000T\000I\000C\000A\000\040\000L\000E\000C\000C\000E\000\040\000P\000I\000N\000O\000\040\000F\000E\000L\000I\000C\000E\000\040\000A\000S\000D}{}% 1415
\BOOKMARK [1][]{section.1416}{\376\377\000L\000E\0006\0002\0009\000:\000\040\000O\000T\000R\000A\000N\000T\000O\000\040\0008\0000\0000}{}% 1416
\BOOKMARK [1][]{section.1417}{\376\377\000L\000E\0006\0003\0001\000:\000\040\000P\000O\000D\000I\000S\000T\000I\000C\000A\000\040\000M\000A\000G\000L\000I\000E\000S\000E}{}% 1417
\BOOKMARK [1][]{section.1418}{\376\377\000L\000E\0006\0003\0002\000:\000\040\000S\000A\000L\000E\000N\000T\000O\000\040\000I\000S\000\040\000R\000U\000N\000N\000I\000N\000G}{}% 1418
\BOOKMARK [1][]{section.1419}{\376\377\000L\000E\0006\0003\0003\000:\000\040\000S\000A\000L\000E\000N\000T\000O\000\040\000I\000N\000\040\000C\000O\000R\000S\000A\000\040\000V\000E\000G\000L\000I\000E}{}% 1419
\BOOKMARK [1][]{section.1420}{\376\377\000L\000E\0006\0003\0005\000:\000\040\000A\000.\000S\000.\000D\000.\000\040\000A\000T\000L\000E\000T\000I\000C\000A\000\040\000G\000A\000L\000L\000I\000P\000O\000L\000I}{}% 1420
\BOOKMARK [1][]{section.1421}{\376\377\000L\000E\0006\0003\0006\000:\000\040\000G\000P\000D\000M\000\040\000L\000E\000C\000C\000E}{}% 1421
\BOOKMARK [1][]{section.1422}{\376\377\000L\000E\0006\0003\0007\000:\000\040\000A\000S\000D\000\040\000N\000.\000E\000.\000S\000.\000T\000.}{}% 1422
\BOOKMARK [1][]{section.1423}{\376\377\000L\000E\0006\0004\0000\000:\000\040\000A\000S\000D\000\040\000S\000A\000L\000E\000N\000T\000I\000N\000A\000T\000L\000E\000T\000I\000C\000A}{}% 1423
\BOOKMARK [1][]{section.1424}{\376\377\000L\000E\0006\0004\0001\000:\000\040\000T\000R\000E\000P\000U\000Z\000Z\000I\000\040\000R\000U\000N\000N\000I\000N\000G\000\040\000A\000.\000S\000.\000D\000.}{}% 1424
\BOOKMARK [1][]{section.1425}{\376\377\000L\000E\0006\0004\0002\000:\000\040\000N\000U\000O\000V\000A\000\040\000A\000T\000L\000E\000T\000I\000C\000A\000\040\000C\000O\000P\000E\000R\000T\000I\000N\000O}{}% 1425
\BOOKMARK [1][]{section.1426}{\376\377\000L\000E\0006\0004\0003\000:\000\040\000L\000A\000\040\000M\000A\000N\000D\000R\000A\000\040\000C\000A\000L\000I\000M\000E\000R\000A}{}% 1426
\BOOKMARK [1][]{section.1427}{\376\377\000L\000E\0006\0004\0004\000:\000\040\000A\000S\000D\000\040\000A\000T\000L\000E\000T\000I\000C\000A\000\040\000L\000E\000V\000E\000R\000A\000N\000O}{}% 1427
\BOOKMARK [1][]{section.1428}{\376\377\000L\000E\0006\0004\0005\000:\000\040\000G\000A\000L\000A\000T\000L\000E\000T\000I\000C\000A\000\040\000D\000R\000E\000A\000M\000\040\000T\000E\000A\000M}{}% 1428
\BOOKMARK [1][]{section.1429}{\376\377\000L\000E\0006\0004\0006\000:\000\040\000A\000.\000S\000.\000D\000.\000\040\000C\000U\000R\000S\000O\000R\000E\000S}{}% 1429
\BOOKMARK [1][]{section.1430}{\376\377\000L\000E\0006\0005\0001\000:\000\040\000T\000H\000E\000\040\000P\000R\000I\000S\000O\000N\000\040\000A\000S\000D}{}% 1430
\BOOKMARK [1][]{section.1431}{\376\377\000L\000E\0006\0005\0002\000:\000\040\000A\000.\000L\000.\000I\000.\000\040\000D\000E\000L\000\040\000S\000A\000L\000E\000N\000T\000O\000\040\000A\000S\000D}{}% 1431
\BOOKMARK [1][]{section.1432}{\376\377\000L\000E\0006\0005\0003\000:\000\040\000A\000.\000S\000.\000D\000\040\000P\000O\000D\000I\000S\000T\000I\000C\000A\000\040\000M\000O\000N\000T\000E\000R\000O\000N\000I}{}% 1432
\BOOKMARK [1][]{section.1433}{\376\377\000L\000E\0006\0005\0004\000:\000\040\000A\000S\000D\000\040\000P\000O\000D\000I\000S\000T\000I\000\040\000C\000A\000M\000P\000I}{}% 1433
\BOOKMARK [1][]{section.1434}{\376\377\000L\000E\0006\0005\0006\000:\000\040\000A\000S\000D\000\040\000A\000T\000L\000E\000T\000I\000C\000A\000\040\000M\000E\000S\000S\000A\000P\000I\000C\000A}{}% 1434
\BOOKMARK [1][]{section.1435}{\376\377\000L\000E\0006\0005\0008\000:\000\040\000A\000.\000P\000.\000S\000.\000\040\000D\000U\000E\000\040\000M\000O\000N\000D\000I}{}% 1435
\BOOKMARK [1][]{section.1436}{\376\377\000L\000E\0006\0005\0009\000:\000\040\000M\000I\000L\000I\000T\000A\000R\000Y\000\040\000T\000R\000A\000I\000N\000I\000N\000G\000\040\000A\000C\000A\000D\000E\000M\000Y}{}% 1436
\BOOKMARK [1][]{section.1437}{\376\377\000L\000E\0006\0006\0000\000:\000\040\000A\000S\000D\000\040\000R\000U\000N\000N\000I\000N\000G\000\040\000C\000O\000R\000S\000A\000N\000O}{}% 1437
\BOOKMARK [1][]{section.1438}{\376\377\000L\000E\0006\0006\0001\000:\000\040\000B\000U\000T\000T\000A\000Z\000Z\000O\000\040\000R\000U\000N\000N\000E\000R\000S}{}% 1438
\BOOKMARK [1][]{section.1439}{\376\377\000L\000E\0006\0006\0002\000:\000\040\000A\000T\000L\000E\000T\000I\000C\000A\000\040\000S\000A\000L\000E\000N\000T\000O}{}% 1439
\BOOKMARK [1][]{section.1440}{\376\377\000L\000E\0006\0006\0005\000:\000\040\000A\000S\000D\000\040\000A\000T\000L\000E\000T\000I\000C\000A\000\040\000R\000A\000C\000A\000L\000E}{}% 1440
\BOOKMARK [1][]{section.1441}{\376\377\000L\000E\0006\0006\0006\000:\000\040\000A\000.\000P\000.\000D\000.\000T\000E\000A\000M\000\040\000S\000C\000A\000R\000C\000I\000G\000L\000I\000A}{}% 1441
\BOOKMARK [1][]{section.1442}{\376\377\000L\000I\0000\0003\0005\000:\000\040\000A\000T\000L\000.\000L\000I\000B\000E\000R\000T\000A\000S\000\040\000U\000N\000I\000C\000U\000S\000A\000N\000O\000\040\000L\000I\000V\000O\000R\000N\000O}{}% 1442
\BOOKMARK [1][]{section.1443}{\376\377\000L\000I\0000\0003\0006\000:\000\040\000A\000T\000L\000E\000T\000I\000C\000A\000\040\000L\000I\000V\000O\000R\000N\000O}{}% 1443
\BOOKMARK [1][]{section.1444}{\376\377\000L\000I\0000\0003\0007\000:\000\040\000G\000.\000S\000.\000M\000M\000A\000C\000C\000A\000D\000E\000M\000I\000A\000\040\000N\000A\000V\000A\000L\000E\000\040\000L\000I\000V\000O\000R\000N\000O}{}% 1444
\BOOKMARK [1][]{section.1445}{\376\377\000L\000I\0000\0003\0008\000:\000\040\000C\000E\000N\000T\000R\000O\000\040\000A\000T\000L\000E\000T\000I\000C\000A\000\040\000P\000I\000O\000M\000B\000I\000N\000O}{}% 1445
\BOOKMARK [1][]{section.1446}{\376\377\000L\000I\0000\0004\0002\000:\000\040\000A\000.\000V\000.\000I\000.\000S\000.\000\040\000A\000T\000L\000.\000C\000E\000C\000I\000N\000A}{}% 1446
\BOOKMARK [1][]{section.1447}{\376\377\000L\000I\0000\0008\0006\000:\000\040\000R\000U\000N\000N\000E\000R\000S\000\040\000L\000I\000V\000O\000R\000N\000O}{}% 1447
\BOOKMARK [1][]{section.1448}{\376\377\000L\000I\0001\0002\0007\000:\000\040\000A\000S\000S\000I\000C\000U\000R\000A\000Z\000I\000O\000N\000I\000\040\000G\000E\000N\000E\000R\000A\000L\000I\000\040\000P\000R\000O\000G\000.\000S\000P}{}% 1448
\BOOKMARK [1][]{section.1449}{\376\377\000L\000I\0002\0009\0000\000:\000\040\000G\000.\000P\000.\000P\000I\000O\000M\000B\000I\000N\000O\000\040\000A\000V\000I\000S}{}% 1449
\BOOKMARK [1][]{section.1450}{\376\377\000L\000I\0003\0003\0002\000:\000\040\000C\000.\000G\000.\000\040\000A\000T\000L\000E\000T\000I\000C\000A\000\040\000C\000O\000S\000T\000A\000\040\000E\000T\000R\000U\000S\000C\000A}{}% 1450
\BOOKMARK [1][]{section.1451}{\376\377\000L\000I\0003\0003\0005\000:\000\040\000G\000.\000P\000.\000A\000R\000C\000O\000B\000A\000L\000E\000N\000O}{}% 1451
\BOOKMARK [1][]{section.1452}{\376\377\000L\000I\0003\0005\0001\000:\000\040\000L\000I\000V\000O\000R\000N\000O\000\040\000T\000E\000A\000M\000\040\000R\000U\000N\000N\000I\000N\000G}{}% 1452
\BOOKMARK [1][]{section.1453}{\376\377\000L\000I\0003\0007\0005\000:\000\040\000A\000T\000L\000.\000\040\000S\000O\000L\000E\000D\000R\000O\000S}{}% 1453
\BOOKMARK [1][]{section.1454}{\376\377\000L\000I\0003\0008\0008\000:\000\040\000A\000T\000L\000E\000T\000I\000C\000A\000E\000L\000B\000A}{}% 1454
\BOOKMARK [1][]{section.1455}{\376\377\000L\000I\0004\0000\0002\000:\000\040\000A\000S\000D\000\040\000A\000T\000L\000E\000T\000I\000C\000A\000\040\000C\000O\000S\000T\000A\000\040\000E\000T\000R\000U\000S\000C\000A}{}% 1455
\BOOKMARK [1][]{section.1456}{\376\377\000L\000I\0004\0001\0006\000:\000\040\000S\000E\000M\000P\000R\000E\000D\000I\000C\000O\000R\000S\000A\000\040\000A\000S\000D}{}% 1456
\BOOKMARK [1][]{section.1457}{\376\377\000L\000I\0004\0002\0006\000:\000\040\000A\000.\000S\000.\000D\000.\000\040\000C\000E\000N\000T\000R\000O\000\040\000S\000P\000O\000R\000T}{}% 1457
\BOOKMARK [1][]{section.1458}{\376\377\000L\000I\0004\0003\0006\000:\000\040\000A\000T\000L\000E\000T\000I\000C\000A\000\040\000R\000I\000V\000E\000L\000L\000I\000N\000O\000\040\000P\000I\000O\000M\000B\000I\000N\000O}{}% 1458
\BOOKMARK [1][]{section.1459}{\376\377\000L\000I\0004\0007\0001\000:\000\040\000U\000P\000P\000E\000R\000C\000U\000T\000\040\000A\000S\000D\000\040\000C\000E\000C\000I\000N\000A}{}% 1459
\BOOKMARK [1][]{section.1460}{\376\377\000L\000I\0004\0007\0004\000:\000\040\000A\000S\000D\000\040\000A\000T\000L\000E\000T\000I\000C\000A\000\040\000A\000M\000A\000R\000A\000N\000T\000O}{}% 1460
\BOOKMARK [1][]{section.1461}{\376\377\000L\000I\0004\0007\0005\000:\000\040\000D\000N\000A\000\040\000S\000S\000D\000\040\000A\000R\000L}{}% 1461
\BOOKMARK [1][]{section.1462}{\376\377\000L\000I\0004\0008\0003\000:\000\040\000A\000.\000S\000.\000D\000.\000\040\000A\000U\000R\000O\000R\000A\000\040\000C\000O\000L\000L\000E\000S\000A\000L\000V\000E\000T\000T\000I}{}% 1462
\BOOKMARK [1][]{section.1463}{\376\377\000L\000I\0005\0000\0002\000:\000\040\000A\000S\000D\000\040\000A\000T\000L\000E\000T\000I\000C\000A\000\040\000S\000O\000L\000V\000A\000Y}{}% 1463
\BOOKMARK [1][]{section.1464}{\376\377\000L\000T\0002\0001\0000\000:\000\040\000N\000U\000O\000V\000A\000\040\000A\000T\000L\000E\000T\000I\000C\000A\000\040\000C\000I\000S\000T\000E\000R\000N\000A\000\040\000A\000S\000D}{}% 1464
\BOOKMARK [1][]{section.1465}{\376\377\000L\000T\0002\0001\0005\000:\000\040\000A\000S\000D\000\040\000G\000R\000U\000P\000P\000O\000\040\000A\000T\000L\000E\000T\000I\000\040\000P\000O\000N\000T\000I\000N\000I}{}% 1465
\BOOKMARK [1][]{section.1466}{\376\377\000L\000T\0002\0002\0000\000:\000\040\000R\000U\000N\000F\000O\000R\000E\000V\000E\000R\000\040\000A\000P\000R\000I\000L\000I\000A}{}% 1466
\BOOKMARK [1][]{section.1467}{\376\377\000L\000T\0002\0003\0000\000:\000\040\000A\000.\000S\000.\000D\000.\000\040\000S\000A\000B\000A\000U\000D\000I\000A\000\040\0002\0000\0001\0000}{}% 1467
\BOOKMARK [1][]{section.1468}{\376\377\000L\000T\0002\0003\0005\000:\000\040\000A\000S\000D\000\040\000A\000T\000L\000E\000T\000I\000C\000A\000\040\000R\000O\000C\000C\000A\000G\000O\000R\000G\000A}{}% 1468
\BOOKMARK [1][]{section.1469}{\376\377\000L\000T\0002\0004\0002\000:\000\040\000A\000T\000L\000E\000T\000I\000C\000A\000\040\000M\000I\000N\000T\000U\000R\000N\000O\000\040\000S\000S\000D\000\040\000A\000R\000L}{}% 1469
\BOOKMARK [1][]{section.1470}{\376\377\000L\000T\0002\0004\0003\000:\000\040\000A\000S\000D\000\040\000O\000L\000I\000M\000P\000I\000A\000\040\000T\000E\000R\000R\000A\000C\000I\000N\000A}{}% 1470
\BOOKMARK [1][]{section.1471}{\376\377\000L\000T\0002\0004\0005\000:\000\040\000A\000.\000S\000.\000V\000E\000.\000L\000.}{}% 1471
\BOOKMARK [1][]{section.1472}{\376\377\000L\000T\0002\0006\0000\000:\000\040\000A\000S\000D\000\040\000N\000I\000S\000S\000O\000L\000I\000N\000O\000\040\000I\000N\000T\000E\000S\000A\000T\000L\000E\000T\000I\000C\000A}{}% 1472
\BOOKMARK [1][]{section.1473}{\376\377\000L\000T\0002\0006\0003\000:\000\040\000P\000O\000L\000.\000\040\000S\000A\000N\000\040\000V\000A\000L\000E\000N\000T\000I\000N\000O}{}% 1473
\BOOKMARK [1][]{section.1474}{\376\377\000L\000T\0002\0006\0009\000:\000\040\000L\000A\000T\000I\000N\000A\000\040\000R\000U\000N\000N\000E\000R\000S}{}% 1474
\BOOKMARK [1][]{section.1475}{\376\377\000L\000T\0002\0007\0000\000:\000\040\000P\000O\000L\000I\000G\000O\000L\000F\000O}{}% 1475
\BOOKMARK [1][]{section.1476}{\376\377\000L\000T\0002\0007\0003\000:\000\040\000A\000.\000S\000.\000D\000.\000\040\000T\000E\000A\000M\000\040\000U\000I\000S\000P\000\040\000L\000A\000T\000I\000N\000A}{}% 1476
\BOOKMARK [1][]{section.1477}{\376\377\000L\000T\0002\0007\0004\000:\000\040\000A\000T\000L\000E\000T\000I\000C\000A\000\040\000H\000E\000R\000M\000A\000D\000A}{}% 1477
\BOOKMARK [1][]{section.1478}{\376\377\000L\000T\0002\0007\0005\000:\000\040\000N\000I\000S\000S\000O\000L\000I\000N\000O\000\040\000I\000N\000T\000E\000S\000A\000T\000L\000E\000T\000I\000C\000A\000\040\000L\000A\000T\000I\000N\000A}{}% 1478
\BOOKMARK [1][]{section.1479}{\376\377\000L\000T\0002\0008\0000\000:\000\040\000A\000T\000L\000.\000\040\000A\000S\000I\000\040\000S\000U\000D\000\040\000L\000A\000Z\000I\000O}{}% 1479
\BOOKMARK [1][]{section.1480}{\376\377\000L\000T\0002\0008\0002\000:\000\040\000A\000C\000S\000\040\000A\000T\000L\000.\000\040\000P\000O\000L\000I\000E\000D\000R\000O\000\040\000F\000O\000R\000M\000I\000A}{}% 1480
\BOOKMARK [1][]{section.1481}{\376\377\000L\000T\0002\0008\0008\000:\000\040\000N\000U\000O\000V\000A\000\040\000P\000O\000D\000I\000S\000T\000I\000C\000A\000\040\000L\000A\000T\000I\000N\000A}{}% 1481
\BOOKMARK [1][]{section.1482}{\376\377\000L\000T\0002\0009\0000\000:\000\040\000A\000T\000L\000E\000T\000I\000C\000A\000\040\000L\000E\000P\000I\000N\000A}{}% 1482
\BOOKMARK [1][]{section.1483}{\376\377\000L\000T\0002\0009\0004\000:\000\040\000A\000.\000S\000.\000\040\000N\000U\000O\000V\000A\000\040\000A\000T\000L\000.\000\040\000F\000O\000R\000M\000I\000A}{}% 1483
\BOOKMARK [1][]{section.1484}{\376\377\000L\000T\0002\0009\0008\000:\000\040\000A\000T\000L\000.\000\040\000P\000R\000I\000V\000E\000R\000N\000O}{}% 1484
\BOOKMARK [1][]{section.1485}{\376\377\000L\000T\0003\0000\0000\000:\000\040\000N\000U\000O\000V\000A\000\040\000A\000T\000L\000.\000\040\000S\000T\000U\000D\000E\000N\000T\000E\000S\000C\000A\000\040\000S\000E\000Z\000Z\000E}{}% 1485
\BOOKMARK [1][]{section.1486}{\376\377\000L\000T\0003\0000\0001\000:\000\040\000A\000.\000S\000.\000D\000.\000\040\000C\000E\000N\000T\000R\000O\000\040\000F\000I\000T\000N\000E\000S\000S\000\040\000M\000O\000N\000T\000E\000L\000L\000O}{}% 1486
\BOOKMARK [1][]{section.1487}{\376\377\000L\000T\0003\0000\0002\000:\000\040\000S\000S\000D\000\040\000F\000O\000R\000M\000I\000A\000\040\000A\000T\000L\000.\000\040\000L\000E\000G\000G\000E\000R\000A\000\040\000A\000\040\000R\000.\000L\000.}{}% 1487
\BOOKMARK [1][]{section.1488}{\376\377\000L\000T\0003\0000\0005\000:\000\040\000A\000.\000S\000.\000D\000.\000\040\000P\000O\000D\000I\000S\000T\000I\000C\000A\000\040\000A\000P\000R\000I\000L\000I\000A}{}% 1488
\BOOKMARK [1][]{section.1489}{\376\377\000L\000T\0003\0001\0000\000:\000\040\000A\000.\000S\000.\000D\000.\000\040\000A\000T\000L\000E\000T\000I\000C\000A\000\040\000S\000A\000B\000A\000U\000D\000I\000A}{}% 1489
\BOOKMARK [1][]{section.1490}{\376\377\000L\000T\0003\0001\0002\000:\000\040\000R\000U\000N\000N\000I\000N\000G\000\040\000C\000L\000U\000B\000\040\000L\000A\000T\000I\000N\000A}{}% 1490
\BOOKMARK [1][]{section.1491}{\376\377\000L\000T\0003\0001\0003\000:\000\040\000A\000T\000L\000E\000T\000I\000C\000A\000\040\000F\000O\000R\000M\000I\000A\000\040\000A\000.\000S\000.\000D\000.}{}% 1491
\BOOKMARK [1][]{section.1492}{\376\377\000L\000T\0003\0003\0000\000:\000\040\000P\000O\000L\000I\000S\000P\000O\000R\000T\000I\000V\000A\000\040\000G\000A\000E\000T\000A\000\040\0001\0009\0003\0001\000\040\000A\000.\000S\000.\000D\000.}{}% 1492
\BOOKMARK [1][]{section.1493}{\376\377\000L\000T\0003\0005\0000\000:\000\040\000G\000R\000U\000P\000P\000O\000\040\000S\000P\000O\000R\000T\000I\000V\000O\000\040\000I\000T\000A\000L\000I\000A\000N\000O}{}% 1493
\BOOKMARK [1][]{section.1494}{\376\377\000L\000T\0003\0006\0008\000:\000\040\000P\000O\000D\000I\000S\000T\000I\000C\000A\000\040\000S\000A\000B\000A\000U\000D\000I\000A}{}% 1494
\BOOKMARK [1][]{section.1495}{\376\377\000L\000T\0003\0008\0001\000:\000\040\000A\000.\000S\000.\000D\000.\000\040\000S\000A\000B\000A\000U\000D\000I\000A\000\040\0002\0000\0001\0000}{}% 1495
\BOOKMARK [1][]{section.1496}{\376\377\000L\000T\0003\0008\0002\000:\000\040\000A\000.\000S\000.\000D\000\040\000S\000A\000B\000A\000U\000D\000I\000A\000\040\000A\000T\000H\000L\000E\000T\000I\000C\000\040\000C\000L\000U\000B}{}% 1496
\BOOKMARK [1][]{section.1497}{\376\377\000L\000T\0003\0008\0003\000:\000\040\000S\000S\000D\000\040\000D\000L\000T\000\040\000A\000T\000H\000L\000E\000T\000I\000C\000\040\000T\000E\000A\000M\000\040\000A\000R\000L}{}% 1497
\BOOKMARK [1][]{section.1498}{\376\377\000L\000T\0003\0008\0004\000:\000\040\000A\000.\000S\000.\000D\000.\000\040\000E\000D\000D\000I\000'}{}% 1498
\BOOKMARK [1][]{section.1499}{\376\377\000L\000T\0003\0008\0006\000:\000\040\000A\000S\000D\000\040\000A\000T\000L\000.\000\040\000G\000I\000O\000V\000A\000N\000I\000L\000E\000\040\000S\000E\000R\000M\000O\000N\000E\000T\000A}{}% 1499
\BOOKMARK [1][]{section.1500}{\376\377\000L\000T\0003\0008\0009\000:\000\040\000A\000.\000S\000.\000D\000.\000\040\000P\000O\000L\000I\000S\000P\000O\000R\000T\000I\000V\000A\000\040\000G\000A\000E\000T\000A}{}% 1500
\BOOKMARK [1][]{section.1501}{\376\377\000L\000U\0001\0000\0000\000:\000\040\000A\000.\000S\000.\000\040\000A\000T\000L\000E\000T\000I\000C\000A\000\040\000V\000I\000R\000T\000U\000S\000\040\000L\000U\000C\000C\000A}{}% 1501
\BOOKMARK [1][]{section.1502}{\376\377\000L\000U\0001\0000\0001\000:\000\040\000A\000T\000L\000.\000\040\000M\000A\000S\000S\000A\000R\000O\000S\000A\000\040\000A\000M\000I\000C\000I\000\040\000D\000.\000M\000A\000R\000C\000I\000A}{}% 1502
\BOOKMARK [1][]{section.1503}{\376\377\000L\000U\0001\0000\0002\000:\000\040\000A\000.\000S\000.\000D\000.\000C\000E\000N\000T\000R\000O\000\040\000G\000I\000O\000V\000A\000N\000I\000\040\000C\000A\000L\000C\000I\000A\000T\000O\000R}{}% 1503
\BOOKMARK [1][]{section.1504}{\376\377\000L\000U\0001\0000\0003\000:\000\040\000G\000.\000S\000.\000\040\000O\000R\000E\000C\000C\000H\000I\000E\000L\000L\000A\000\040\000G\000A\000R\000F\000A\000G\000N\000A\000N\000A}{}% 1504
\BOOKMARK [1][]{section.1505}{\376\377\000L\000U\0001\0000\0004\000:\000\040\000A\000T\000L\000.\000P\000I\000E\000T\000R\000A\000S\000A\000N\000T\000A\000\040\000V\000E\000R\000S\000I\000L\000I\000A}{}% 1505
\BOOKMARK [1][]{section.1506}{\376\377\000L\000U\0001\0000\0006\000:\000\040\000A\000.\000\040\000A\000T\000L\000.\000\040\000C\000A\000M\000A\000I\000O\000R\000E}{}% 1506
\BOOKMARK [1][]{section.1507}{\376\377\000L\000U\0001\0000\0009\000:\000\040\000C\000.\000A\000.\000\040\000V\000E\000R\000S\000I\000L\000I\000A}{}% 1507
\BOOKMARK [1][]{section.1508}{\376\377\000L\000U\0001\0001\0000\000:\000\040\000A\000.\000S\000.\000A\000T\000L\000.\000P\000A\000R\000I\000G\000I\000\040\000C\000A\000M\000I\000G\000L\000I\000A\000N\000O}{}% 1508
\BOOKMARK [1][]{section.1509}{\376\377\000L\000U\0001\0006\0004\000:\000\040\000G\000.\000S\000.\000\040\000L\000A\000M\000M\000A\000R\000I}{}% 1509
\BOOKMARK [1][]{section.1510}{\376\377\000L\000U\0002\0002\0009\000:\000\040\000G\000R\000U\000P\000P\000O\000\040\000M\000A\000R\000C\000I\000A\000T\000O\000R\000I\000\040\000B\000A\000R\000G\000A}{}% 1510
\BOOKMARK [1][]{section.1511}{\376\377\000L\000U\0003\0005\0001\000:\000\040\000G\000.\000P\000.\000\040\000P\000A\000R\000C\000O\000\040\000A\000L\000P\000I\000\040\000A\000P\000U\000A\000N\000E}{}% 1511
\BOOKMARK [1][]{section.1512}{\376\377\000L\000U\0003\0007\0004\000:\000\040\000V\000E\000R\000S\000I\000L\000I\000A\000\040\000S\000P\000O\000R\000T}{}% 1512
\BOOKMARK [1][]{section.1513}{\376\377\000L\000U\0003\0008\0007\000:\000\040\000A\000S\000D\000\040\000L\000U\000C\000C\000A\000\040\000M\000A\000R\000A\000T\000H\000O\000N}{}% 1513
\BOOKMARK [1][]{section.1514}{\376\377\000L\000U\0004\0001\0004\000:\000\040\000A\000.\000S\000.\000D\000.\000\040\000M\000A\000R\000C\000I\000A\000T\000O\000R\000I\000\040\000A\000N\000T\000R\000A\000C\000C\000O\000L\000I}{}% 1514
\BOOKMARK [1][]{section.1515}{\376\377\000L\000U\0004\0005\0006\000:\000\040\000P\000O\000L\000I\000S\000P\000O\000R\000T\000I\000V\000A\000\040\000Q\000U\000E\000R\000C\000E\000T\000A}{}% 1515
\BOOKMARK [1][]{section.1516}{\376\377\000L\000U\0004\0009\0000\000:\000\040\000A\000S\000D\000\040\000P\000E\000G\000A\000S\000O}{}% 1516
\BOOKMARK [1][]{section.1517}{\376\377\000L\000U\0004\0009\0009\000:\000\040\000A\000S\000D\000\040\000G\000R\000U\000P\000P\000O\000\040\000S\000P\000O\000R\000T\000I\000V\000O\000\040\000L\000U\000C\000C\000H\000E\000S\000E}{}% 1517
\BOOKMARK [1][]{section.1518}{\376\377\000L\000U\0005\0001\0002\000:\000\040\000A\000S\000D\000\040\000V\000I\000A\000R\000E\000G\000G\000I\000O\000\040\000R\000U\000N}{}% 1518
\BOOKMARK [1][]{section.1519}{\376\377\000L\000U\0005\0002\0002\000:\000\040\000A\000S\000D\000\040\000A\000T\000L\000E\000T\000I\000C\000A\000\040\000T\000D\000L}{}% 1519
\BOOKMARK [1][]{section.1520}{\376\377\000M\000C\0000\0000\0001\000:\000\040\000C\000.\000U\000.\000S\000.\000\040\000C\000A\000M\000E\000R\000I\000N\000O}{}% 1520
\BOOKMARK [1][]{section.1521}{\376\377\000M\000C\0000\0000\0002\000:\000\040\000A\000T\000L\000.\000\040\000T\000O\000L\000E\000N\000T\000I\000N\000O}{}% 1521
\BOOKMARK [1][]{section.1522}{\376\377\000M\000C\0000\0000\0004\000:\000\040\000A\000T\000L\000.\000\040\000A\000V\000I\000S\000\040\000M\000A\000C\000E\000R\000A\000T\000A}{}% 1522
\BOOKMARK [1][]{section.1523}{\376\377\000M\000C\0000\0000\0007\000:\000\040\000G\000R\000O\000T\000T\000I\000N\000I\000\040\000T\000E\000A\000M\000\040\000R\000E\000C\000A\000N\000A\000T\000I\000\040\000A\000S\000D}{}% 1523
\BOOKMARK [1][]{section.1524}{\376\377\000M\000C\0000\0000\0008\000:\000\040\000S\000.\000E\000.\000F\000.\000\040\000M\000A\000C\000E\000R\000A\000T\000A}{}% 1524
\BOOKMARK [1][]{section.1525}{\376\377\000M\000C\0000\0000\0009\000:\000\040\000A\000T\000L\000.\000\040\000M\000O\000N\000T\000E\000C\000A\000S\000S\000I\000A\000N\000O}{}% 1525
\BOOKMARK [1][]{section.1526}{\376\377\000M\000C\0000\0001\0000\000:\000\040\000S\000A\000C\000E\000N\000\040\000C\000O\000R\000R\000I\000D\000O\000N\000I\000A}{}% 1526
\BOOKMARK [1][]{section.1527}{\376\377\000M\000C\0000\0001\0001\000:\000\040\000A\000T\000L\000E\000T\000I\000C\000A\000\040\000C\000I\000V\000I\000T\000A\000N\000O\000V\000A}{}% 1527
\BOOKMARK [1][]{section.1528}{\376\377\000M\000C\0000\0001\0002\000:\000\040\000C\000I\000V\000I\000T\000A\000N\000O\000V\000A\000\040\000T\000R\000A\000C\000K\000\040\000C\000L\000U\000B}{}% 1528
\BOOKMARK [1][]{section.1529}{\376\377\000M\000C\0000\0001\0005\000:\000\040\000A\000S\000D\000.\000A\000T\000L\000.\000A\000M\000A\000T\000O\000R\000I\000\040\000S\000A\000N\000G\000I\000U\000S\000T\000E\000S\000E}{}% 1529
\BOOKMARK [1][]{section.1530}{\376\377\000M\000C\0000\0001\0008\000:\000\040\000P\000O\000L\000\040\000A\000C\000L\000I\000\040\000M\000A\000C\000E\000R\000A\000T\000A}{}% 1530
\BOOKMARK [1][]{section.1531}{\376\377\000M\000C\0000\0002\0005\000:\000\040\000A\000T\000L\000.\000\040\000P\000O\000T\000E\000N\000Z\000A\000\040\000P\000I\000C\000E\000N\000A}{}% 1531
\BOOKMARK [1][]{section.1532}{\376\377\000M\000C\0000\0002\0008\000:\000\040\000A\000.\000A\000T\000L\000.\000\040\000T\000R\000O\000D\000I\000C\000A}{}% 1532
\BOOKMARK [1][]{section.1533}{\376\377\000M\000C\0000\0003\0002\000:\000\040\000A\000.\000S\000.\000D\000.\000\040\000A\000P\000O\000S\000\040\000C\000O\000R\000R\000I\000D\000O\000N\000I\000A}{}% 1533
\BOOKMARK [1][]{section.1534}{\376\377\000M\000C\0000\0003\0004\000:\000\040\000G\000R\000O\000T\000T\000I\000N\000I\000\040\000T\000E\000A\000M}{}% 1534
\BOOKMARK [1][]{section.1535}{\376\377\000M\000C\0000\0003\0005\000:\000\040\000A\000S\000D\000.\000\040\000A\000T\000L\000E\000T\000I\000C\000A\000\040\000C\000I\000N\000G\000O\000L\000I}{}% 1535
\BOOKMARK [1][]{section.1536}{\376\377\000M\000C\0000\0003\0006\000:\000\040\000A\000T\000L\000E\000T\000I\000C\000A\000\040\000S\000A\000N\000\040\000S\000E\000V\000E\000R\000I\000N\000O}{}% 1536
\BOOKMARK [1][]{section.1537}{\376\377\000M\000C\0000\0003\0007\000:\000\040\000G\000.\000P\000.\000\040\000A\000V\000I\000S\000\040\000C\000A\000S\000T\000E\000L\000R\000A\000I\000M\000O\000N\000D\000O}{}% 1537
\BOOKMARK [1][]{section.1538}{\376\377\000M\000C\0000\0003\0008\000:\000\040\000A\000T\000L\000E\000T\000I\000C\000A\000\040\000A\000V\000I\000S\000\040\000S\000A\000R\000N\000A\000N\000O}{}% 1538
\BOOKMARK [1][]{section.1539}{\376\377\000M\000C\0000\0003\0009\000:\000\040\000A\000T\000H\000L\000E\000T\000I\000C\000\040\000T\000E\000A\000M\000\040\000C\000I\000V\000I\000T\000A\000N\000O\000V\000A\000\040\000M\000A\000R\000C\000H}{}% 1539
\BOOKMARK [1][]{section.1540}{\376\377\000M\000C\0000\0004\0000\000:\000\040\000A\000.\000S\000.\000D\000.\000\040\000S\000A\000N\000\040\000S\000E\000V\000E\000R\000I\000N\000O\000\040\000M\000A\000R\000C\000H\000E}{}% 1540
\BOOKMARK [1][]{section.1541}{\376\377\000M\000C\0000\0004\0001\000:\000\040\000P\000O\000L\000I\000S\000P\000O\000R\000T\000I\000V\000A\000\040\000M\000O\000N\000T\000E\000C\000A\000S\000S\000I\000A\000N\000O\000\040\000A\000S\000D}{}% 1541
\BOOKMARK [1][]{section.1542}{\376\377\000M\000C\0000\0004\0002\000:\000\040\000A\000.\000S\000.\000D\000.\000\040\000A\000T\000L\000E\000T\000I\000C\000A\000\040\000A\000M\000A\000\040\000C\000I\000V\000I\000T\000A\000N\000O\000V\000A}{}% 1542
\BOOKMARK [1][]{section.1543}{\376\377\000M\000C\0000\0004\0004\000:\000\040\000N\000U\000O\000V\000A\000\040\000A\000T\000L\000E\000T\000I\000C\000A\000\040\000S\000A\000N\000G\000I\000U\000S\000T\000E\000S\000E}{}% 1543
\BOOKMARK [1][]{section.1544}{\376\377\000M\000C\0000\0004\0005\000:\000\040\000A\000S\000D\000\040\000B\000I\000K\000E\000\040\000T\000E\000A\000M\000\040\000M\000O\000N\000T\000I\000\040\000A\000Z\000Z\000U\000R\000R\000I}{}% 1544
\BOOKMARK [1][]{section.1545}{\376\377\000M\000C\0000\0004\0006\000:\000\040\000A\000T\000L\000.\000L\000E\000G\000.\000E\000\040\000T\000R\000I\000A\000T\000H\000L\000O\000N\000\040\000T\000R\000A\000C\000K\000C\000L\000U\000B}{}% 1545
\BOOKMARK [1][]{section.1546}{\376\377\000M\000C\0000\0004\0007\000:\000\040\000A\000.\000S\000.\000D\000.\000\040\000C\000R\000A\000Z\000Y\000\040\000S\000P\000O\000R\000T}{}% 1546
\BOOKMARK [1][]{section.1547}{\376\377\000M\000C\0000\0004\0008\000:\000\040\000T\000I\000M\000B\000E\000R\000W\000O\000L\000F\000\040\000C\000I\000N\000G\000O\000L\000I\000\040\000A\000.\000S\000.\000D\000.}{}% 1547
\BOOKMARK [1][]{section.1548}{\376\377\000M\000C\0000\0005\0000\000:\000\040\000A\000.\000S\000.\000D\000.\000\040\000E\000L\000L\000E\000M\000M\000E\000\040\000A\000T\000H\000L\000E\000T\000I\000C\000\040\000T\000E\000A\000M}{}% 1548
\BOOKMARK [1][]{section.1549}{\376\377\000M\000C\0000\0005\0001\000:\000\040\000C\000U\000S\000\040\000M\000A\000C\000E\000R\000A\000T\000A}{}% 1549
\BOOKMARK [1][]{section.1550}{\376\377\000M\000C\0000\0005\0002\000:\000\040\000A\000.\000S\000.\000D\000.\000B\000I\000K\000E\000\040\000Z\000O\000N\000E}{}% 1550
\BOOKMARK [1][]{section.1551}{\376\377\000M\000C\0000\0005\0003\000:\000\040\000A\000T\000L\000.\000M\000.\000S\000.\000G\000I\000U\000S\000T\000O\000\040\000C\000I\000T\000T\000A\000'\000\040\000D\000E\000L\000\040\000S\000O\000R\000R}{}% 1551
\BOOKMARK [1][]{section.1552}{\376\377\000M\000E\0000\0009\0005\000:\000\040\000A\000S\000D\000\040\000A\000T\000L\000.\000P\000U\000G\000L\000I\000S\000I\000\040\000P\000R\000O\000F\000.\000G\000I\000U\000S\000E\000P\000P\000E}{}% 1552
\BOOKMARK [1][]{section.1553}{\376\377\000M\000E\0000\0009\0007\000:\000\040\000A\000.\000S\000.\000D\000.\000\040\000P\000O\000L\000\040\000M\000O\000V\000I\000M\000.\000\040\000N\000O\000N\000\040\000V\000I\000O\000L\000E\000N\000T\000O}{}% 1553
\BOOKMARK [1][]{section.1554}{\376\377\000M\000E\0000\0009\0008\000:\000\040\000A\000.\000S\000.\000D\000.\000\040\000C\000.\000U\000.\000S\000.\000\040\000M\000E\000S\000S\000I\000N\000A}{}% 1554
\BOOKMARK [1][]{section.1555}{\376\377\000M\000E\0000\0009\0009\000:\000\040\000A\000.\000S\000.\000\040\000D\000I\000L\000.\000\040\000P\000O\000L\000.\000M\000E\000S\000S\000I\000N\000A}{}% 1555
\BOOKMARK [1][]{section.1556}{\376\377\000M\000E\0001\0000\0000\000:\000\040\000A\000.\000S\000.\000\040\000D\000I\000L\000E\000T\000T\000.\000\040\000G\000.\000S\000.\000I\000N\000D\000O\000M\000I\000T\000A}{}% 1556
\BOOKMARK [1][]{section.1557}{\376\377\000M\000E\0001\0000\0001\000:\000\040\000A\000S\000S\000.\000\040\000S\000P\000O\000R\000T\000.\000\040\000D\000I\000L\000.\000\040\000U\000.\000S\000.\000\040\000P\000E\000L\000O\000R\000O}{}% 1557
\BOOKMARK [1][]{section.1558}{\376\377\000M\000E\0001\0000\0002\000:\000\040\000A\000.\000S\000.\000\040\000D\000I\000L\000E\000T\000T\000.\000\040\000A\000T\000L\000.\000V\000I\000L\000L\000A\000F\000R\000A\000N\000C\000A}{}% 1558
\BOOKMARK [1][]{section.1559}{\376\377\000M\000E\0001\0000\0003\000:\000\040\000U\000.\000S\000.\000\040\000D\000I\000L\000.\000\040\000T\000Y\000N\000D\000A\000R\000I\000S\000\040\000P\000A\000T\000T\000E\000S\000E}{}% 1559
\BOOKMARK [1][]{section.1560}{\376\377\000M\000E\0001\0000\0004\000:\000\040\000A\000.\000S\000.\000D\000.\000\040\000F\000I\000A\000M\000M\000A\000\040\000M\000E\000S\000S\000I\000N\000A}{}% 1560
\BOOKMARK [1][]{section.1561}{\376\377\000M\000E\0001\0000\0005\000:\000\040\000A\000.\000S\000.\000D\000.\000\040\000P\000O\000L\000.\000\040\000A\000T\000L\000.\000\040\000M\000E\000S\000S\000I\000N\000A}{}% 1561
\BOOKMARK [1][]{section.1562}{\376\377\000M\000E\0001\0000\0007\000:\000\040\000A\000.\000S\000.\000\040\000D\000I\000L\000.\000\040\000P\000O\000L\000.\000F\000I\000A\000M\000M\000A\000\040\000T\000I\000R\000R\000E\000N\000I\000C\000A}{}% 1562
\BOOKMARK [1][]{section.1563}{\376\377\000M\000E\0001\0000\0009\000:\000\040\000A\000.\000S\000.\000D\000.\000\040\000P\000O\000L\000.\000F\000I\000A\000M\000M\000A\000\040\000Z\000A\000N\000C\000L\000E}{}% 1563
\BOOKMARK [1][]{section.1564}{\376\377\000M\000E\0001\0001\0000\000:\000\040\000A\000.\000S\000.\000\040\000D\000I\000L\000.\000\040\000T\000O\000R\000R\000E\000B\000I\000A\000N\000C\000A}{}% 1564
\BOOKMARK [1][]{section.1565}{\376\377\000M\000E\0001\0001\0002\000:\000\040\000A\000S\000D\000\040\000D\000U\000I\000L\000I\000A\000\040\000B\000A\000R\000C\000E\000L\000L\000O\000N\000A\000\040\000P\000.\000G\000.}{}% 1565
\BOOKMARK [1][]{section.1566}{\376\377\000M\000E\0001\0001\0004\000:\000\040\000A\000.\000S\000.\000\040\000D\000I\000L\000.\000\040\000M\000E\000S\000S\000I\000N\000A\000\040\0002\0000\0000\0000}{}% 1566
\BOOKMARK [1][]{section.1567}{\376\377\000M\000E\0001\0005\0008\000:\000\040\000A\000.\000S\000.\000\040\000D\000I\000L\000.\000\040\000P\000O\000L\000.\000M\000I\000L\000A\000Z\000Z\000O}{}% 1567
\BOOKMARK [1][]{section.1568}{\376\377\000M\000E\0001\0005\0009\000:\000\040\000A\000.\000S\000.\000\040\000D\000I\000L\000.\000\040\000C\000L\000U\000B\000\040\000A\000T\000L\000.\000T\000O\000R\000R\000E\000S\000E}{}% 1568
\BOOKMARK [1][]{section.1569}{\376\377\000M\000E\0001\0006\0002\000:\000\040\000A\000.\000S\000.\000D\000.\000\040\000P\000O\000L\000.\000\040\000F\000O\000R\000T\000E\000\040\000G\000O\000N\000Z\000A\000G\000A\000\040\000M\000E}{}% 1569
\BOOKMARK [1][]{section.1570}{\376\377\000M\000E\0002\0000\0001\000:\000\040\000A\000.\000S\000.\000D\000.\000\040\000F\000O\000S\000C\000O\000L\000O\000\040\000B\000A\000R\000C\000E\000L\000L\000O\000N\000A}{}% 1570
\BOOKMARK [1][]{section.1571}{\376\377\000M\000E\0002\0006\0008\000:\000\040\000A\000.\000S\000.\000D\000.\000\040\000G\000S\000C\000R\000\040\000S\000A\000N\000\040\000P\000I\000E\000T\000R\000O\000\040\000M\000I\000L\000A\000Z\000Z\000O}{}% 1571
\BOOKMARK [1][]{section.1572}{\376\377\000M\000E\0003\0002\0008\000:\000\040\000A\000S\000D\000\040\000G\000.\000S\000.\000\040\000A\000V\000I\000S\000\040\000C\000A\000S\000T\000E\000L\000L\000'\000U\000M\000B\000E\000R\000T\000O}{}% 1572
\BOOKMARK [1][]{section.1573}{\376\377\000M\000E\0003\0008\0000\000:\000\040\000A\000.\000S\000.\000D\000.\000\040\000P\000O\000L\000I\000S\000P\000O\000R\000T\000I\000V\000A\000\040\000G\000I\000O\000I\000O\000S\000A}{}% 1573
\BOOKMARK [1][]{section.1574}{\376\377\000M\000E\0003\0009\0001\000:\000\040\000A\000.\000S\000.\000D\000.\000\040\000S\000T\000I\000L\000E\000L\000I\000B\000E\000R\000O}{}% 1574
\BOOKMARK [1][]{section.1575}{\376\377\000M\000E\0004\0000\0002\000:\000\040\000A\000.\000S\000.\000D\000.\000\040\000P\000O\000L\000.\000E\000U\000R\000O\000P\000A\000\040\000M\000E\000S\000S\000I\000N\000A}{}% 1575
\BOOKMARK [1][]{section.1576}{\376\377\000M\000E\0004\0003\0000\000:\000\040\000P\000O\000L\000.\000\040\000M\000O\000N\000F\000O\000R\000T\000E\000S\000E\000\040\000R\000U\000N\000N\000I\000N\000G}{}% 1576
\BOOKMARK [1][]{section.1577}{\376\377\000M\000E\0004\0003\0005\000:\000\040\000A\000T\000L\000E\000T\000I\000C\000A\000\040\000A\000M\000A\000S\000T\000R\000A\000T\000I\000N\000A}{}% 1577
\BOOKMARK [1][]{section.1578}{\376\377\000M\000E\0004\0004\0000\000:\000\040\000A\000.\000S\000.\000\040\000D\000I\000L\000.\000\040\000'\000A\000T\000H\000L\000O\000N\000\040\000S\000.\000G\000I\000O\000R\000G\000I\000O\000'}{}% 1578
\BOOKMARK [1][]{section.1579}{\376\377\000M\000E\0004\0006\0008\000:\000\040\000A\000.\000S\000.\000D\000.\000\040\000M\000A\000R\000A\000T\000H\000O\000N\000\040\000C\000L\000U\000B\000\040\000M\000E\000S\000S\000I\000N\000A}{}% 1579
\BOOKMARK [1][]{section.1580}{\376\377\000M\000E\0004\0007\0001\000:\000\040\000A\000.\000S\000.\000D\000.\000\040\000M\000A\000R\000A\000T\000H\000O\000N\000\040\000C\000L\000U\000B\000\040\000T\000A\000O\000R\000M\000I\000N\000A}{}% 1580
\BOOKMARK [1][]{section.1581}{\376\377\000M\000E\0004\0008\0000\000:\000\040\000A\000.\000S\000.\000D\000.\000\040\000P\000O\000D\000I\000S\000T\000I\000C\000A\000\040\000P\000A\000T\000T\000E\000S\000E}{}% 1581
\BOOKMARK [1][]{section.1582}{\376\377\000M\000E\0004\0008\0002\000:\000\040\000A\000.\000S\000.\000D\000.\000\040\000I\000T\000I\000S\000\040\000E\000T\000T\000O\000R\000E\000\040\000M\000A\000J\000O\000R\000A\000N\000A}{}% 1582
\BOOKMARK [1][]{section.1583}{\376\377\000M\000E\0005\0001\0002\000:\000\040\000A\000.\000S\000.\000\040\000D\000I\000L\000.\000\040\000F\000I\000D\000I\000P\000P\000I\000D\000E\000\040\000M\000E\000S\000S\000I\000N\000A}{}% 1583
\BOOKMARK [1][]{section.1584}{\376\377\000M\000E\0005\0002\0005\000:\000\040\000A\000S\000D\000\040\000M\000E\000E\000T\000I\000N\000G\000\040\000S\000P\000O\000R\000T\000I\000N\000G\000\040\000C\000L\000U\000B\000\040\000R\000U\000N\000N}{}% 1584
\BOOKMARK [1][]{section.1585}{\376\377\000M\000E\0005\0002\0009\000:\000\040\000A\000.\000S\000.\000D\000.\000\040\000T\000A\000O\000R\000M\000I\000N\000A\000\040\000A\000T\000H\000L\000E\000T\000I\000C\000\040\000C\000L\000U\000B}{}% 1585
\BOOKMARK [1][]{section.1586}{\376\377\000M\000E\0005\0004\0000\000:\000\040\000A\000.\000D\000.\000\040\000P\000O\000L\000\040\000O\000D\000Y\000S\000S\000E\000U\000S\000\040\000M\000E\000S\000S\000I\000N\000A}{}% 1586
\BOOKMARK [1][]{section.1587}{\376\377\000M\000E\0005\0009\0001\000:\000\040\000A\000.\000S\000.\000D\000.\000\040\000P\000O\000D\000I\000S\000T\000I\000C\000A\000\040\000M\000E\000S\000S\000I\000N\000A}{}% 1587
\BOOKMARK [1][]{section.1588}{\376\377\000M\000E\0006\0000\0004\000:\000\040\000A\000.\000S\000.\000D\000.\000\040\000D\000R\000E\000A\000M\000\040\000A\000T\000L\000E\000T\000I\000C\000A\000\040\000M\000I\000L\000A\000Z\000Z\000O}{}% 1588
\BOOKMARK [1][]{section.1589}{\376\377\000M\000E\0006\0002\0002\000:\000\040\000A\000.\000S\000.\000D\000.\000\040\000P\000O\000D\000I\000S\000T\000I\000C\000A\000\040\000B\000A\000R\000C\000E\000L\000L\000O\000N\000A}{}% 1589
\BOOKMARK [1][]{section.1590}{\376\377\000M\000E\0006\0002\0009\000:\000\040\000A\000.\000S\000.\000D\000.\000P\000O\000D\000I\000S\000T\000I\000C\000A\000\040\000C\000A\000P\000O\000\040\000D\000'\000O\000R\000L\000A\000N\000D\000O}{}% 1590
\BOOKMARK [1][]{section.1591}{\376\377\000M\000E\0006\0005\0009\000:\000\040\000A\000.\000S\000.\000D\000.\000\040\000A\000T\000L\000E\000T\000I\000C\000A\000\040\000N\000E\000B\000R\000O\000D\000I}{}% 1591
\BOOKMARK [1][]{section.1592}{\376\377\000M\000E\0007\0002\0000\000:\000\040\000A\000.\000S\000.\000D\000.\000\040\000P\000E\000R\000S\000E\000U\000S}{}% 1592
\BOOKMARK [1][]{section.1593}{\376\377\000M\000E\0007\0003\0001\000:\000\040\000S\000C\000U\000O\000L\000A\000\040\000D\000I\000\040\000A\000.\000L\000.\000\040\000N\000E\000B\000R\000O\000D\000I}{}% 1593
\BOOKMARK [1][]{section.1594}{\376\377\000M\000E\0007\0003\0005\000:\000\040\000A\000.\000S\000.\000D\000.\000P\000R\000O\000F\000O\000R\000M\000\040\000M\000E\000\040\000R\000O\000A\000D\000\040\000R\000U\000N\000N\000E\000R\000S}{}% 1594
\BOOKMARK [1][]{section.1595}{\376\377\000M\000E\0007\0004\0000\000:\000\040\000A\000T\000L\000E\000T\000I\000C\000A\000\040\000S\000A\000V\000O\000C\000A\000\040\000S\000S\000D\000\040\000A\000\040\000R\000L}{}% 1595
\BOOKMARK [1][]{section.1596}{\376\377\000M\000E\0007\0004\0001\000:\000\040\000A\000S\000S\000.\000\040\000A\000N\000S\000P\000I\000\040\000A\000.\000S\000.\000D\000.\000\040\000A\000M\000A\000T\000O\000R\000I\000\040\000S\000.\000\040\000A}{}% 1596
\BOOKMARK [1][]{section.1597}{\376\377\000M\000E\0007\0004\0002\000:\000\040\000A\000S\000D\000\040\000P\000O\000L\000.\000\040\000A\000L\000B\000A\000T\000R\000O\000S\000\040\000M\000E\000S\000S\000I\000N\000A\000\040\0002\000.\0000}{}% 1597
\BOOKMARK [1][]{section.1598}{\376\377\000M\000E\0007\0004\0005\000:\000\040\000A\000S\000D\000\040\000A\000T\000L\000.\000\040\000C\000I\000T\000T\000A\000'\000\040\000D\000I\000\040\000M\000I\000S\000T\000R\000E\000T\000T\000A}{}% 1598
\BOOKMARK [1][]{section.1599}{\376\377\000M\000I\0000\0000\0008\000:\000\040\000A\000C\000C\000A\000D\000E\000M\000I\000A\000\040\000M\000E\000L\000E\000G\000N\000A\000N\000O\000\040\000A\000T\000L\000\040\000A\000S\000D}{}% 1599
\BOOKMARK [1][]{section.1600}{\376\377\000M\000I\0000\0000\0009\000:\000\040\000A\000T\000L\000E\000T\000I\000C\000A\000\040\000C\000O\000D\000O\000G\000N\000O\000\040\000A\000S\000D}{}% 1600
\BOOKMARK [1][]{section.1601}{\376\377\000M\000I\0000\0002\0000\000:\000\040\000T\000E\000A\000M\000\040\000O\000N\000D\000A\000V\000E\000R\000D\000E\000\040\000A\000.\000S\000.\000D\000.}{}% 1601
\BOOKMARK [1][]{section.1602}{\376\377\000M\000I\0000\0002\0002\000:\000\040\000C\000A\000N\000O\000T\000T\000I\000E\000R\000I\000\040\000M\000I\000L\000A\000N\000O}{}% 1602
\BOOKMARK [1][]{section.1603}{\376\377\000M\000I\0000\0002\0008\000:\000\040\000U\000N\000A\000\040\000T\000R\000I\000A\000T\000H\000L\000O\000N\000\040\000T\000E\000A\000M\000\040\000A\000S\000D}{}% 1603
\BOOKMARK [1][]{section.1604}{\376\377\000M\000I\0000\0003\0002\000:\000\040\000P\000O\000L\000.\000\040\000T\000E\000A\000M\000\040\000B\000R\000I\000A\000N\000Z\000A\000\040\000L\000I\000S\000S\000O\000N\000E}{}% 1604
\BOOKMARK [1][]{section.1605}{\376\377\000M\000I\0000\0004\0006\000:\000\040\000A\000T\000L\000.\000\040\000C\000O\000G\000L\000I\000A\000T\000E}{}% 1605
\BOOKMARK [1][]{section.1606}{\376\377\000M\000I\0000\0004\0008\000:\000\040\000A\000T\000L\000.\000\040\000C\000A\000N\000E\000G\000R\000A\000T\000E\000\040\0001\0009\0006\0004}{}% 1606
\BOOKMARK [1][]{section.1607}{\376\377\000M\000I\0000\0005\0002\000:\000\040\000S\000.\000G\000.\000M\000.\000\040\000F\000O\000R\000Z\000A\000\040\000E\000\040\000C\000O\000R\000A\000G\000G\000I\000O}{}% 1607
\BOOKMARK [1][]{section.1608}{\376\377\000M\000I\0000\0005\0003\000:\000\040\000U\000.\000S\000.\000\040\000V\000I\000R\000T\000U\000S\000\040\000B\000I\000N\000A\000S\000C\000O\000\040\000A\000T\000L\000.}{}% 1608
\BOOKMARK [1][]{section.1609}{\376\377\000M\000I\0000\0005\0004\000:\000\040\000U\000.\000S\000.\000\040\000A\000T\000L\000.\000\040\000V\000E\000D\000A\000N\000O}{}% 1609
\BOOKMARK [1][]{section.1610}{\376\377\000M\000I\0000\0005\0007\000:\000\040\000A\000T\000L\000.\000\040\0007\0000\000\040\000S\000E\000R\000E\000G\000N\000O}{}% 1610
\BOOKMARK [1][]{section.1611}{\376\377\000M\000I\0000\0006\0000\000:\000\040\000A\000T\000L\000.\000\040\000L\000E\000G\000N\000A\000N\000O}{}% 1611
\BOOKMARK [1][]{section.1612}{\376\377\000M\000I\0000\0006\0002\000:\000\040\000V\000I\000R\000T\000U\000S\000\040\000G\000R\000O\000A\000N\000E}{}% 1612
\BOOKMARK [1][]{section.1613}{\376\377\000M\000I\0000\0006\0003\000:\000\040\000A\000T\000L\000.\000\040\000C\000E\000S\000A\000N\000O\000\040\000M\000A\000D\000E\000R\000N\000O}{}% 1613
\BOOKMARK [1][]{section.1614}{\376\377\000M\000I\0000\0006\0004\000:\000\040\000S\000P\000O\000R\000T\000I\000V\000A\000\040\000M\000E\000T\000A\000N\000O\000P\000O\000L\000I}{}% 1614
\BOOKMARK [1][]{section.1615}{\376\377\000M\000I\0000\0006\0005\000:\000\040\000A\000T\000L\000.\000\040\000C\000O\000N\000C\000O\000R\000E\000Z\000Z\000O}{}% 1615
\BOOKMARK [1][]{section.1616}{\376\377\000M\000I\0000\0006\0006\000:\000\040\000S\000C\000U\000O\000L\000A\000\040\000S\000P\000O\000R\000T\000I\000V\000A\000\040\000A\000T\000L\000.\000\040\000P\000U\000N\000T\000O\000\040\000I\000T}{}% 1616
\BOOKMARK [1][]{section.1617}{\376\377\000M\000I\0000\0006\0007\000:\000\040\000P\000O\000L\000.\000\040\000A\000T\000L\000.\000\040\000B\000O\000L\000L\000A\000T\000E\000-\000N\000O\000V\000A\000T\000E}{}% 1617
\BOOKMARK [1][]{section.1618}{\376\377\000M\000I\0000\0006\0008\000:\000\040\000A\000T\000H\000L\000E\000T\000I\000C\000\040\000C\000L\000U\000B\000\040\000V\000I\000L\000L\000A\000S\000A\000N\000T\000A}{}% 1618
\BOOKMARK [1][]{section.1619}{\376\377\000M\000I\0000\0006\0009\000:\000\040\000A\000T\000L\000.\000\040\000C\000E\000R\000N\000U\000S\000C\000O}{}% 1619
\BOOKMARK [1][]{section.1620}{\376\377\000M\000I\0000\0007\0000\000:\000\040\000A\000.\000S\000.\000\040\000A\000T\000L\000.\000\040\000M\000E\000L\000E\000G\000N\000A\000N\000O}{}% 1620
\BOOKMARK [1][]{section.1621}{\376\377\000M\000I\0000\0007\0001\000:\000\040\000B\000.\000\040\000R\000.\000C\000.\000\040\000C\000A\000S\000T\000I\000G\000L\000I\000O\000N\000E\000\040\000D\000'\000A\000D\000D\000A}{}% 1621
\BOOKMARK [1][]{section.1622}{\376\377\000M\000I\0000\0007\0002\000:\000\040\000M\000E\000E\000T\000F\000I\000T}{}% 1622
\BOOKMARK [1][]{section.1623}{\376\377\000M\000I\0000\0007\0004\000:\000\040\000A\000T\000L\000.\000\040\000U\000.\000S\000.\000\040\000N\000E\000R\000V\000I\000A\000N\000E\000S\000E\000\040\0001\0009\0001\0009}{}% 1623
\BOOKMARK [1][]{section.1624}{\376\377\000M\000I\0000\0007\0005\000:\000\040\000A\000T\000L\000E\000T\000I\000C\000A\000\040\000C\000I\000N\000I\000S\000E\000L\000L\000O}{}% 1624
\BOOKMARK [1][]{section.1625}{\376\377\000M\000I\0000\0007\0006\000:\000\040\000G\000E\000A\000S\000\040\000A\000T\000L\000E\000T\000I\000C\000A}{}% 1625
\BOOKMARK [1][]{section.1626}{\376\377\000M\000I\0000\0007\0007\000:\000\040\000C\000U\000S\000\040\000P\000R\000O\000P\000A\000T\000R\000I\000A\000\040\000M\000I\000L\000A\000N\000O}{}% 1626
\BOOKMARK [1][]{section.1627}{\376\377\000M\000I\0000\0008\0000\000:\000\040\000A\000T\000L\000.\000\040\000R\000I\000C\000C\000A\000R\000D\000I\000\040\000M\000I\000L\000A\000N\000O\000\040\0001\0009\0004\0006}{}% 1627
\BOOKMARK [1][]{section.1628}{\376\377\000M\000I\0000\0008\0003\000:\000\040\000A\000T\000L\000.\000\040\000P\000A\000R\000A\000B\000I\000A\000G\000O}{}% 1628
\BOOKMARK [1][]{section.1629}{\376\377\000M\000I\0000\0008\0004\000:\000\040\000A\000T\000L\000.\000\040\000M\000E\000D\000A}{}% 1629
\BOOKMARK [1][]{section.1630}{\376\377\000M\000I\0000\0008\0005\000:\000\040\000G\000I\000N\000N\000.\000M\000O\000N\000Z\000E\000S\000E\000\040\000F\000O\000R\000T\000I\000\040\000E\000\040\000L\000I\000B\000E\000R\000I}{}% 1630
\BOOKMARK [1][]{section.1631}{\376\377\000M\000I\0000\0008\0006\000:\000\040\000U\000N\000I\000C\000R\000E\000D\000I\000T\000\040\000C\000I\000R\000C\000.\000\040\000M\000I\000L\000A\000N\000O\000\040\000A\000P\000S\000\040\000A\000S\000D}{}% 1631
\BOOKMARK [1][]{section.1632}{\376\377\000M\000I\0000\0008\0007\000:\000\040\0005\000\040\000C\000E\000R\000C\000H\000I\000\040\000S\000E\000R\000E\000G\000N\000O}{}% 1632
\BOOKMARK [1][]{section.1633}{\376\377\000M\000I\0000\0008\0008\000:\000\040\000A\000.\000I\000.\000C\000.\000S\000.\000\040\000A\000T\000L\000.\000\040\000M\000I\000L\000A\000N\000O}{}% 1633
\BOOKMARK [1][]{section.1634}{\376\377\000M\000I\0000\0008\0009\000:\000\040\000P\000R\000O\000\040\000S\000E\000S\000T\000O\000\040\000A\000T\000L\000.\000\040\000C\000E\000R\000N\000U\000S\000C\000O}{}% 1634
\BOOKMARK [1][]{section.1635}{\376\377\000M\000I\0000\0009\0001\000:\000\040\000C\000E\000N\000T\000R\000O\000\040\000S\000C\000H\000U\000S\000T\000E\000R}{}% 1635
\BOOKMARK [1][]{section.1636}{\376\377\000M\000I\0000\0009\0003\000:\000\040\000S\000E\000Z\000.\000\040\000A\000T\000L\000.\000\040\000O\000R\000A\000T\000O\000R\000I\000O\000\040\000C\000O\000R\000N\000A\000R\000E\000D\000O}{}% 1636
\BOOKMARK [1][]{section.1637}{\376\377\000M\000I\0000\0009\0004\000:\000\040\000P\000O\000L\000.\000\040\000C\000A\000R\000U\000G\000A\000T\000E}{}% 1637
\BOOKMARK [1][]{section.1638}{\376\377\000M\000I\0000\0009\0005\000:\000\040\000D\000A\000I\000N\000I\000\040\000C\000A\000R\000A\000T\000E\000\040\000B\000R\000I\000A\000N\000Z\000A}{}% 1638
\BOOKMARK [1][]{section.1639}{\376\377\000M\000I\0000\0009\0008\000:\000\040\000P\000O\000L\000.\000\040\000B\000E\000S\000A\000N\000E\000S\000E}{}% 1639
\BOOKMARK [1][]{section.1640}{\376\377\000M\000I\0000\0009\0009\000:\000\040\000G\000.\000S\000.\000\040\000P\000L\000E\000I\000N\000\040\000A\000I\000R\000\040\000I\000N\000T\000.\000\040\000G\000R\000O\000A\000N\000E}{}% 1640
\BOOKMARK [1][]{section.1641}{\376\377\000M\000I\0001\0000\0001\000:\000\040\000A\000T\000L\000.\000\040\000B\000R\000E\000S\000S\000O}{}% 1641
\BOOKMARK [1][]{section.1642}{\376\377\000M\000I\0001\0000\0002\000:\000\040\000P\000.\000B\000.\000M\000.\000\040\000B\000O\000V\000I\000S\000I\000O\000\040\000M\000A\000S\000C\000I\000A\000G\000O}{}% 1642
\BOOKMARK [1][]{section.1643}{\376\377\000M\000I\0001\0000\0004\000:\000\040\000A\000I\000C\000S\000\040\000A\000T\000L\000.\000\040\000B\000I\000A\000S\000S\000O\000N\000O}{}% 1643
\BOOKMARK [1][]{section.1644}{\376\377\000M\000I\0001\0000\0006\000:\000\040\000S\000.\000S\000.\000\040\000A\000T\000L\000.\000\040\000D\000E\000S\000I\000O}{}% 1644
\BOOKMARK [1][]{section.1645}{\376\377\000M\000I\0001\0001\0006\000:\000\040\000G\000.\000S\000.\000A\000.\000\040\000B\000R\000U\000G\000H\000E\000R\000I\000O}{}% 1645
\BOOKMARK [1][]{section.1646}{\376\377\000M\000I\0001\0005\0007\000:\000\040\000P\000O\000L\000.\000B\000I\000E\000N\000A\000T\000E\000\040\000M\000A\000G\000N\000A\000G\000O\000\040\000A\000T\000L\000.}{}% 1646
\BOOKMARK [1][]{section.1647}{\376\377\000M\000I\0001\0005\0008\000:\000\040\000A\000T\000L\000.\000\040\000G\000E\000S\000S\000A\000T\000E}{}% 1647
\BOOKMARK [1][]{section.1648}{\376\377\000M\000I\0001\0005\0009\000:\000\040\000A\000T\000L\000.\000\040\000V\000A\000N\000Z\000A\000G\000H\000E\000L\000L\000O}{}% 1648
\BOOKMARK [1][]{section.1649}{\376\377\000M\000I\0001\0006\0000\000:\000\040\000S\000.\000O\000.\000I\000.\000\040\000I\000N\000V\000E\000R\000U\000N\000O}{}% 1649
\BOOKMARK [1][]{section.1650}{\376\377\000M\000I\0001\0006\0001\000:\000\040\000A\000T\000L\000E\000T\000I\000C\000A\000\040\000P\000.\000A\000.\000R\000.\000\040\000C\000A\000N\000E\000G\000R\000A\000T\000E}{}% 1650
\BOOKMARK [1][]{section.1651}{\376\377\000M\000I\0001\0006\0002\000:\000\040\000A\000T\000L\000.\000\040\000A\000G\000R\000A\000T\000E}{}% 1651
\BOOKMARK [1][]{section.1652}{\376\377\000M\000I\0001\0008\0009\000:\000\040\000A\000T\000L\000.\000\040\000A\000M\000B\000R\000O\000S\000I\000A\000N\000A}{}% 1652
\BOOKMARK [1][]{section.1653}{\376\377\000M\000I\0002\0000\0004\000:\000\040\000G\000.\000S\000.\000\040\000S\000A\000N\000\040\000D\000A\000M\000I\000A\000N\000E\000S\000E}{}% 1653
\BOOKMARK [1][]{section.1654}{\376\377\000M\000I\0002\0001\0000\000:\000\040\000S\000.\000C\000L\000U\000B\000\040\000L\000I\000B\000.\000\040\000S\000E\000S\000T\000O}{}% 1654
\BOOKMARK [1][]{section.1655}{\376\377\000M\000I\0002\0001\0001\000:\000\040\000P\000O\000L\000.\000\040\000N\000O\000V\000A\000T\000E}{}% 1655
\BOOKMARK [1][]{section.1656}{\376\377\000M\000I\0002\0001\0002\000:\000\040\000N\000U\000O\000V\000A\000\040\000A\000T\000L\000E\000T\000I\000C\000A\000\040\000A\000S\000T\000R\000O}{}% 1656
\BOOKMARK [1][]{section.1657}{\376\377\000M\000I\0002\0001\0003\000:\000\040\000I\000S\000O\000L\000A\000\040\000M\000I\000L\000A\000N\000O}{}% 1657
\BOOKMARK [1][]{section.1658}{\376\377\000M\000I\0002\0001\0004\000:\000\040\000A\000T\000L\000.\000\040\000V\000I\000S\000\040\000N\000O\000V\000A\000\040\000G\000I\000U\000S\000S\000A\000N\000O}{}% 1658
\BOOKMARK [1][]{section.1659}{\376\377\000M\000I\0002\0001\0005\000:\000\040\000U\000.\000S\000.\000\040\000S\000.\000V\000I\000T\000T\000O\000R\000E\000\040\000O\000.\000\040\0001\0009\0000\0006}{}% 1659
\BOOKMARK [1][]{section.1660}{\376\377\000M\000I\0002\0001\0008\000:\000\040\000N\000.\000A\000T\000L\000.\000\040\000F\000A\000N\000F\000U\000L\000L\000A\000\040\000L\000O\000D\000I\000G\000I\000A\000N\000A}{}% 1660
\BOOKMARK [1][]{section.1661}{\376\377\000M\000I\0002\0002\0001\000:\000\040\000B\000R\000A\000C\000C\000O\000\040\000A\000T\000L\000E\000T\000I\000C\000A}{}% 1661
\BOOKMARK [1][]{section.1662}{\376\377\000M\000I\0002\0003\0008\000:\000\040\000A\000T\000L\000.\000\040\000C\000A\000S\000S\000A\000N\000O\000\040\000D\000'\000A\000D\000D\000A}{}% 1662
\BOOKMARK [1][]{section.1663}{\376\377\000M\000I\0002\0004\0001\000:\000\040\000R\000U\000N\000N\000I\000N\000G\000\040\000C\000L\000U\000B\000\040\000C\000E\000S\000A\000N\000E\000S\000E}{}% 1663
\BOOKMARK [1][]{section.1664}{\376\377\000M\000I\0002\0004\0002\000:\000\040\000A\000L\000A\000\040\000A\000T\000L\000.\000\040\000A\000B\000B\000I\000A\000T\000E\000G\000R\000A\000S\000S\000O}{}% 1664
\BOOKMARK [1][]{section.1665}{\376\377\000M\000I\0002\0004\0004\000:\000\040\000U\000.\000S\000.\000\040\000S\000A\000N\000G\000I\000O\000R\000G\000E\000S\000E}{}% 1665
\BOOKMARK [1][]{section.1666}{\376\377\000M\000I\0002\0005\0009\000:\000\040\000C\000U\000S\000\040\000M\000I\000L\000A\000N\000O}{}% 1666
\BOOKMARK [1][]{section.1667}{\376\377\000M\000I\0002\0006\0005\000:\000\040\000R\000O\000A\000D\000\040\000R\000U\000N\000N\000E\000R\000S\000\040\000C\000L\000U\000B\000\040\000M\000I\000L\000A\000N\000O}{}% 1667
\BOOKMARK [1][]{section.1668}{\376\377\000M\000I\0002\0007\0001\000:\000\040\000L\000A\000\040\000M\000I\000C\000H\000E\000T\000T\000A}{}% 1668
\BOOKMARK [1][]{section.1669}{\376\377\000M\000I\0002\0007\0006\000:\000\040\000G\000.\000P\000.\000\040\000I\000\040\000G\000A\000M\000B\000E\000R\000\040\000D\000E\000\040\000C\000U\000N\000C\000U\000R\000E\000S\000S}{}% 1669
\BOOKMARK [1][]{section.1670}{\376\377\000M\000I\0002\0007\0009\000:\000\040\000A\000T\000L\000E\000T\000I\000C\000A\000\040\000A\000S\000S\000A\000G\000O}{}% 1670
\BOOKMARK [1][]{section.1671}{\376\377\000M\000I\0002\0009\0006\000:\000\040\000A\000T\000L\000.\000\040\000L\000A\000M\000B\000R\000O\000\040\000M\000I\000L\000A\000N\000O}{}% 1671
\BOOKMARK [1][]{section.1672}{\376\377\000M\000I\0003\0000\0007\000:\000\040\000C\000.\000B\000.\000A\000.\000\040\000C\000I\000N\000I\000S\000E\000L\000L\000O\000\040\000B\000A\000L\000S\000A\000M\000O\000\040\000A\000T\000L\000.}{}% 1672
\BOOKMARK [1][]{section.1673}{\376\377\000M\000I\0003\0000\0008\000:\000\040\000A\000T\000H\000L\000E\000T\000I\000C\000\040\000T\000E\000A\000M}{}% 1673
\BOOKMARK [1][]{section.1674}{\376\377\000M\000I\0003\0001\0000\000:\000\040\000P\000A\000D\000A\000N\000I\000A\000\040\000S\000P\000O\000R\000T}{}% 1674
\BOOKMARK [1][]{section.1675}{\376\377\000M\000I\0003\0001\0001\000:\000\040\000A\000Z\000Z\000U\000R\000R\000A\000\040\000G\000A\000R\000B\000A\000G\000N\000A\000T\000E\000\040\000M\000.\000S\000E}{}% 1675
\BOOKMARK [1][]{section.1676}{\376\377\000M\000I\0003\0001\0002\000:\000\040\000A\000T\000L\000.\000\040\000C\000A\000M\000P\000O\000\040\000G\000I\000U\000R\000I\000A\000T\000I}{}% 1676
\BOOKMARK [1][]{section.1677}{\376\377\000M\000I\0003\0001\0004\000:\000\040\000M\000O\000N\000T\000A\000G\000N\000E\000T\000T\000A\000\040\000S\000\040\000S\000K\000Y\000R\000U\000N\000N\000E\000R}{}% 1677
\BOOKMARK [1][]{section.1678}{\376\377\000M\000I\0003\0002\0002\000:\000\040\000A\000.\000A\000T\000L\000.\000\040\000C\000A\000S\000O\000R\000E\000Z\000Z\000O}{}% 1678
\BOOKMARK [1][]{section.1679}{\376\377\000M\000I\0003\0003\0000\000:\000\040\000A\000S\000P\000E\000S\000\040\000S\000S\000D\000\040\000R\000L}{}% 1679
\BOOKMARK [1][]{section.1680}{\376\377\000M\000I\0003\0003\0004\000:\000\040\000P\000.\000U\000S\000\040\000A\000C\000L\000I\000\040\000G\000I\000U\000R\000I\000A\000T\000I\000\040\000P\000.\000G\000A\000R\000I\000M\000O\000L\000D\000I}{}% 1680
\BOOKMARK [1][]{section.1681}{\376\377\000M\000I\0003\0003\0005\000:\000\040\000A\000T\000L\000.\000\040\000M\000U\000G\000G\000I\000O\000`}{}% 1681
\BOOKMARK [1][]{section.1682}{\376\377\000M\000I\0003\0005\0002\000:\000\040\000E\000U\000R\000O\000A\000T\000L\000E\000T\000I\000C\000A\000\040\0002\0000\0000\0002}{}% 1682
\BOOKMARK [1][]{section.1683}{\376\377\000M\000I\0003\0005\0004\000:\000\040\000S\000.\000I\000.\000S\000.\000\040\000A\000T\000L\000.\000\040\0008\0006}{}% 1683
\BOOKMARK [1][]{section.1684}{\376\377\000M\000I\0003\0005\0006\000:\000\040\000A\000S\000D\000\040\000A\000T\000L\000.\000\040\000S\000O\000V\000I\000C\000O}{}% 1684
\BOOKMARK [1][]{section.1685}{\376\377\000M\000I\0003\0006\0000\000:\000\040\000A\000T\000L\000.\000\040\0009\0009\000\040\000V\000I\000T\000T\000U\000O\000N\000E}{}% 1685
\BOOKMARK [1][]{section.1686}{\376\377\000M\000I\0003\0007\0004\000:\000\040\000U\000.\000S\000.\000\040\000A\000.\000C\000A\000S\000A\000T\000I\000\040\000A\000T\000L\000.}{}% 1686
\BOOKMARK [1][]{section.1687}{\376\377\000M\000I\0003\0007\0006\000:\000\040\000N\000.\000\040\000A\000T\000L\000.\000\040\0008\0007}{}% 1687
\BOOKMARK [1][]{section.1688}{\376\377\000M\000I\0003\0008\0000\000:\000\040\000A\000T\000L\000.\000\040\000C\000L\000U\000B\000\040\000C\000O\000R\000N\000A\000T\000E\000\040\000D\000'\000A\000D\000D\000A}{}% 1688
\BOOKMARK [1][]{section.1689}{\376\377\000M\000I\0003\0008\0002\000:\000\040\000A\000T\000L\000.\000\040\000S\000P\000O\000R\000T\000C\000E\000N\000T\000R\000O}{}% 1689
\BOOKMARK [1][]{section.1690}{\376\377\000M\000I\0003\0008\0007\000:\000\040\000C\000.\000T\000.\000L\000.\000\040\0003\000\040\000A\000T\000L\000E\000T\000I\000C\000A}{}% 1690
\BOOKMARK [1][]{section.1691}{\376\377\000M\000I\0003\0008\0008\000:\000\040\000A\000T\000L\000.\000\040\000S\000T\000R\000A\000M\000I\000L\000A\000N\000O}{}% 1691
\BOOKMARK [1][]{section.1692}{\376\377\000M\000I\0003\0009\0002\000:\000\040\000A\000T\000L\000.\000\040\000L\000I\000M\000B\000I\000A\000T\000E}{}% 1692
\BOOKMARK [1][]{section.1693}{\376\377\000M\000I\0003\0009\0006\000:\000\040\000G\000.\000S\000.\000A\000T\000L\000.\000\040\000I\000N\000Z\000A\000G\000O}{}% 1693
\BOOKMARK [1][]{section.1694}{\376\377\000M\000I\0004\0000\0003\000:\000\040\000M\000A\000R\000T\000E\000S\000A\000N\000A\000\040\000C\000O\000R\000S\000E}{}% 1694
\BOOKMARK [1][]{section.1695}{\376\377\000M\000I\0004\0000\0004\000:\000\040\000G\000.\000S\000.\000\040\000Z\000E\000L\000O\000F\000O\000R\000A\000M\000A\000G\000N\000O}{}% 1695
\BOOKMARK [1][]{section.1696}{\376\377\000M\000I\0004\0001\0009\000:\000\040\000A\000T\000L\000.\000\040\000V\000I\000G\000N\000A\000T\000E}{}% 1696
\BOOKMARK [1][]{section.1697}{\376\377\000M\000I\0004\0002\0002\000:\000\040\000U\000N\000I\000C\000R\000E\000D\000I\000T\000\040\000C\000I\000R\000C\000O\000L\000O\000\040\000M\000I\000L\000A\000N\000O}{}% 1697
\BOOKMARK [1][]{section.1698}{\376\377\000M\000I\0004\0002\0006\000:\000\040\000B\000A\000N\000C\000A\000\040\000R\000E\000G\000I\000O\000N\000A\000L\000E\000\040\000E\000U\000R\000O\000P\000E\000A}{}% 1698
\BOOKMARK [1][]{section.1699}{\376\377\000M\000I\0004\0005\0006\000:\000\040\000A\000T\000L\000E\000T\000I\000C\000A\000\040\000M\000I\000L\000A\000N\000E\000S\000E}{}% 1699
\BOOKMARK [1][]{section.1700}{\376\377\000M\000I\0004\0005\0008\000:\000\040\000G\000.\000P\000.\000\040\000G\000O\000R\000G\000O\000N\000Z\000O\000L\000A\000\040\0008\0008}{}% 1700
\BOOKMARK [1][]{section.1701}{\376\377\000M\000I\0004\0006\0002\000:\000\040\000A\000.\000\040\000A\000T\000L\000E\000T\000I}{}% 1701
\BOOKMARK [1][]{section.1702}{\376\377\000M\000I\0004\0006\0009\000:\000\040\000G\000.\000P\000.\000\040\000C\000A\000S\000A\000L\000E\000S\000E}{}% 1702
\BOOKMARK [1][]{section.1703}{\376\377\000M\000I\0004\0007\0007\000:\000\040\000F\000R\000I\000E\000S\000I\000A\000N\000\040\000T\000E\000A\000M}{}% 1703
\BOOKMARK [1][]{section.1704}{\376\377\000M\000I\0004\0007\0008\000:\000\040\000A\000T\000L\000E\000T\000I\000C\000A\000\040\000I\000N\000T\000E\000S\000A}{}% 1704
\BOOKMARK [1][]{section.1705}{\376\377\000M\000I\0004\0008\0001\000:\000\040\000G\000.\000P\000.\000\040\000V\000I\000L\000L\000A\000S\000A\000N\000T\000E\000S\000E}{}% 1705
\BOOKMARK [1][]{section.1706}{\376\377\000M\000I\0004\0008\0003\000:\000\040\000G\000.\000P\000.\000\040\000M\000A\000R\000C\000I\000A\000T\000O\000R\000I\000\040\000C\000O\000G\000L\000I\000A\000T\000E}{}% 1706
\BOOKMARK [1][]{section.1707}{\376\377\000M\000I\0004\0008\0005\000:\000\040\000M\000A\000R\000C\000I\000A\000T\000O\000R\000I\000\040\000D\000E\000S\000I\000O}{}% 1707
\BOOKMARK [1][]{section.1708}{\376\377\000M\000I\0004\0008\0009\000:\000\040\000A\000T\000L\000.\000\040\000V\000.\000C\000.\000A\000.\000\040\000M\000I\000L\000A\000N\000O}{}% 1708
\BOOKMARK [1][]{section.1709}{\376\377\000M\000I\0005\0000\0004\000:\000\040\000A\000.\000S\000.\000D\000.\000\040\000M\000A\000R\000C\000I\000A\000C\000A\000R\000A\000T\000E\000S\000I}{}% 1709
\BOOKMARK [1][]{section.1710}{\376\377\000M\000I\0005\0000\0006\000:\000\040\000M\000I\000L\000A\000N\000O\000\040\000C\000I\000T\000Y\000\040\000M\000A\000R\000A\000T\000H\000O\000N\000\040\000C\000L\000U\000B}{}% 1710
\BOOKMARK [1][]{section.1711}{\376\377\000M\000I\0005\0000\0007\000:\000\040\000A\000T\000L\000.\000\040\000C\000.\000R\000.\000A\000.\000\040\000I\000T\000A\000L\000T\000E\000L}{}% 1711
\BOOKMARK [1][]{section.1712}{\376\377\000M\000I\0005\0001\0003\000:\000\040\000T\000T\000C\000\040\000-\000\040\000T\000O\000P\000\040\000T\000R\000A\000I\000N\000I\000N\000G\000\040\000C\000L\000U\000B}{}% 1712
\BOOKMARK [1][]{section.1713}{\376\377\000M\000I\0005\0001\0006\000:\000\040\000A\000M\000I\000C\000I\000\040\000D\000E\000L\000L\000O\000\040\000S\000P\000O\000R\000T\000\040\000B\000R\000I\000O\000S\000C\000O\000-\000M\000I}{}% 1713
\BOOKMARK [1][]{section.1714}{\376\377\000M\000I\0005\0003\0001\000:\000\040\000P\000O\000L\000.\000\040\000N\000U\000O\000V\000A\000\040\000R\000O\000N\000C\000H\000E\000S\000E}{}% 1714
\BOOKMARK [1][]{section.1715}{\376\377\000M\000I\0005\0004\0001\000:\000\040\000G\000.\000P\000.\000\040\000C\000O\000D\000O\000G\000N\000O\000\040\0008\0002}{}% 1715
\BOOKMARK [1][]{section.1716}{\376\377\000M\000I\0005\0005\0001\000:\000\040\000A\000T\000L\000.\000\040\000D\000A\000\040\000P\000A\000U\000R\000A}{}% 1716
\BOOKMARK [1][]{section.1717}{\376\377\000M\000I\0005\0005\0002\000:\000\040\000G\000.\000S\000.\000\040\000M\000O\000N\000T\000E\000S\000T\000E\000L\000L\000A}{}% 1717
\BOOKMARK [1][]{section.1718}{\376\377\000M\000I\0005\0005\0005\000:\000\040\000G\000.\000S\000.\000\040\000A\000V\000I\000S\000\040\000-\000\040\000S\000E\000R\000E\000G\000N\000O}{}% 1718
\BOOKMARK [1][]{section.1719}{\376\377\000M\000I\0005\0007\0000\000:\000\040\000P\000O\000L\000.\000\040\000I\000S\000T\000I\000T\000U\000T\000O\000\040\000L\000E\000O\000N\000E\000\040\000X\000I\000I\000I}{}% 1719
\BOOKMARK [1][]{section.1720}{\376\377\000M\000I\0005\0007\0007\000:\000\040\000P\000O\000L\000I\000S\000P\000O\000R\000T\000\040\000L\000I\000M\000B\000I\000A\000T\000E}{}% 1720
\BOOKMARK [1][]{section.1721}{\376\377\000M\000I\0005\0007\0009\000:\000\040\000U\000.\000S\000.\000\040\000M\000I\000L\000A\000N\000E\000S\000E}{}% 1721
\BOOKMARK [1][]{section.1722}{\376\377\000M\000I\0005\0008\0000\000:\000\040\000S\000P\000O\000R\000T\000S\000\040\000C\000L\000U\000B\000\040\000M\000E\000L\000E\000G\000N\000A\000N\000O}{}% 1722
\BOOKMARK [1][]{section.1723}{\376\377\000M\000I\0005\0008\0001\000:\000\040\000S\000C\000O\000L\000A\000S\000T\000I\000C\000A\000\040\000B\000R\000I\000A\000N\000T\000E\000A}{}% 1723
\BOOKMARK [1][]{section.1724}{\376\377\000M\000I\0005\0008\0008\000:\000\040\000A\000T\000L\000.\000\040\000G\000I\000S\000A}{}% 1724
\BOOKMARK [1][]{section.1725}{\376\377\000M\000I\0005\0009\0001\000:\000\040\000N\000E\000W\000\040\000E\000V\000E\000R\000G\000R\000E\000E\000N}{}% 1725
\BOOKMARK [1][]{section.1726}{\376\377\000M\000I\0006\0000\0000\000:\000\040\000S\000R\000I\000\040\000C\000H\000I\000N\000M\000O\000Y\000\040\000M\000A\000R\000A\000T\000H\000O\000N\000\040\000T\000E\000A\000M}{}% 1726
\BOOKMARK [1][]{section.1727}{\376\377\000M\000I\0006\0000\0002\000:\000\040\000B\000E\000T\000T\000I\000'\000S\000\040\000G\000R\000U\000P\000\040\000R\000U\000N}{}% 1727
\BOOKMARK [1][]{section.1728}{\376\377\000M\000I\0006\0000\0009\000:\000\040\000A\000T\000L\000.\000\040\000T\000E\000A\000T\000R\000O\000\040\000A\000L\000L\000A\000\040\000S\000C\000A\000L\000A\000\040\000A\000.\000S\000.\000D\000.}{}% 1728
\BOOKMARK [1][]{section.1729}{\376\377\000M\000I\0006\0001\0008\000:\000\040\000A\000B\000C\000\040\000P\000R\000O\000G\000E\000T\000T\000O\000\040\000A\000Z\000Z\000U\000R\000R\000I}{}% 1729
\BOOKMARK [1][]{section.1730}{\376\377\000M\000I\0006\0002\0003\000:\000\040\000R\000I\000C\000C\000A\000R\000D\000I\000\040\000C\000A\000M\000E\000L\000O\000T\000\040\000Y\000O\000U\000N\000G}{}% 1730
\BOOKMARK [1][]{section.1731}{\376\377\000M\000I\0006\0002\0004\000:\000\040\000A\000D\000I\000D\000A\000S\000\040\000R\000U\000N\000N\000I\000N\000G\000\040\000T\000E\000A\000M}{}% 1731
\BOOKMARK [1][]{section.1732}{\376\377\000M\000I\0006\0003\0008\000:\000\040\000H\000A\000P\000P\000Y\000\040\000R\000U\000N\000N\000E\000R\000\040\000C\000L\000U\000B}{}% 1732
\BOOKMARK [1][]{section.1733}{\376\377\000M\000I\0006\0004\0002\000:\000\040\000T\000E\000A\000M\000\040\000T\000R\000A\000C\000K\000\040\000\046\000\040\000F\000I\000E\000L\000D\000\040\000C\000H\000A\000N\000N\000E\000L\000\040\000T\000V}{}% 1733
\BOOKMARK [1][]{section.1734}{\376\377\000M\000I\0006\0004\0005\000:\000\040\000R\000U\000N\000N\000E\000R\000S\000\040\000D\000E\000S\000I\000O}{}% 1734
\BOOKMARK [1][]{section.1735}{\376\377\000M\000I\0006\0004\0006\000:\000\040\000A\000S\000D\000\040\000A\000M\000I\000C\000I\000\040\000D\000E\000L\000L\000O\000\040\000S\000P\000O\000R\000T\000\040\000P\000O\000D\000I\000S\000T\000I\000C}{}% 1735
\BOOKMARK [1][]{section.1736}{\376\377\000M\000I\0006\0004\0007\000:\000\040\000G\000O\000L\000D\000E\000N\000\040\000S\000P\000O\000R\000T\000\040\000A\000T\000L\000E\000T\000I\000C\000A\000\040\000M\000E\000L\000Z\000O}{}% 1736
\BOOKMARK [1][]{section.1737}{\376\377\000M\000I\0006\0006\0005\000:\000\040\000Q\000T\0008\000-\000R\000U\000N}{}% 1737
\BOOKMARK [1][]{section.1738}{\376\377\000M\000I\0006\0006\0006\000:\000\040\000M\000A\000R\000A\000T\000H\000O\000N\000\040\000C\000L\000U\000B\000\040\000S\000E\000V\000E\000S\000O}{}% 1738
\BOOKMARK [1][]{section.1739}{\376\377\000M\000I\0006\0007\0000\000:\000\040\000A\000S\000D\000\040\000D\000K\000\040\000R\000U\000N\000N\000E\000R\000S}{}% 1739
\BOOKMARK [1][]{section.1740}{\376\377\000M\000I\0006\0007\0004\000:\000\040\000G\000.\000P\000.\000\040\000Q\000U\000E\000L\000L\000I\000\040\000D\000E\000L\000L\000A\000\040\000V\000I\000A\000\040\000B\000A\000R\000A\000C\000C\000A}{}% 1740
\BOOKMARK [1][]{section.1741}{\376\377\000M\000I\0006\0008\0000\000:\000\040\000A\000T\000L\000\040\000S\000T\000U\000D\000E\000N\000T\000E\000S\000C\000A\000\040\000S\000A\000N\000\040\000D\000O\000N\000A\000T\000O\000\040\000A\000S\000D}{}% 1741
\BOOKMARK [1][]{section.1742}{\376\377\000M\000I\0006\0008\0006\000:\000\040\000T\000E\000A\000M\000\040\0003\000\040\000E\000S\000S\000E}{}% 1742
\BOOKMARK [1][]{section.1743}{\376\377\000M\000I\0006\0008\0007\000:\000\040\000P\000O\000D\000I\000S\000M\000O\000\040\000M\000U\000G\000G\000I\000A\000N\000O}{}% 1743
\BOOKMARK [1][]{section.1744}{\376\377\000M\000I\0006\0009\0005\000:\000\040\000V\000E\000R\000D\000E\000\040\000P\000I\000S\000E\000L\000L\000O\000\040\000G\000R\000O\000U\000P\000\040\000M\000I\000L\000A\000N\000O}{}% 1744
\BOOKMARK [1][]{section.1745}{\376\377\000M\000I\0006\0009\0008\000:\000\040\000I\000D\000E\000E\000\040\000I\000N\000\040\000M\000O\000V\000I\000M\000E\000N\000T\000O\000\040\000A\000S\000S\000O\000C\000I\000A\000Z\000I\000O\000N\000E}{}% 1745
\BOOKMARK [1][]{section.1746}{\376\377\000M\000I\0007\0000\0000\000:\000\040\000G\000R\000U\000P\000P\000O\000\040\000P\000O\000D\000I\000S\000T\000I\000C\000O\000\040\000M\000E\000L\000Z\000O\000\040\000A\000.\000S\000.\000D\000.}{}% 1746
\BOOKMARK [1][]{section.1747}{\376\377\000M\000I\0007\0000\0004\000:\000\040\000M\000O\000N\000Z\000A\000\040\000M\000A\000R\000A\000T\000H\000O\000N\000\040\000T\000E\000A\000M\000\040\000-\000\040\000A\000.\000S\000.\000D\000.}{}% 1747
\BOOKMARK [1][]{section.1748}{\376\377\000M\000I\0007\0000\0006\000:\000\040\000C\000I\000R\000C\000O\000L\000O\000\040\000A\000T\000L\000.\000G\000U\000A\000R\000D\000I\000A\000\040\000D\000I\000\040\000F\000I\000N\000A\000N\000Z\000A}{}% 1748
\BOOKMARK [1][]{section.1749}{\376\377\000M\000I\0007\0001\0000\000:\000\040\000A\000S\000D\000\040\000A\000T\000L\000E\000T\000I\000C\000A\000\040\000M\000O\000N\000Z\000A}{}% 1749
\BOOKMARK [1][]{section.1750}{\376\377\000M\000I\0007\0001\0009\000:\000\040\000P\000O\000L\000.\000\040\000C\000I\000R\000C\000O\000L\000O\000\040\000G\000I\000O\000V\000A\000N\000I\000L\000E\000\040\000B\000R\000E\000S\000S\000O}{}% 1750
\BOOKMARK [1][]{section.1751}{\376\377\000M\000I\0007\0002\0007\000:\000\040\000C\000I\000T\000T\000A\000'\000\040\000D\000I\000\040\000O\000P\000E\000R\000A}{}% 1751
\BOOKMARK [1][]{section.1752}{\376\377\000M\000I\0007\0002\0008\000:\000\040\000K\000O\000A\000S\000S\000\040\000M\000I\000L\000A\000N\000O\000\040\000S\000S\000A\000R\000L}{}% 1752
\BOOKMARK [1][]{section.1753}{\376\377\000M\000I\0007\0003\0006\000:\000\040\000R\000H\000O\000\040\000T\000R\000I\000A\000T\000H\000L\000O\000N\000\040\000C\000L\000U\000B}{}% 1753
\BOOKMARK [1][]{section.1754}{\376\377\000M\000I\0007\0004\0001\000:\000\040\000I\000\040\000B\000O\000C\000I\000A\000\040\000V\000E\000R\000A\000N\000O\000\040\000B\000R\000I\000A\000N\000Z\000A}{}% 1754
\BOOKMARK [1][]{section.1755}{\376\377\000M\000I\0007\0004\0006\000:\000\040\000A\000T\000L\000E\000T\000I\000C\000A\000\040\000A\000L\000B\000I\000A\000T\000E}{}% 1755
\BOOKMARK [1][]{section.1756}{\376\377\000M\000I\0007\0005\0009\000:\000\040\000L\000A\000\040\000F\000E\000N\000I\000C\000E}{}% 1756
\BOOKMARK [1][]{section.1757}{\376\377\000M\000I\0007\0006\0004\000:\000\040\000B\000O\000C\000C\000O\000N\000I\000\040\000S\000P\000O\000R\000T\000\040\000T\000E\000A\000M\000\040\000S\000S\000D\000\040\000A\000R\000L}{}% 1757
\BOOKMARK [1][]{section.1758}{\376\377\000M\000I\0007\0007\0000\000:\000\040\000A\000T\000L\000E\000T\000I\000C\000A\000\040\000M\000E\000N\000E\000G\000H\000I\000N\000A}{}% 1758
\BOOKMARK [1][]{section.1759}{\376\377\000M\000I\0007\0007\0004\000:\000\040\000T\000E\000A\000M\000-\000A\000\040\000L\000O\000M\000B\000A\000R\000D\000I\000A}{}% 1759
\BOOKMARK [1][]{section.1760}{\376\377\000M\000I\0007\0007\0006\000:\000\040\000G\000P\000\040\000C\000O\000R\000N\000O\000\040\000G\000I\000O\000V\000I\000N\000E}{}% 1760
\BOOKMARK [1][]{section.1761}{\376\377\000M\000I\0007\0008\0001\000:\000\040\000I\000N\000\040\000S\000P\000O\000R\000T\000\040\000S\000R\000L\000\040\000S\000S\000D}{}% 1761
\BOOKMARK [1][]{section.1762}{\376\377\000M\000I\0007\0008\0002\000:\000\040\000A\000S\000D\000\040\000T\000O\000P\000\040\000R\000U\000N}{}% 1762
\BOOKMARK [1][]{section.1763}{\376\377\000M\000I\0007\0008\0007\000:\000\040\000D\000E\000\040\000R\000A\000N\000\040\000C\000L\000A\000B}{}% 1763
\BOOKMARK [1][]{section.1764}{\376\377\000M\000I\0007\0009\0008\000:\000\040\000M\000I\000L\000A\000N\000O\000\040\000A\000T\000L\000E\000T\000I\000C\000A}{}% 1764
\BOOKMARK [1][]{section.1765}{\376\377\000M\000I\0008\0000\0001\000:\000\040\000@\000T\000L\000E\000T\000I\000C\000A\000\040\000M\000E\000D\000A\000\040\0000\0001\0004}{}% 1765
\BOOKMARK [1][]{section.1766}{\376\377\000M\000I\0008\0000\0007\000:\000\040\000A\000T\000L\000E\000T\000I\000C\000A\000\040\000M\000E\000L\000Z\000O}{}% 1766
\BOOKMARK [1][]{section.1767}{\376\377\000M\000I\0008\0001\0004\000:\000\040\000S\000S\000D\000\040\000R\000C\000S\000\040\000A\000C\000T\000I\000V\000E\000\040\000T\000E\000A\000M\000\040\000A\000\040\000R\000.\000L\000.}{}% 1767
\BOOKMARK [1][]{section.1768}{\376\377\000M\000I\0008\0001\0006\000:\000\040\000U\000R\000B\000A\000N\000\040\000R\000U\000N\000N\000E\000R\000S}{}% 1768
\BOOKMARK [1][]{section.1769}{\376\377\000M\000I\0008\0001\0009\000:\000\040\000A\000L\000Z\000A\000I\000A\000\040\000N\000A\000V\000I\000G\000L\000I\000O\000\040\000R\000U\000N\000N\000E\000R\000S}{}% 1769
\BOOKMARK [1][]{section.1770}{\376\377\000M\000I\0008\0002\0000\000:\000\040\000R\000I\000C\000C\000A\000R\000D\000I\000\040\000A\000C\000A\000D\000E\000M\000Y\000\040\000A\000S\000D}{}% 1770
\BOOKMARK [1][]{section.1771}{\376\377\000M\000I\0008\0002\0009\000:\000\040\000G\000R\000U\000P\000P\000O\000\040\000E\000T\000H\000O\000S\000\040\000R\000U\000N\000N\000I\000N\000G\000\040\000T\000E\000A\000M}{}% 1771
\BOOKMARK [1][]{section.1772}{\376\377\000M\000I\0008\0003\0000\000:\000\040\000C\000O\000R\000R\000O\000\040\000E\000R\000G\000O\000\040\000S\000U\000M\000\040\000R\000U\000N\000N\000E\000R\000S}{}% 1772
\BOOKMARK [1][]{section.1773}{\376\377\000M\000I\0008\0003\0001\000:\000\040\000R\000U\000N\000N\000E\000R\000S\000\040\000L\000E\000G\000N\000A\000N\000O\000\040\000S\000S\000D\000\040\000A\000R\000L}{}% 1773
\BOOKMARK [1][]{section.1774}{\376\377\000M\000I\0008\0003\0005\000:\000\040\000A\000L\000M\000O\000S\000T\000H\000E\000R\000E\000\040\000A\000S\000D}{}% 1774
\BOOKMARK [1][]{section.1775}{\376\377\000M\000I\0008\0003\0008\000:\000\040\000A\000S\000D\000\040\000C\000U\000O\000R\000E\000\040\000G\000R\000I\000N\000T\000A\000\040\000P\000A\000S\000S\000I\000O\000N\000E}{}% 1775
\BOOKMARK [1][]{section.1776}{\376\377\000M\000I\0008\0004\0000\000:\000\040\000W\000O\000M\000E\000N\000\040\000I\000N\000\040\000R\000U\000N}{}% 1776
\BOOKMARK [1][]{section.1777}{\376\377\000M\000I\0008\0004\0004\000:\000\040\000A\000T\000H\000L\000E\000T\000I\000C\000\040\000E\000L\000I\000T\000E\000\040\000T\000R\000A\000C\000K\000\040\000A\000N\000D\000\040\000F\000I\000E\000L\000D}{}% 1777
\BOOKMARK [1][]{section.1778}{\376\377\000M\000I\0008\0005\0001\000:\000\040\000I\000M\000P\000O\000S\000S\000I\000B\000L\000E\000\040\000T\000A\000R\000G\000E\000T}{}% 1778
\BOOKMARK [1][]{section.1779}{\376\377\000M\000I\0008\0005\0003\000:\000\040\000R\000U\000N\000S\000M\000I\000L\000E\000\040\000A\000S\000D}{}% 1779
\BOOKMARK [1][]{section.1780}{\376\377\000M\000I\0008\0006\0001\000:\000\040\000P\000O\000L\000I\000S\000P\000O\000R\000T\000I\000V\000A\000\040\000L\000O\000S\000A\000\040\000S\000.\000S\000.\000D\000.\000R\000.\000L\000.}{}% 1780
\BOOKMARK [1][]{section.1781}{\376\377\000M\000I\0008\0006\0007\000:\000\040\000P\000O\000L\000I\000S\000P\000O\000R\000T\000I\000V\000A\000\040\000S\000A\000N\000T\000'\000A\000D\000E\000L\000E}{}% 1781
\BOOKMARK [1][]{section.1782}{\376\377\000M\000I\0008\0007\0000\000:\000\040\000S\000T\000A\000R\000\040\000R\000U\000N}{}% 1782
\BOOKMARK [1][]{section.1783}{\376\377\000M\000I\0008\0007\0007\000:\000\040\000A\000T\000L\000E\000T\000I\000C\000A\000\040\000S\000E\000G\000R\000A\000T\000E}{}% 1783
\BOOKMARK [1][]{section.1784}{\376\377\000M\000I\0008\0008\0000\000:\000\040\000T\000I\000M\000E\000\040\000F\000O\000R\000\040\000R\000U\000N}{}% 1784
\BOOKMARK [1][]{section.1785}{\376\377\000M\000I\0008\0008\0001\000:\000\040\000A\000S\000D\000\040\000O\000R\000T\000I\000C\000A\000\040\000T\000E\000A\000M\000\040\000M\000I\000L\000A\000N\000O}{}% 1785
\BOOKMARK [1][]{section.1786}{\376\377\000M\000I\0008\0008\0004\000:\000\040\000C\000O\000R\000R\000E\000R\000E\000\040\000O\000L\000T\000R\000E\000\040\000A\000S\000D}{}% 1786
\BOOKMARK [1][]{section.1787}{\376\377\000M\000I\0008\0009\0002\000:\000\040\000T\000R\000M\000\040\000T\000E\000A\000M}{}% 1787
\BOOKMARK [1][]{section.1788}{\376\377\000M\000I\0008\0009\0005\000:\000\040\000A\000S\000D\000\040\000T\000A\000P\000A\000S\000C\000I\000O\000N\000E\000\040\000R\000U\000N\000N\000I\000N\000G\000\040\000T\000E\000A\000M}{}% 1788
\BOOKMARK [1][]{section.1789}{\376\377\000M\000I\0009\0000\0003\000:\000\040\000F\000O\000R\000T\000I\000\040\000E\000\040\000L\000I\000B\000E\000R\000I\000\040\000M\000O\000N\000Z\000A\000\040\0001\0008\0007\0008\000\040\000A\000S\000D}{}% 1789
\BOOKMARK [1][]{section.1790}{\376\377\000M\000I\0009\0001\0001\000:\000\040\000B\000R\000O\000N\000T\000O\000L\000O\000\040\000B\000I\000K\000E\000\040\000A\000S\000D}{}% 1790
\BOOKMARK [1][]{section.1791}{\376\377\000M\000I\0009\0001\0003\000:\000\040\000N\000A\000V\000I\000G\000L\000I\000O\000\040\000R\000U\000N\000N\000I\000N\000G\000\040\000T\000E\000A\000M\000\040\000A\000S\000D}{}% 1791
\BOOKMARK [1][]{section.1792}{\376\377\000M\000I\0009\0002\0002\000:\000\040\000A\000T\000L\000E\000T\000I\000C\000A\000\040\000D\000E\000S\000I\000O\000\040\000A\000S\000D}{}% 1792
\BOOKMARK [1][]{section.1793}{\376\377\000M\000I\0009\0003\0004\000:\000\040\000P\000O\000L\000.\000\040\000U\000N\000I\000C\000R\000E\000D\000I\000T}{}% 1793
\BOOKMARK [1][]{section.1794}{\376\377\000M\000I\0009\0003\0007\000:\000\040\000T\000R\000A\000C\000K\000\040\000\046\000\040\000F\000I\000E\000L\000D\000\040\000A\000C\000A\000D\000E\000M\000Y\000\040\000A\000.\000S\000.\000D\000.}{}% 1794
\BOOKMARK [1][]{section.1795}{\376\377\000M\000I\0009\0003\0008\000:\000\040\000S\000T\000R\000A\000M\000I\000L\000A\000N\000O\000\040\000R\000U\000N\000N\000I\000N\000G\000\040\000C\000L\000U\000B\000\040\000S\000S\000D}{}% 1795
\BOOKMARK [1][]{section.1796}{\376\377\000M\000I\0009\0003\0009\000:\000\040\000R\000A\000P\000T\000O\000R\000S\000\040\000M\000I\000L\000A\000N\000O\000\040\000S\000R\000L\000\040\000S\000S\000D}{}% 1796
\BOOKMARK [1][]{section.1797}{\376\377\000M\000I\0009\0004\0000\000:\000\040\000S\000S\000D\000\040\000L\000E\000O\000N\000E\000\040\000X\000I\000I\000I\000\040\000S\000P\000O\000R\000T\000\040\000S\000R\000L}{}% 1797
\BOOKMARK [1][]{section.1798}{\376\377\000M\000I\0009\0004\0005\000:\000\040\000A\000T\000L\000E\000T\000I\000C\000A\000\040\000B\000I\000E\000N\000A\000T\000E\000\040\000M\000A\000G\000N\000A\000G\000O\000\040\0001\0009\0008\0000}{}% 1798
\BOOKMARK [1][]{section.1799}{\376\377\000M\000I\0009\0005\0008\000:\000\040\000T\000O\000P\000\040\000T\000R\000A\000I\000N\000I\000N\000G\000\040\000A\000S\000D}{}% 1799
\BOOKMARK [1][]{section.1800}{\376\377\000M\000I\0009\0006\0003\000:\000\040\000O\000P\000E\000R\000A\000\040\000R\000U\000N\000N\000E\000R\000S\000\040\000A\000.\000S\000.\000D\000.}{}% 1800
\BOOKMARK [1][]{section.1801}{\376\377\000M\000I\0009\0006\0004\000:\000\040\000S\000P\000O\000R\000T\000\040\000C\000L\000U\000B\000\040\0001\0002\000\040\000S\000R\000L\000\040\000S\000P\000O\000R\000T\000I\000V\000A\000\040\000D\000I\000L}{}% 1801
\BOOKMARK [1][]{section.1802}{\376\377\000M\000I\0009\0006\0008\000:\000\040\000R\000U\000N\000A\000W\000A\000Y\000\040\000M\000I\000L\000A\000N\000O\000\040\000A\000.\000S\000.\000D\000.}{}% 1802
\BOOKMARK [1][]{section.1803}{\376\377\000M\000I\0009\0007\0001\000:\000\040\000O\000L\000I\000M\000P\000I\000A\000\040\000S\000P\000O\000R\000T\000\040\000A\000S\000D}{}% 1803
\BOOKMARK [1][]{section.1804}{\376\377\000M\000I\0009\0007\0002\000:\000\040\000A\000S\000D\000\040\000S\000A\000N\000\040\000M\000A\000S\000S\000I\000M\000I\000L\000I\000A\000N\000O\000\040\000K\000O\000L\000B\000E}{}% 1804
\BOOKMARK [1][]{section.1805}{\376\377\000M\000I\0009\0007\0008\000:\000\040\000P\000O\000L\000.\000\040\000S\000A\000N\000\040\000L\000U\000I\000G\000I\000\040\000C\000O\000D\000O\000G\000N\000O\000\040\000A\000S\000D}{}% 1805
\BOOKMARK [1][]{section.1806}{\376\377\000M\000I\0009\0008\0003\000:\000\040\000A\000D\000D\000A\000\040\000R\000U\000N\000N\000I\000N\000G\000\040\000T\000E\000A\000M}{}% 1806
\BOOKMARK [1][]{section.1807}{\376\377\000M\000I\0009\0008\0006\000:\000\040\000A\000T\000L\000E\000T\000I\000C\000A\000\040\000P\000I\000E\000V\000E\000S\000E\000\040\000A\000S\000D}{}% 1807
\BOOKMARK [1][]{section.1808}{\376\377\000M\000I\0009\0009\0004\000:\000\040\000P\000O\000L\000I\000S\000P\000O\000R\000T\000I\000V\000A\000\040\000M\000O\000V\000I\000N\000G\000\040\000S\000.\000S\000.\000D\000.\000\040\000A\000R\000L}{}% 1808
\BOOKMARK [1][]{section.1809}{\376\377\000M\000I\0009\0009\0006\000:\000\040\000A\000.\000S\000.\000D\000.\000\040\000N\000E\000W\000E\000R\000A}{}% 1809
\BOOKMARK [1][]{section.1810}{\376\377\000M\000I\0009\0009\0009\000:\000\040\000M\000I\000L\000A\000N\000\040\000A\000T\000H\000L\000E\000T\000I\000C\000\040\000T\000E\000A\000M\000\040\000A\000.\000S\000.\000D\000.}{}% 1810
\BOOKMARK [1][]{section.1811}{\376\377\000M\000N\0000\0001\0000\000:\000\040\000S\000P\000A\000R\000T\000A\000C\000U\000S\000\040\000A\000S\000D}{}% 1811
\BOOKMARK [1][]{section.1812}{\376\377\000M\000N\0000\0001\0003\000:\000\040\000X\000C\000\040\000T\000E\000A\000M\000\040\000A\000S\000D}{}% 1812
\BOOKMARK [1][]{section.1813}{\376\377\000M\000N\0000\0004\0003\000:\000\040\000A\000S\000D\000\040\000L\000I\000B\000.\000\040\000M\000A\000N\000T\000O\000V\000A\000\040\000M\000A\000S\000C\000H\000-\000F\000E\000M\000M\000.}{}% 1813
\BOOKMARK [1][]{section.1814}{\376\377\000M\000N\0000\0008\0004\000:\000\040\000S\000.\000S\000.\000D\000.\000A\000.\000S\000C\000H\000I\000A\000N\000T\000A\000R\000E\000L\000L\000I\000\040\000A\000S\000O\000L\000A\000\040\000S\000R}{}% 1814
\BOOKMARK [1][]{section.1815}{\376\377\000M\000N\0002\0005\0007\000:\000\040\000L\000I\000B\000.\000\040\000M\000A\000N\000T\000O\000V\000A\000\040\000F\000.\000L\000E}{}% 1815
\BOOKMARK [1][]{section.1816}{\376\377\000M\000N\0003\0001\0003\000:\000\040\000L\000I\000B\000E\000R\000T\000A\000S\000\040\000M\000A\000N\000T\000O\000V\000A}{}% 1816
\BOOKMARK [1][]{section.1817}{\376\377\000M\000N\0003\0004\0005\000:\000\040\000G\000.\000S\000.\000\040\000C\000A\000R\000L\000O\000\040\000B\000U\000T\000T\000A\000R\000E\000L\000L\000I}{}% 1817
\BOOKMARK [1][]{section.1818}{\376\377\000M\000N\0003\0008\0009\000:\000\040\000A\000T\000L\000.\000\040\000V\000I\000A\000D\000A\000N\000A}{}% 1818
\BOOKMARK [1][]{section.1819}{\376\377\000M\000N\0004\0000\0006\000:\000\040\000A\000T\000L\000.\000\040\000R\000I\000G\000O\000L\000E\000T\000T\000O}{}% 1819
\BOOKMARK [1][]{section.1820}{\376\377\000M\000N\0004\0004\0000\000:\000\040\000A\000T\000L\000.\000\040\000B\000A\000N\000C\000O\000L\000E}{}% 1820
\BOOKMARK [1][]{section.1821}{\376\377\000M\000N\0004\0007\0000\000:\000\040\000G\000.\000P\000.\000\040\000V\000I\000R\000G\000I\000L\000I\000A\000N\000O}{}% 1821
\BOOKMARK [1][]{section.1822}{\376\377\000M\000N\0004\0009\0001\000:\000\040\000G\000.\000P\000.\000\040\000A\000V\000I\000S\000\040\000P\000O\000L\000.\000\040\000M\000A\000L\000A\000V\000I\000C\000I\000N\000A}{}% 1822
\BOOKMARK [1][]{section.1823}{\376\377\000M\000N\0004\0009\0003\000:\000\040\000G\000.\000P\000.\000\040\000A\000V\000I\000S\000\040\000S\000U\000Z\000Z\000A\000R\000A}{}% 1823
\BOOKMARK [1][]{section.1824}{\376\377\000M\000N\0006\0003\0001\000:\000\040\000G\000.\000P\000.\000\040\000A\000R\000C\000I\000\040\000G\000O\000O\000D\000W\000I\000N}{}% 1824
\BOOKMARK [1][]{section.1825}{\376\377\000M\000N\0006\0004\0001\000:\000\040\000P\000O\000L\000I\000S\000P\000O\000R\000T\000I\000V\000A\000\040\000S\000.\000P\000I\000O\000\040\000X}{}% 1825
\BOOKMARK [1][]{section.1826}{\376\377\000M\000N\0006\0006\0003\000:\000\040\000C\000U\000S\000\040\000A\000T\000L\000E\000T\000I\000C\000A\000\040\000M\000A\000N\000T\000O\000V\000A}{}% 1826
\BOOKMARK [1][]{section.1827}{\376\377\000M\000N\0007\0000\0009\000:\000\040\000C\000A\000N\000O\000T\000T\000I\000E\000R\000I\000\040\000M\000I\000N\000C\000I\000O\000\040\000G\000R\000U\000P\000P\000I\000\040\000S\000P\000O\000R\000T}{}% 1827
\BOOKMARK [1][]{section.1828}{\376\377\000M\000N\0007\0001\0008\000:\000\040\000A\000T\000L\000E\000T\000I\000C\000A\000\040\000I\000\040\000G\000O\000N\000Z\000A\000G\000A\000\040\0002\0000\0001\0001}{}% 1828
\BOOKMARK [1][]{section.1829}{\376\377\000M\000N\0008\0006\0006\000:\000\040\000G\000R\000U\000P\000P\000O\000\040\000S\000A\000N\000\040\000P\000I\000O\000\040\000X}{}% 1829
\BOOKMARK [1][]{section.1830}{\376\377\000M\000N\0009\0003\0006\000:\000\040\000H\000I\000G\000H\000\040\000F\000I\000V\000E\000\040\000S\000.\000S\000.\000D\000.\000\040\000A\000\040\000R\000.\000L\000.}{}% 1830
\BOOKMARK [1][]{section.1831}{\376\377\000M\000O\0000\0005\0002\000:\000\040\000A\000S\000D\000\040\000L\000A\000\040\000F\000R\000A\000T\000E\000L\000L\000A\000N\000Z\000A\000\040\0001\0008\0007\0004}{}% 1831
\BOOKMARK [1][]{section.1832}{\376\377\000M\000O\0000\0005\0004\000:\000\040\000M\000O\000L\000L\000I\000F\000I\000C\000I\000O\000\040\000M\000O\000D\000E\000N\000E\000S\000E\000\040\000C\000I\000T\000T\000A\000D\000E\000L\000L\000A}{}% 1832
\BOOKMARK [1][]{section.1833}{\376\377\000M\000O\0000\0005\0005\000:\000\040\000C\000L\000U\000B\000\040\000A\000T\000L\000.\000\040\000F\000E\000M\000M\000I\000N\000I\000L\000E\000\040\000C\000A\000R\000P\000I}{}% 1833
\BOOKMARK [1][]{section.1834}{\376\377\000M\000O\0000\0005\0006\000:\000\040\000P\000O\000L\000I\000S\000P\000O\000R\000T\000I\000V\000A\000\040\000S\000P\000I\000L\000A\000M\000B\000E\000R\000T\000E\000S\000E}{}% 1834
\BOOKMARK [1][]{section.1835}{\376\377\000M\000O\0000\0005\0007\000:\000\040\000S\000.\000G\000.\000L\000A\000\040\000P\000A\000T\000R\000I\000A\000\040\0001\0008\0007\0009\000\040\000C\000A\000R\000P\000I}{}% 1835
\BOOKMARK [1][]{section.1836}{\376\377\000M\000O\0000\0005\0008\000:\000\040\000P\000O\000L\000.\000\040\000O\000L\000I\000M\000P\000I\000A\000\040\000V\000I\000G\000N\000O\000L\000A}{}% 1836
\BOOKMARK [1][]{section.1837}{\376\377\000M\000O\0000\0005\0009\000:\000\040\000A\000T\000L\000.\000\040\000R\000.\000C\000.\000M\000.\000\040\000C\000A\000S\000I\000N\000A\000L\000B\000O}{}% 1837
\BOOKMARK [1][]{section.1838}{\376\377\000M\000O\0000\0006\0000\000:\000\040\000P\000O\000L\000.\000\040\000C\000A\000S\000T\000E\000L\000F\000R\000A\000N\000C\000O\000\040\000E\000M\000I\000L\000I\000A}{}% 1838
\BOOKMARK [1][]{section.1839}{\376\377\000M\000O\0000\0006\0006\000:\000\040\000P\000O\000L\000.\000\040\000U\000N\000I\000O\000N\000E\000\040\0009\0000}{}% 1839
\BOOKMARK [1][]{section.1840}{\376\377\000M\000O\0001\0001\0003\000:\000\040\000P\000O\000D\000.\000\040\000F\000O\000R\000M\000I\000G\000I\000N\000E\000S\000E}{}% 1840
\BOOKMARK [1][]{section.1841}{\376\377\000M\000O\0001\0001\0005\000:\000\040\000A\000S\000D\000\040\000M\000A\000R\000A\000T\000O\000N\000E\000T\000I\000\040\000M\000I\000R\000A\000N\000D\000O\000L\000E\000S\000I}{}% 1841
\BOOKMARK [1][]{section.1842}{\376\377\000M\000O\0001\0001\0009\000:\000\040\000C\000I\000R\000C\000.\000R\000I\000C\000R\000E\000A\000T\000I\000V\000O\000\040\000C\000I\000T\000T\000A\000N\000O\000V\000A}{}% 1842
\BOOKMARK [1][]{section.1843}{\376\377\000M\000O\0001\0002\0008\000:\000\040\000P\000O\000D\000.\000\040\000F\000I\000N\000A\000L\000E\000\040\000E\000M\000I\000L\000I\000A}{}% 1843
\BOOKMARK [1][]{section.1844}{\376\377\000M\000O\0002\0000\0001\000:\000\040\000G\000.\000P\000.\000\040\000L\000A\000\040\000G\000U\000G\000L\000I\000A}{}% 1844
\BOOKMARK [1][]{section.1845}{\376\377\000M\000O\0002\0000\0003\000:\000\040\000A\000T\000L\000.\000\040\000C\000I\000B\000E\000N\000O}{}% 1845
\BOOKMARK [1][]{section.1846}{\376\377\000M\000O\0002\0001\0005\000:\000\040\000S\000I\000R\000I\000O\000\040\000A\000T\000L\000.\000\040\000N\000O\000N\000A\000N\000T\000O\000L\000A}{}% 1846
\BOOKMARK [1][]{section.1847}{\376\377\000M\000O\0002\0004\0008\000:\000\040\000P\000O\000L\000.\000\040\000M\000A\000D\000O\000N\000N\000I\000N\000A}{}% 1847
\BOOKMARK [1][]{section.1848}{\376\377\000M\000O\0002\0006\0006\000:\000\040\000A\000.\000S\000.\000\040\000L\000A\000\040\000P\000R\000I\000M\000A\000V\000E\000R\000A\000\040\000A\000T\000L\000E\000T\000I\000C\000A}{}% 1848
\BOOKMARK [1][]{section.1849}{\376\377\000M\000O\0004\0000\0003\000:\000\040\000D\000E\000L\000T\000A\000\040\000A\000T\000L\000.\000\040\000S\000A\000S\000S\000U\000O\000L\000O}{}% 1849
\BOOKMARK [1][]{section.1850}{\376\377\000M\000O\0004\0000\0009\000:\000\040\000A\000.\000S\000.\000\040\000A\000T\000L\000.\000\040\000Z\000O\000C\000C\000A}{}% 1850
\BOOKMARK [1][]{section.1851}{\376\377\000M\000O\0004\0001\0009\000:\000\040\000P\000O\000L\000.\000\040\000N\000O\000N\000A\000N\000T\000O\000L\000A}{}% 1851
\BOOKMARK [1][]{section.1852}{\376\377\000M\000O\0004\0002\0006\000:\000\040\000I\000L\000\040\000C\000O\000R\000S\000O\000\040\000D\000I\000\040\000C\000O\000R\000S\000A}{}% 1852
\BOOKMARK [1][]{section.1853}{\376\377\000M\000O\0004\0003\0005\000:\000\040\000C\000A\000S\000A\000\040\000M\000O\000D\000E\000N\000A\000\040\000A\000T\000L\000E\000T\000I\000C\000A}{}% 1853
\BOOKMARK [1][]{section.1854}{\376\377\000M\000O\0004\0004\0006\000:\000\040\000A\000T\000L\000.\000\040\000F\000R\000I\000G\000N\000A\000N\000O\000\040\000-\000\040\000P\000O\000L\000.\000\040\000P\000A\000V\000U\000L\000L\000E\000S\000E}{}% 1854
\BOOKMARK [1][]{section.1855}{\376\377\000M\000O\0004\0005\0009\000:\000\040\000A\000T\000L\000E\000T\000I\000C\000A\000\040\000M\000D\000S\000\040\000P\000A\000N\000A\000R\000I\000A\000G\000R\000O\000U\000P\000\040\000A\000S\000D}{}% 1855
\BOOKMARK [1][]{section.1856}{\376\377\000M\000O\0004\0007\0005\000:\000\040\000P\000I\000C\000O\000\040\000R\000U\000N\000N\000E\000R\000S}{}% 1856
\BOOKMARK [1][]{section.1857}{\376\377\000M\000O\0004\0009\0007\000:\000\040\000M\000O\000D\000E\000N\000A\000\040\000A\000T\000L\000E\000T\000I\000C\000A\000\040\000A\000S\000D}{}% 1857
\BOOKMARK [1][]{section.1858}{\376\377\000M\000O\0005\0003\0008\000:\000\040\000T\000E\000A\000M\000\040\000M\000U\000D\000\040\000\046\000\040\000S\000N\000O\000W\000\040\000A\000S\000D}{}% 1858
\BOOKMARK [1][]{section.1859}{\376\377\000M\000O\0005\0004\0006\000:\000\040\000A\000S\000D\000\040\0003\000'\000.\0003\0000\000'\000'\000\040\000T\000E\000A\000M}{}% 1859
\BOOKMARK [1][]{section.1860}{\376\377\000M\000O\0005\0006\0002\000:\000\040\000G\000.\000P\000.\000\040\000L\000A\000\040\000G\000U\000G\000L\000I\000A\000\040\000S\000A\000S\000S\000U\000O\000L\000O\000\040\000S\000.\000S\000.\000D\000.}{}% 1860
\BOOKMARK [1][]{section.1861}{\376\377\000M\000O\0005\0007\0002\000:\000\040\000A\000.\000S\000.\000\040\000D\000I\000L\000E\000T\000T\000A\000N\000T\000I\000S\000T\000I\000C\000A\000\040\000S\000E\000S\000S\000A\000N\000T\000A\000L}{}% 1861
\BOOKMARK [1][]{section.1862}{\376\377\000M\000O\0005\0007\0008\000:\000\040\000M\000O\000D\000E\000N\000A\000\040\000R\000U\000N\000N\000E\000R\000S\000\040\000C\000L\000U\000B\000\040\000A\000S\000D}{}% 1862
\BOOKMARK [1][]{section.1863}{\376\377\000M\000O\0005\0008\0000\000:\000\040\000A\000T\000L\000E\000T\000I\000C\000A\000\040\000F\000R\000I\000G\000N\000A\000N\000O\000\040\000P\000A\000V\000U\000L\000L\000O\000\040\000A\000S\000D}{}% 1863
\BOOKMARK [1][]{section.1864}{\376\377\000M\000O\0005\0008\0007\000:\000\040\000L\000A\000\040\000B\000O\000T\000T\000E\000G\000A\000\040\000C\000A\000S\000I\000N\000A\000L\000B\000O\000\040\000A\000S\000D}{}% 1864
\BOOKMARK [1][]{section.1865}{\376\377\000M\000O\0005\0009\0000\000:\000\040\000A\000S\000D\000\040\000E\000S\000E\000R\000C\000I\000T\000O\000\040\000A\000C\000C\000A\000D\000E\000M\000I\000A\000M\000I\000L\000I\000T\000A\000R\000E}{}% 1865
\BOOKMARK [1][]{section.1866}{\376\377\000M\000O\0006\0000\0000\000:\000\040\000A\000T\000L\000E\000T\000I\000C\000A\000\040\000D\000K\000\040\000A\000S\000D}{}% 1866
\BOOKMARK [1][]{section.1867}{\376\377\000M\000S\0000\0006\0004\000:\000\040\000A\000T\000L\000E\000T\000I\000C\000A\000\040\000M\000A\000S\000S\000A\000\040\000C\000A\000R\000R\000A\000R\000A}{}% 1867
\BOOKMARK [1][]{section.1868}{\376\377\000M\000S\0000\0008\0008\000:\000\040\000P\000O\000L\000.\000\040\000P\000O\000N\000T\000R\000E\000M\000O\000L\000E\000S\000E}{}% 1868
\BOOKMARK [1][]{section.1869}{\376\377\000M\000S\0000\0009\0000\000:\000\040\000J\000A\000K\000Y\000-\000T\000E\000C\000H\000\040\000A\000P\000U\000A\000N\000A}{}% 1869
\BOOKMARK [1][]{section.1870}{\376\377\000M\000S\0000\0009\0004\000:\000\040\000A\000T\000L\000.\000U\000I\000S\000P\000\040\000M\000A\000R\000I\000N\000A\000\040\000D\000I\000\040\000C\000A\000R\000R\000A\000R\000A}{}% 1870
\BOOKMARK [1][]{section.1871}{\376\377\000M\000S\0003\0001\0009\000:\000\040\000A\000M\000A\000T\000O\000R\000I\000\040\000A\000T\000L\000E\000T\000I\000C\000A\000\040\000C\000A\000R\000R\000A\000R\000A}{}% 1871
\BOOKMARK [1][]{section.1872}{\376\377\000M\000S\0003\0002\0009\000:\000\040\000A\000S\000C\000\040\000A\000T\000L\000E\000T\000I\000C\000A\000\040\000A\000P\000U\000A\000N\000A\000\040\000G\000I\000O\000V\000A\000N\000I\000L\000E}{}% 1872
\BOOKMARK [1][]{section.1873}{\376\377\000M\000S\0003\0005\0008\000:\000\040\000A\000T\000L\000E\000T\000I\000C\000A\000\040\000L\000U\000N\000I\000G\000I\000A\000N\000A}{}% 1873
\BOOKMARK [1][]{section.1874}{\376\377\000M\000S\0003\0009\0008\000:\000\040\000W\000O\000R\000L\000D\000\040\000R\000U\000N\000N\000I\000N\000G\000\040\000A\000C\000A\000D\000E\000M\000Y}{}% 1874
\BOOKMARK [1][]{section.1875}{\376\377\000M\000S\0003\0009\0009\000:\000\040\000A\000T\000L\000E\000T\000I\000C\000A\000\040\000S\000T\000R\000A\000C\000A\000R\000R\000A\000R\000A}{}% 1875
\BOOKMARK [1][]{section.1876}{\376\377\000M\000S\0004\0000\0005\000:\000\040\000A\000S\000D\000\040\000D\000I\000V\000.\000A}{}% 1876
\BOOKMARK [1][]{section.1877}{\376\377\000M\000S\0004\0002\0004\000:\000\040\000A\000S\000D\000\040\000A\000T\000L\000E\000T\000I\000C\000A\000\040\000A\000L\000T\000A\000\040\000T\000O\000S\000C\000A\000N\000A}{}% 1877
\BOOKMARK [1][]{section.1878}{\376\377\000M\000S\0004\0004\0009\000:\000\040\000A\000S\000D\000\040\000A\000.\000F\000A\000.\000P\000.\000H\000.}{}% 1878
\BOOKMARK [1][]{section.1879}{\376\377\000M\000S\0005\0000\0006\000:\000\040\000A\000T\000H\000L\000E\000T\000I\000C\000\040\000T\000E\000A\000M\000\040\000M\000A\000S\000S\000A\000\040\000C\000A\000R\000R\000A\000R\000A}{}% 1879
\BOOKMARK [1][]{section.1880}{\376\377\000M\000S\0005\0001\0005\000:\000\040\000A\000S\000D\000\040\000L\000A\000\040\000F\000E\000N\000I\000C\000E}{}% 1880
\BOOKMARK [1][]{section.1881}{\376\377\000M\000S\0005\0002\0001\000:\000\040\000A\000S\000D\000\040\000G\000A\000S\000\040\000R\000U\000N\000N\000E\000R\000S\000\040\000M\000A\000S\000S\000A}{}% 1881
\BOOKMARK [1][]{section.1882}{\376\377\000M\000S\0005\0002\0005\000:\000\040\000A\000S\000D\000\040\000G\000.\000S\000.\000\040\000P\000O\000L\000I\000Z\000I\000A\000\040\000L\000O\000C\000A\000L\000E\000\040\000M\000A\000S\000S\000A}{}% 1882
\BOOKMARK [1][]{section.1883}{\376\377\000M\000T\0000\0001\0002\000:\000\040\000G\000.\000S\000.\000\040\000D\000U\000E\000\040\000S\000A\000S\000S\000I\000\040\000M\000A\000T\000E\000R\000A}{}% 1883
\BOOKMARK [1][]{section.1884}{\376\377\000M\000T\0000\0002\0002\000:\000\040\000G\000.\000S\000.\000\040\000M\000A\000T\000E\000R\000A}{}% 1884
\BOOKMARK [1][]{section.1885}{\376\377\000M\000T\0000\0002\0003\000:\000\040\000P\000O\000L\000.\000\040\000R\000O\000C\000C\000O\000\040\000S\000C\000O\000T\000E\000L\000L\000A\000R\000O\000\040\000M\000T}{}% 1885
\BOOKMARK [1][]{section.1886}{\376\377\000M\000T\0000\0002\0005\000:\000\040\000A\000T\000L\000E\000T\000I\000C\000A\000\040\000M\000A\000T\000E\000R\000A\000N\000A\000\040\000M\000T}{}% 1886
\BOOKMARK [1][]{section.1887}{\376\377\000M\000T\0000\0005\0004\000:\000\040\000A\000T\000L\000E\000T\000I\000C\000A\000\040\000A\000M\000A\000T\000O\000R\000I\000\040\000M\000T}{}% 1887
\BOOKMARK [1][]{section.1888}{\376\377\000M\000T\0000\0007\0003\000:\000\040\000G\000.\000S\000.\000\040\000A\000T\000H\000L\000O\000S\000\040\000M\000A\000T\000E\000R\000A}{}% 1888
\BOOKMARK [1][]{section.1889}{\376\377\000M\000T\0000\0007\0004\000:\000\040\000C\000L\000U\000B\000\040\000B\000A\000S\000I\000L\000I\000C\000A\000T\000A\000\040\000M\000A\000T\000E\000R\000A}{}% 1889
\BOOKMARK [1][]{section.1890}{\376\377\000M\000T\0000\0008\0007\000:\000\040\000E\000U\000R\000O\000A\000T\000L\000E\000T\000I\000C\000A\000\040\0009\0006\000\040\000B\000A\000S\000I\000L\000I\000C\000A\000T\000A}{}% 1890
\BOOKMARK [1][]{section.1891}{\376\377\000M\000T\0000\0008\0008\000:\000\040\000E\000C\000O\000S\000P\000O\000R\000T\000M\000O\000N\000T\000E}{}% 1891
\BOOKMARK [1][]{section.1892}{\376\377\000M\000T\0000\0009\0003\000:\000\040\000M\000A\000R\000A\000T\000H\000O\000N\000\040\000C\000L\000U\000B\000\040\000G\000R\000A\000S\000S\000A\000N\000O}{}% 1892
\BOOKMARK [1][]{section.1893}{\376\377\000M\000T\0000\0009\0007\000:\000\040\000W\000I\000L\000M\000A\000\040\000R\000U\000D\000O\000L\000P\000H\000\040\000M\000T}{}% 1893
\BOOKMARK [1][]{section.1894}{\376\377\000M\000T\0001\0001\0005\000:\000\040\000C\000I\000R\000C\000O\000L\000O\000\040\000T\000E\000N\000N\000I\000S\000\040\000P\000I\000S\000T\000I\000C\000C\000I\000\040\000S\000E\000Z\000.\000\040\000A}{}% 1894
\BOOKMARK [1][]{section.1895}{\376\377\000M\000T\0005\0002\0005\000:\000\040\000A\000T\000L\000.\000\040\000A\000M\000A\000T\000O\000R\000I\000\040\000I\000R\000S\000I\000N\000E\000S\000E}{}% 1895
\BOOKMARK [1][]{section.1896}{\376\377\000M\000T\0005\0003\0006\000:\000\040\000T\000E\000A\000M\000\040\000S\000P\000O\000R\000T\000\040\000M\000A\000T\000E\000R\000A}{}% 1896
\BOOKMARK [1][]{section.1897}{\376\377\000M\000T\0005\0004\0004\000:\000\040\000A\000.\000S\000.\000\040\000P\000O\000D\000.\000\040\000A\000M\000A\000T\000O\000R\000I\000\040\000P\000O\000L\000I\000C\000O\000R\000O}{}% 1897
\BOOKMARK [1][]{section.1898}{\376\377\000M\000T\0005\0004\0006\000:\000\040\000A\000T\000L\000E\000T\000I\000C\000A\000\040\000A\000M\000A\000T\000O\000R\000I\000\040\000T\000U\000R\000S\000I}{}% 1898
\BOOKMARK [1][]{section.1899}{\376\377\000M\000T\0005\0005\0007\000:\000\040\000A\000.\000S\000.\000D\000.\000\040\000P\000O\000D\000I\000S\000T\000I\000C\000A\000\040\000F\000E\000R\000R\000A\000N\000D\000I\000N\000A}{}% 1899
\BOOKMARK [1][]{section.1900}{\376\377\000M\000T\0005\0006\0004\000:\000\040\000L\000U\000C\000A\000N\000I\000\040\000F\000R\000E\000E\000\040\000R\000U\000N\000N\000E\000R\000S}{}% 1900
\BOOKMARK [1][]{section.1901}{\376\377\000M\000T\0005\0006\0007\000:\000\040\000R\000U\000N\000N\000I\000N\000G\000\040\000M\000A\000T\000E\000R\000A}{}% 1901
\BOOKMARK [1][]{section.1902}{\376\377\000M\000T\0005\0006\0008\000:\000\040\000A\000T\000L\000E\000T\000I\000C\000A\000\040\000G\000R\000A\000S\000S\000A\000N\000O}{}% 1902
\BOOKMARK [1][]{section.1903}{\376\377\000M\000T\0005\0006\0009\000:\000\040\000N\000O\000V\000A\000\040\000S\000I\000R\000I\000\040\000M\000A\000R\000A\000T\000H\000O\000N}{}% 1903
\BOOKMARK [1][]{section.1904}{\376\377\000M\000T\0005\0007\0000\000:\000\040\000B\000E\000R\000N\000A\000L\000D\000A\000\040\000R\000U\000N\000N\000E\000R\000'\000S}{}% 1904
\BOOKMARK [1][]{section.1905}{\376\377\000M\000T\0005\0007\0002\000:\000\040\000A\000S\000D\000\040\000N\000E\000O\000S\000\040\000M\000A\000T\000E\000R\000A}{}% 1905
\BOOKMARK [1][]{section.1906}{\376\377\000M\000T\0005\0007\0003\000:\000\040\000A\000S\000D\000\040\000P\000O\000L\000I\000S\000P\000O\000R\000T\000I\000V\000A\000\040\000R\000E\000-\000C\000Y\000C\000L\000I\000N\000G}{}% 1906
\BOOKMARK [1][]{section.1907}{\376\377\000M\000T\0005\0007\0004\000:\000\040\000A\000.\000S\000.\000D\000.\000\040\000'\000I\000\040\000B\000I\000T\000L\000O\000S\000S\000I\000-\000M\000O\000N\000T\000E\000R\000U\000N\000'}{}% 1907
\BOOKMARK [1][]{section.1908}{\376\377\000N\000A\0000\0000\0008\000:\000\040\000A\000S\000D\000\040\000M\000A\000R\000A\000T\000H\000O\000N\000\040\000C\000L\000U\000B\000\040\000F\000R\000A\000T\000T\000E\000S\000E}{}% 1908
\BOOKMARK [1][]{section.1909}{\376\377\000N\000A\0000\0001\0004\000:\000\040\000A\000.\000S\000.\000D\000.\000\040\000A\000G\000G\000.\000\040\000H\000I\000N\000N\000A}{}% 1909
\BOOKMARK [1][]{section.1910}{\376\377\000N\000A\0000\0001\0008\000:\000\040\000A\000.\000S\000.\000D\000.\000\040\000'\000\040\000L\000A\000\040\000C\000O\000R\000S\000A\000'}{}% 1910
\BOOKMARK [1][]{section.1911}{\376\377\000N\000A\0000\0001\0009\000:\000\040\000A\000.\000S\000.\000D\000.\000\040\000A\000T\000L\000.\000\040\000M\000A\000R\000A\000N\000O}{}% 1911
\BOOKMARK [1][]{section.1912}{\376\377\000N\000A\0000\0002\0000\000:\000\040\000A\000.\000S\000.\000D\000.\000\040\000P\000O\000D\000I\000S\000T\000I\000C\000A\000\040\000C\000A\000S\000O\000R\000I\000A}{}% 1912
\BOOKMARK [1][]{section.1913}{\376\377\000N\000A\0000\0002\0006\000:\000\040\000A\000.\000S\000.\000D\000.\000\040\000A\000T\000L\000E\000T\000I\000C\000A\000\040\000C\000A\000I\000V\000A\000N\000O}{}% 1913
\BOOKMARK [1][]{section.1914}{\376\377\000N\000A\0000\0003\0000\000:\000\040\000A\000.\000S\000.\000D\000.\000\040\000P\000O\000L\000.\000\040\000P\000I\000S\000C\000I\000N\000O\000L\000A}{}% 1914
\BOOKMARK [1][]{section.1915}{\376\377\000N\000A\0000\0003\0002\000:\000\040\000A\000S\000D\000\040\000N\000A\000P\000O\000L\000I\000\040\000S\000P\000O\000R\000T\000\040\000E\000V\000E\000N\000T\000S}{}% 1915
\BOOKMARK [1][]{section.1916}{\376\377\000N\000A\0000\0003\0003\000:\000\040\000A\000S\000D\000\040\000I\000N\000T\000E\000R\000N\000A\000T\000I\000O\000N\000A\000L\000\040\000S\000E\000C\000U\000R\000I\000T\000Y\000\040\000S\000.}{}% 1916
\BOOKMARK [1][]{section.1917}{\376\377\000N\000A\0000\0003\0006\000:\000\040\000A\000.\000S\000.\000D\000.\000\040\000A\000T\000L\000.\000\040\000O\000T\000T\000A\000V\000I\000A\000N\000O}{}% 1917
\BOOKMARK [1][]{section.1918}{\376\377\000N\000A\0000\0003\0009\000:\000\040\000H\000I\000N\000N\000A\000\040\000N\000E\000A\000P\000O\000L\000I\000S}{}% 1918
\BOOKMARK [1][]{section.1919}{\376\377\000N\000A\0000\0004\0006\000:\000\040\000A\000.\000S\000.\000D\000.\000\040\000A\000N\000T\000O\000N\000I\000A\000N\000A\000\040\000R\000U\000N\000N\000E\000R\000S\000\040\000C\000L\000U\000B}{}% 1919
\BOOKMARK [1][]{section.1920}{\376\377\000N\000A\0000\0005\0000\000:\000\040\000A\000.\000S\000.\000D\000.\000\040\000N\000A\000P\000O\000L\000I\000\040\000N\000O\000R\000D\000\040\000M\000A\000R\000A\000T\000H\000O\000N}{}% 1920
\BOOKMARK [1][]{section.1921}{\376\377\000N\000A\0000\0006\0001\000:\000\040\000A\000.\000S\000.\000D\000.\000\040\000C\000.\000U\000.\000S\000.\000\040\000N\000A\000P\000O\000L\000I}{}% 1921
\BOOKMARK [1][]{section.1922}{\376\377\000N\000A\0000\0006\0002\000:\000\040\000S\000.\000S\000.\000D\000.\000\040\000C\000E\000N\000T\000R\000O\000\040\000E\000S\000T\000E\000R\000\040\000N\000A\000P\000O\000L\000I\000\040\000A\000R\000L}{}% 1922
\BOOKMARK [1][]{section.1923}{\376\377\000N\000A\0000\0006\0003\000:\000\040\000A\000.\000S\000.\000D\000.\000\040\000A\000R\000C\000H\000E\000O\000A\000T\000L\000E\000T\000I\000C\000A\000\040\000V\000E\000S\000U\000V\000I\000O}{}% 1923
\BOOKMARK [1][]{section.1924}{\376\377\000N\000A\0000\0006\0004\000:\000\040\000A\000.\000P\000.\000D\000.\000\040\000A\000M\000A\000T\000O\000R\000I\000\040\000A\000T\000L\000E\000T\000I\000C\000A\000\040\000N\000A\000P\000O\000L\000I}{}% 1924
\BOOKMARK [1][]{section.1925}{\376\377\000N\000A\0000\0006\0008\000:\000\040\000A\000.\000S\000.\000D\000.\000\040\000H\000I\000N\000N\000A\000\040\000M\000A\000C\000\040\0008\0002\000\040\000-\000\040\000V\000V\000.\000U\000U\000.}{}% 1925
\BOOKMARK [1][]{section.1926}{\376\377\000N\000A\0000\0006\0009\000:\000\040\000A\000.\000P\000.\000D\000.\000\040\000P\000A\000R\000T\000E\000N\000O\000P\000E\000\040\000A\000T\000L\000.\000\040\000L\000E\000G\000G\000.}{}% 1926
\BOOKMARK [1][]{section.1927}{\376\377\000N\000A\0000\0007\0002\000:\000\040\000A\000.\000S\000.\000D\000.\000\040\000C\000L\000U\000B\000\040\000A\000T\000L\000.\000\040\000N\000A\000P\000O\000L\000I}{}% 1927
\BOOKMARK [1][]{section.1928}{\376\377\000N\000A\0000\0007\0003\000:\000\040\000A\000S\000D\000\040\000C\000S\000A\000L\000\040\000F\000L\000O\000R\000E\000N\000T\000I\000A}{}% 1928
\BOOKMARK [1][]{section.1929}{\376\377\000N\000A\0000\0007\0007\000:\000\040\000A\000.\000P\000.\000D\000.\000\040\000G\000A\000U\000D\000I\000U\000M\000\040\000N\000A\000P\000O\000L\000I}{}% 1929
\BOOKMARK [1][]{section.1930}{\376\377\000N\000A\0000\0007\0008\000:\000\040\000A\000S\000D\000\040\000A\000.\000S\000.\000A\000.\000\040\000D\000E\000T\000U\000R\000\040\000N\000A\000P\000O\000L\000I}{}% 1930
\BOOKMARK [1][]{section.1931}{\376\377\000N\000A\0000\0007\0009\000:\000\040\000A\000.\000S\000.\000D\000.\000H\000I\000N\000N\000A\000\040\000P\000O\000L\000.\000\040\000A\000N\000N\000U\000N\000Z\000I\000A\000T\000E\000L\000L\000A}{}% 1931
\BOOKMARK [1][]{section.1932}{\376\377\000N\000A\0000\0008\0000\000:\000\040\000A\000.\000S\000.\000D\000.\000\040\000N\000A\000P\000O\000L\000I\000\040\000R\000O\000A\000D\000\040\000R\000U\000N\000N\000E\000R\000S}{}% 1932
\BOOKMARK [1][]{section.1933}{\376\377\000N\000A\0000\0008\0006\000:\000\040\000A\000S\000D\000\040\000C\000.\000R\000.\000A\000.\000L\000.\000\040\000N\000A\000P\000O\000L\000I}{}% 1933
\BOOKMARK [1][]{section.1934}{\376\377\000N\000A\0000\0008\0007\000:\000\040\000A\000.\000P\000.\000D\000.\000\040\000A\000T\000L\000.\000\040\000T\000O\000R\000R\000E\000\040\000D\000E\000L\000\040\000G\000R\000E\000C\000O}{}% 1934
\BOOKMARK [1][]{section.1935}{\376\377\000N\000A\0001\0000\0002\000:\000\040\000A\000.\000S\000.\000D\000.\000\040\000H\000I\000N\000N\000A\000\040\000A\000T\000L\000.\000\040\000S\000.\000A\000N\000T\000I\000M\000O}{}% 1935
\BOOKMARK [1][]{section.1936}{\376\377\000N\000A\0001\0001\0001\000:\000\040\000A\000.\000S\000.\000D\000.\000\040\000P\000A\000E\000N\000I\000N\000S\000U\000L\000A}{}% 1936
\BOOKMARK [1][]{section.1937}{\376\377\000N\000A\0001\0004\0001\000:\000\040\000A\000.\000S\000.\000\040\000M\000E\000T\000A\000T\000L\000E\000T\000I\000C}{}% 1937
\BOOKMARK [1][]{section.1938}{\376\377\000N\000A\0001\0004\0003\000:\000\040\000A\000.\000S\000.\000D\000.\000P\000O\000D\000I\000S\000T\000I\000C\000A\000\040\000A\000Z\000Z\000U\000R\000R\000A\000\040\000N\000A\000P\000O\000L\000I}{}% 1938
\BOOKMARK [1][]{section.1939}{\376\377\000N\000A\0001\0004\0005\000:\000\040\000P\000D\000\040\000R\000A\000I\000L\000W\000A\000Y\000\040\000S\000P\000O\000R\000T\000S\000\040\000C\000O\000O\000P\000.\000A\000\040\000R\000.\000L\000.}{}% 1939
\BOOKMARK [1][]{section.1940}{\376\377\000N\000A\0001\0005\0009\000:\000\040\000A\000E\000S\000\040\000I\000T\000A\000L\000I\000A\000\040\000A\000T\000L\000E\000T\000I\000C\000A\000\040\000N\000A\000P\000O\000L\000I}{}% 1940
\BOOKMARK [1][]{section.1941}{\376\377\000N\000A\0001\0008\0009\000:\000\040\000I\000T\000A\000C\000A}{}% 1941
\BOOKMARK [1][]{section.1942}{\376\377\000N\000A\0002\0000\0006\000:\000\040\000A\000.\000S\000.\000D\000.\000\040\000P\000O\000D\000.\000\040\000'\000I\000L\000\040\000L\000A\000G\000H\000E\000T\000T\000O\000'}{}% 1942
\BOOKMARK [1][]{section.1943}{\376\377\000N\000A\0002\0000\0007\000:\000\040\000A\000.\000S\000.\000D\000.\000\040\000V\000I\000C\000T\000O\000R\000I\000A}{}% 1943
\BOOKMARK [1][]{section.1944}{\376\377\000N\000A\0002\0002\0000\000:\000\040\000A\000.\000S\000.\000D\000.\000\040\000E\000C\000L\000I\000P\000S\000E}{}% 1944
\BOOKMARK [1][]{section.1945}{\376\377\000N\000A\0003\0002\0005\000:\000\040\000A\000.\000\040\000P\000.\000\040\000D\000.\000\040\000H\000I\000P\000P\000O\000S\000\040\000C\000A\000M\000P\000I\000\040\000F\000L\000E\000G\000R\000E\000I}{}% 1945
\BOOKMARK [1][]{section.1946}{\376\377\000N\000A\0003\0003\0003\000:\000\040\000A\000T\000L\000E\000T\000I\000C\000A\000\040\000S\000T\000U\000D\000E\000N\000T\000E\000S\000C\000A\000\040\000M\000A\000R\000A\000N\000O}{}% 1946
\BOOKMARK [1][]{section.1947}{\376\377\000N\000A\0003\0003\0005\000:\000\040\000G\000I\000A\000N\000O\000\040\000S\000S\000D\000\040\000A\000R\000L}{}% 1947
\BOOKMARK [1][]{section.1948}{\376\377\000N\000A\0003\0007\0000\000:\000\040\000A\000S\000D\000\040\000C\000S\000A\000A\000S\000\040\000A\000M\000A\000T\000.\000\040\000A\000T\000L\000.\000\040\000S\000O\000R\000R\000E\000N\000T\000O}{}% 1948
\BOOKMARK [1][]{section.1949}{\376\377\000N\000A\0003\0007\0001\000:\000\040\000A\000S\000D\000\040\000G\000.\000P\000.\000\040\000S\000I\000L\000M\000A\000\040\000A\000T\000L\000.\000\040\000C\000R\000I\000S\000T\000O\000F\000A\000R\000O}{}% 1949
\BOOKMARK [1][]{section.1950}{\376\377\000N\000A\0003\0007\0005\000:\000\040\000A\000.\000S\000.\000D\000.\000\040\000R\000.\000L\000.\000\040\000P\000O\000N\000T\000I\000C\000E\000L\000L\000I}{}% 1950
\BOOKMARK [1][]{section.1951}{\376\377\000N\000A\0003\0009\0009\000:\000\040\000P\000O\000L\000Y\000\040\000R\000U\000N\000N\000I\000N\000G\000\040\000C\000A\000P\000R\000I\000\040\000A\000S\000D}{}% 1951
\BOOKMARK [1][]{section.1952}{\376\377\000N\000A\0004\0000\0000\000:\000\040\000A\000.\000S\000.\000D\000.\000\040\000A\000T\000L\000E\000T\000I\000C\000A\000\040\000Q\000U\000A\000L\000I\000A\000N\000O}{}% 1952
\BOOKMARK [1][]{section.1953}{\376\377\000N\000A\0005\0001\0002\000:\000\040\000A\000.\000S\000.\000D\000.\000\040\000A\000M\000A\000T\000O\000R\000I\000\040\000V\000E\000S\000U\000V\000I\000O}{}% 1953
\BOOKMARK [1][]{section.1954}{\376\377\000N\000A\0005\0001\0003\000:\000\040\000A\000.\000S\000.\000D\000.\000\040\000M\000A\000R\000A\000T\000H\000O\000N\000\040\000C\000L\000U\000B\000\040\000S\000T\000A\000B\000I\000A\000E}{}% 1954
\BOOKMARK [1][]{section.1955}{\376\377\000N\000A\0005\0002\0009\000:\000\040\000A\000S\000D\000\040\000G\000.\000P\000.\000\040\000B\000U\000D\000O\000K\000A\000N\000\040\000C\000L\000U\000B\000\040\000P\000O\000R\000T\000I\000C\000I}{}% 1955
\BOOKMARK [1][]{section.1956}{\376\377\000N\000A\0005\0003\0001\000:\000\040\000A\000.\000S\000.\000D\000.\000M\000A\000R\000A\000T\000H\000.\000C\000L\000U\000B\000\040\000I\000S\000.\000\040\000D\000'\000I\000S\000C\000H\000I\000A}{}% 1956
\BOOKMARK [1][]{section.1957}{\376\377\000N\000A\0005\0004\0001\000:\000\040\000A\000.\000S\000.\000D\000.\000\040\000A\000T\000L\000E\000T\000I\000C\000A\000\040\000V\000I\000R\000G\000I\000L\000I\000A\000N\000O}{}% 1957
\BOOKMARK [1][]{section.1958}{\376\377\000N\000A\0005\0005\0004\000:\000\040\000A\000.\000S\000.\000D\000.\000\040\000E\000R\000C\000O\000\040\000S\000P\000O\000R\000T}{}% 1958
\BOOKMARK [1][]{section.1959}{\376\377\000N\000A\0005\0005\0005\000:\000\040\000A\000.\000S\000.\000D\000.\000\040\000R\000U\000N\000N\000I\000N\000G\000\040\000S\000A\000V\000I\000A\000N\000O}{}% 1959
\BOOKMARK [1][]{section.1960}{\376\377\000N\000A\0005\0005\0006\000:\000\040\000A\000.\000S\000.\000D\000\040\000A\000M\000A\000T\000O\000R\000I\000\040\000A\000T\000L\000.\000\040\000F\000R\000A\000T\000T\000E\000S\000E}{}% 1960
\BOOKMARK [1][]{section.1961}{\376\377\000N\000A\0005\0007\0008\000:\000\040\000N\000E\000A\000P\000O\000L\000I\000S\000\040\000M\000A\000R\000A\000T\000H\000O\000N}{}% 1961
\BOOKMARK [1][]{section.1962}{\376\377\000N\000A\0006\0004\0001\000:\000\040\000A\000.\000S\000.\000D\000.\000M\000O\000V\000.\000S\000P\000O\000R\000T\000.\000\040\000B\000A\000R\000T\000O\000L\000O\000\040\000L\000O\000N\000G\000O}{}% 1962
\BOOKMARK [1][]{section.1963}{\376\377\000N\000A\0007\0005\0003\000:\000\040\000A\000S\000D\000\040\000A\000M\000A\000T\000O\000R\000I\000\040\000M\000A\000R\000A\000T\000H\000O\000N\000\040\000F\000R\000A\000T\000T\000E\000S\000E}{}% 1963
\BOOKMARK [1][]{section.1964}{\376\377\000N\000A\0007\0005\0005\000:\000\040\000A\000S\000D\000\040\000A\000T\000L\000E\000T\000I\000C\000A\000\040\000F\000R\000A\000T\000T\000A\000M\000I\000N\000O\000R\000E}{}% 1964
\BOOKMARK [1][]{section.1965}{\376\377\000N\000A\0008\0004\0005\000:\000\040\000A\000S\000D\000\040\000A\000T\000L\000E\000T\000I\000C\000A\000\040\000N\000O\000L\000A\000N\000A}{}% 1965
\BOOKMARK [1][]{section.1966}{\376\377\000N\000A\0008\0005\0002\000:\000\040\000R\000U\000N\000\040\000F\000O\000R\000\040\000L\000O\000V\000E\000\040\000P\000R\000O\000J\000.\000A\000N\000N\000A\000\040\000C\000E\000R\000B\000O\000N\000E}{}% 1966
\BOOKMARK [1][]{section.1967}{\376\377\000N\000A\0008\0005\0003\000:\000\040\000A\000T\000L\000E\000T\000I\000C\000A\000\040\000C\000S\000I\000\040\000C\000A\000M\000P\000A\000N\000I\000A}{}% 1967
\BOOKMARK [1][]{section.1968}{\376\377\000N\000A\0008\0005\0004\000:\000\040\000A\000S\000S\000.\000\040\000S\000P\000O\000R\000T\000I\000V\000A\000\040\000E\000\040\000C\000U\000L\000T\000U\000R\000A\000L\000E\000\040\000O\000R\000I\000O}{}% 1968
\BOOKMARK [1][]{section.1969}{\376\377\000N\000A\0008\0005\0006\000:\000\040\000A\000S\000D\000\040\000N\000A\000P\000O\000L\000I\000\040\000R\000U\000N\000N\000I\000N\000G}{}% 1969
\BOOKMARK [1][]{section.1970}{\376\377\000N\000A\0008\0005\0008\000:\000\040\000A\000S\000D\000\040\000S\000O\000R\000R\000E\000N\000T\000O\000\040\000R\000U\000N\000N\000E\000R\000S}{}% 1970
\BOOKMARK [1][]{section.1971}{\376\377\000N\000A\0008\0006\0000\000:\000\040\000A\000S\000D\000\040\000K\000I\000N\000E\000S\000I\000S\000\040\000L\000A\000B\000\040\000A\000T\000H\000L\000E\000T\000I\000C\000S}{}% 1971
\BOOKMARK [1][]{section.1972}{\376\377\000N\000A\0008\0007\0005\000:\000\040\000A\000T\000L\000E\000T\000I\000C\000A\000\040\000H\000E\000R\000C\000U\000L\000A\000N\000E\000U\000M\000\040\000A\000S\000D}{}% 1972
\BOOKMARK [1][]{section.1973}{\376\377\000N\000A\0009\0005\0008\000:\000\040\000A\000.\000S\000.\000D\000.\000\040\000A\000L\000L\000\040\000S\000T\000A\000R\000S\000\040\000N\000A\000P\000O\000L\000I}{}% 1973
\BOOKMARK [1][]{section.1974}{\376\377\000N\000A\0009\0006\0001\000:\000\040\000A\000T\000L\000E\000T\000I\000C\000A\000\040\000V\000O\000M\000E\000R\000O\000\040\000S\000A\000N\000K\000A\000K\000U}{}% 1974
\BOOKMARK [1][]{section.1975}{\376\377\000N\000A\0009\0006\0005\000:\000\040\000R\000U\000N\000N\000I\000N\000G\000\040\000C\000L\000U\000B\000\040\000N\000A\000P\000O\000L\000I}{}% 1975
\BOOKMARK [1][]{section.1976}{\376\377\000N\000A\0009\0006\0006\000:\000\040\000V\000I\000V\000A\000T\000L\000E\000T\000I\000C\000A\000\040\000C\000I\000C\000C\000I\000A\000N\000O\000\040\000M\000A\000R\000A\000T\000H\000O\000N}{}% 1976
\BOOKMARK [1][]{section.1977}{\376\377\000N\000A\0009\0006\0008\000:\000\040\000A\000.\000S\000.\000D\000.\000\040\000A\000T\000L\000E\000T\000I\000C\000A\000\040\000C\000E\000R\000C\000O\000L\000A}{}% 1977
\BOOKMARK [1][]{section.1978}{\376\377\000N\000A\0009\0007\0001\000:\000\040\000A\000.\000S\000.\000D\000.\000\040\000R\000U\000N\000N\000E\000R\000S\000\040\000C\000A\000L\000V\000I\000Z\000Z\000A\000N\000O}{}% 1978
\BOOKMARK [1][]{section.1979}{\376\377\000N\000A\0009\0007\0004\000:\000\040\000A\000.\000S\000.\000D\000.\000\040\000F\000I\000N\000A\000N\000Z\000A\000\040\000S\000P\000O\000R\000T\000\040\000C\000A\000M\000P\000A\000N\000I\000A}{}% 1979
\BOOKMARK [1][]{section.1980}{\376\377\000N\000A\0009\0007\0007\000:\000\040\000D\000I\000E\000T\000A\000T\000L\000E\000T\000I\000C\000A\000\040\000B\000I\000O\000-\000S\000O\000F\000I\000C\000A}{}% 1980
\BOOKMARK [1][]{section.1981}{\376\377\000N\000A\0009\0008\0002\000:\000\040\000A\000T\000L\000E\000T\000I\000C\000A\000\040\000L\000E\000G\000G\000E\000R\000A\000\040\000P\000O\000R\000T\000I\000C\000I}{}% 1981
\BOOKMARK [1][]{section.1982}{\376\377\000N\000A\0009\0008\0003\000:\000\040\000A\000T\000L\000E\000T\000I\000C\000A\000\040\000P\000O\000S\000I\000L\000L\000I\000P\000O}{}% 1982
\BOOKMARK [1][]{section.1983}{\376\377\000N\000A\0009\0008\0004\000:\000\040\000O\000P\000L\000O\000N\000T\000I\000-\000T\000R\000E\000C\000A\000S\000E\000\040\000R\000U\000N}{}% 1983
\BOOKMARK [1][]{section.1984}{\376\377\000N\000A\0009\0008\0005\000:\000\040\000A\000T\000L\000E\000T\000I\000C\000A\000\040\000C\000E\000N\000T\000R\000O\000\040\000S\000A\000L\000U\000S}{}% 1984
\BOOKMARK [1][]{section.1985}{\376\377\000N\000A\0009\0008\0006\000:\000\040\000A\000.\000S\000.\000D\000.\000\040\000E\000N\000T\000E\000R\000P\000R\000I\000S\000E\000\040\000Y\000O\000U\000N\000G}{}% 1985
\BOOKMARK [1][]{section.1986}{\376\377\000N\000A\0009\0008\0007\000:\000\040\000A\000.\000P\000.\000D\000.\000\040\000A\000E\000N\000E\000A\000S\000\040\000R\000U\000N}{}% 1986
\BOOKMARK [1][]{section.1987}{\376\377\000N\000A\0009\0008\0008\000:\000\040\000A\000T\000L\000E\000T\000I\000C\000A\000\040\000A\000R\000E\000N\000A\000C\000C\000I\000A}{}% 1987
\BOOKMARK [1][]{section.1988}{\376\377\000N\000A\0009\0008\0009\000:\000\040\000B\000O\000R\000N\000\040\000T\000O\000\040\000R\000U\000N}{}% 1988
\BOOKMARK [1][]{section.1989}{\376\377\000N\000A\0009\0009\0000\000:\000\040\000A\000.\000P\000.\000D\000\040\000C\000E\000N\000T\000R\000O\000\040\000A\000T\000L\000E\000T\000I\000C\000A\000\040\000S\000A\000L\000U\000S}{}% 1989
\BOOKMARK [1][]{section.1990}{\376\377\000N\000A\0009\0009\0001\000:\000\040\000A\000N\000T\000A\000R\000E\000S\000\040\000F\000R\000E\000E\000\040\000R\000U\000N\000N\000E\000R\000\040\000S\000T\000A\000B\000I\000A}{}% 1990
\BOOKMARK [1][]{section.1991}{\376\377\000N\000A\0009\0009\0002\000:\000\040\000C\000A\000I\000V\000A\000N\000O\000\040\000R\000U\000N\000N\000E\000R\000S}{}% 1991
\BOOKMARK [1][]{section.1992}{\376\377\000N\000A\0009\0009\0003\000:\000\040\000T\000E\000R\000R\000A\000\040\000D\000E\000L\000L\000O\000\040\000S\000P\000O\000R\000T\000\040\000A\000.\000S\000.\000D\000.}{}% 1992
\BOOKMARK [1][]{section.1993}{\376\377\000N\000A\0009\0009\0004\000:\000\040\000C\000R\000A\000L\000\040\000N\000A\000P\000O\000L\000I\000\040\0002\0000\0001\0006}{}% 1993
\BOOKMARK [1][]{section.1994}{\376\377\000N\000A\0009\0009\0005\000:\000\040\000A\000C\000A\000D\000E\000M\000Y\000\040\000M\000A\000R\000A\000N\000O}{}% 1994
\BOOKMARK [1][]{section.1995}{\376\377\000N\000A\0009\0009\0007\000:\000\040\000A\000S\000D\000\040\000N\000E\000W\000\040\000A\000T\000L\000E\000T\000I\000C\000A\000\040\000A\000F\000R\000A\000G\000O\000L\000A}{}% 1995
\BOOKMARK [1][]{section.1996}{\376\377\000N\000A\0009\0009\0008\000:\000\040\000A\000S\000D\000\040\000P\000O\000D\000I\000S\000T\000I\000C\000A\000\040\000F\000R\000A\000T\000T\000E\000S\000E}{}% 1996
\BOOKMARK [1][]{section.1997}{\376\377\000N\000N\0000\0000\0001\000:\000\040\000I\000T\000A\000L\000I\000A}{}% 1997
\BOOKMARK [1][]{section.1998}{\376\377\000N\000O\0000\0000\0001\000:\000\040\000S\000O\000C\000I\000E\000T\000A\000'\000\040\000A\000T\000L\000E\000T\000I\000C\000A\000\040\000B\000E\000L\000L\000I\000N\000Z\000A\000G\000O}{}% 1998
\BOOKMARK [1][]{section.1999}{\376\377\000N\000O\0000\0000\0002\000:\000\040\000A\000M\000A\000T\000O\000R\000I\000\040\000M\000A\000S\000T\000E\000R\000S\000\040\000N\000O\000V\000A\000R\000A}{}% 1999
\BOOKMARK [1][]{section.2000}{\376\377\000N\000O\0000\0000\0003\000:\000\040\000A\000T\000L\000E\000T\000I\000C\000A\000\040\000O\000V\000E\000S\000T\000\040\000T\000I\000C\000I\000N\000O}{}% 2000
\BOOKMARK [1][]{section.2001}{\376\377\000N\000O\0000\0000\0004\000:\000\040\000A\000.\000S\000.\000D\000.\000\040\000G\000.\000A\000.\000O\000.\000\040\000O\000L\000E\000G\000G\000I\000O}{}% 2001
\BOOKMARK [1][]{section.2002}{\376\377\000N\000O\0000\0000\0007\000:\000\040\000S\000I\000-\000S\000P\000O\000R\000T\000\040\000S\000.\000S\000T\000E\000F\000A\000N\000O\000\040\000B\000O\000R\000G\000O\000M\000A\000N\000E\000R\000O}{}% 2002
\BOOKMARK [1][]{section.2003}{\376\377\000N\000O\0000\0001\0000\000:\000\040\000A\000S\000D\000\040\000A\000T\000L\000E\000T\000I\000C\000A\000\040\000T\000R\000E\000C\000A\000T\000E}{}% 2003
\BOOKMARK [1][]{section.2004}{\376\377\000N\000O\0000\0002\0000\000:\000\040\000T\000E\000A\000M\000\040\000A\000T\000L\000E\000T\000I\000C\000O\000-\000M\000E\000R\000C\000U\000R\000I\000O\000\040\000N\000O\000V\000A\000R\000A}{}% 2004
\BOOKMARK [1][]{section.2005}{\376\377\000N\000O\0000\0002\0003\000:\000\040\000G\000.\000S\000.\000\040\000C\000A\000S\000T\000E\000L\000L\000A\000N\000I\000A\000\040\000-\000\040\000G\000O\000Z\000Z\000A\000N\000O}{}% 2005
\BOOKMARK [1][]{section.2006}{\376\377\000N\000O\0000\0003\0007\000:\000\040\000G\000.\000S\000.\000\040\000F\000U\000L\000G\000O\000R\000\040\000P\000R\000A\000T\000O\000\040\000S\000E\000S\000I\000A}{}% 2006
\BOOKMARK [1][]{section.2007}{\376\377\000N\000O\0000\0004\0002\000:\000\040\000A\000T\000L\000E\000T\000I\000C\000A\000\040\000T\000R\000I\000N\000A\000C\000R\000I\000A}{}% 2007
\BOOKMARK [1][]{section.2008}{\376\377\000N\000O\0000\0004\0007\000:\000\040\000A\000T\000L\000E\000T\000I\000C\000A\000\040\000I\000\040\000D\000U\000E\000\040\000S\000O\000L\000I}{}% 2008
\BOOKMARK [1][]{section.2009}{\376\377\000N\000O\0000\0004\0008\000:\000\040\000A\000T\000L\000E\000T\000I\000C\000A\000\040\000G\000A\000L\000L\000I\000A\000T\000E}{}% 2009
\BOOKMARK [1][]{section.2010}{\376\377\000N\000O\0000\0004\0009\000:\000\040\000A\000T\000L\000E\000T\000I\000C\000A\000\040\000R\000U\000B\000.\000\040\000F\000.\000L\000L\000I\000\040\000F\000R\000A\000T\000T\000I\000N\000I}{}% 2010
\BOOKMARK [1][]{section.2011}{\376\377\000N\000O\0000\0005\0001\000:\000\040\000A\000M\000C}{}% 2011
\BOOKMARK [1][]{section.2012}{\376\377\000N\000O\0000\0005\0002\000:\000\040\000A\000.\000S\000.\000D\000.\000\040\000C\000I\000R\000C\000U\000I\000T\000O\000\040\000R\000U\000N\000N\000I\000N\000G}{}% 2012
\BOOKMARK [1][]{section.2013}{\376\377\000N\000O\0000\0005\0003\000:\000\040\000P\000O\000D\000I\000S\000T\000I\000C\000A\000\040\000A\000R\000O\000N\000A}{}% 2013
\BOOKMARK [1][]{section.2014}{\376\377\000N\000O\0000\0005\0004\000:\000\040\000A\000T\000L\000E\000T\000I\000C\000A\000\040\000P\000A\000L\000Z\000O\000L\000A}{}% 2014
\BOOKMARK [1][]{section.2015}{\376\377\000N\000O\0000\0005\0005\000:\000\040\000A\000T\000L\000E\000T\000I\000C\000A\000\040\000M\000A\000R\000A\000T\000H\000O\000N\000\040\000B\000E\000L\000L\000I\000N\000Z\000A\000G\000O}{}% 2015
\BOOKMARK [1][]{section.2016}{\376\377\000N\000O\0000\0005\0006\000:\000\040\000A\000.\000S\000.\000D\000.\000\040\000A\000T\000L\000E\000T\000I\000C\000A\000\040\000I\000R\000I\000S\000\040\000N\000O\000V\000A\000R\000A}{}% 2016
\BOOKMARK [1][]{section.2017}{\376\377\000N\000O\0000\0005\0008\000:\000\040\000N\000O\000V\000A\000R\000A\000\040\000C\000H\000E\000\040\000C\000O\000R\000R\000E}{}% 2017
\BOOKMARK [1][]{section.2018}{\376\377\000N\000O\0000\0005\0009\000:\000\040\000T\000R\000A\000I\000L\000-\000R\000U\000N\000N\000I\000N\000G}{}% 2018
\BOOKMARK [1][]{section.2019}{\376\377\000N\000O\0000\0006\0002\000:\000\040\000N\000E\000W\000\040\000R\000U\000N\000\040\000T\000.}{}% 2019
\BOOKMARK [1][]{section.2020}{\376\377\000N\000O\0000\0006\0006\000:\000\040\000A\000R\000E\000A\000\040\000L\000I\000B\000E\000R\000A\000\040\000C\000O\000O\000P\000\040\000S\000S\000D}{}% 2020
\BOOKMARK [1][]{section.2021}{\376\377\000N\000O\0000\0006\0008\000:\000\040\000C\000U\000S\000I\000O\000C\000U\000P}{}% 2021
\BOOKMARK [1][]{section.2022}{\376\377\000N\000O\0000\0006\0009\000:\000\040\000L\000U\000C\000I\000A\000N\000I\000\040\000S\000P\000O\000R\000T\000\040\000T\000E\000A\000M}{}% 2022
\BOOKMARK [1][]{section.2023}{\376\377\000N\000O\0000\0007\0002\000:\000\040\000A\000S\000D\000\040\000C\000L\000U\000B\000\040\000S\000U\000P\000E\000R\000M\000A\000R\000A\000T\000H\000O\000N\000\040\000I\000T\000A\000L\000I\000A}{}% 2023
\BOOKMARK [1][]{section.2024}{\376\377\000N\000O\0000\0007\0003\000:\000\040\000A\000S\000D\000\040\000R\000U\000N\000\040\000F\000A\000S\000T}{}% 2024
\BOOKMARK [1][]{section.2025}{\376\377\000N\000O\0000\0007\0005\000:\000\040\000A\000S\000D\000\040\000T\000R\000E\000C\000A\000T\000E\000\040\000R\000U\000N}{}% 2025
\BOOKMARK [1][]{section.2026}{\376\377\000N\000U\0000\0004\0000\000:\000\040\000A\000S\000\040\000D\000E\000L\000O\000G\000U\000\040\000N\000U\000O\000R\000O}{}% 2026
\BOOKMARK [1][]{section.2027}{\376\377\000N\000U\0000\0005\0002\000:\000\040\000C\000S\000\040\000F\000I\000A\000M\000M\000A\000\040\000M\000A\000C\000O\000M\000E\000R}{}% 2027
\BOOKMARK [1][]{section.2028}{\376\377\000N\000U\0000\0005\0003\000:\000\040\000P\000O\000L\000\040\000G\000O\000N\000O\000N\000E\000\040\000D\000O\000R\000G\000A\000L\000I}{}% 2028
\BOOKMARK [1][]{section.2029}{\376\377\000N\000U\0000\0007\0004\000:\000\040\000G\000S\000\040\000A\000T\000L\000E\000T\000I\000C\000A\000\040\000O\000G\000L\000I\000A\000S\000T\000R\000A}{}% 2029
\BOOKMARK [1][]{section.2030}{\376\377\000N\000U\0000\0008\0001\000:\000\040\000P\000O\000L\000\040\000I\000S\000I\000L\000I}{}% 2030
\BOOKMARK [1][]{section.2031}{\376\377\000N\000U\0001\0000\0001\000:\000\040\000P\000O\000L\000\040\000O\000L\000I\000M\000P\000I\000A\000\040\000B\000O\000L\000O\000T\000A\000N\000A}{}% 2031
\BOOKMARK [1][]{section.2032}{\376\377\000N\000U\0001\0000\0006\000:\000\040\000A\000T\000L\000E\000T\000I\000C\000A\000\040\000F\000O\000N\000N\000I}{}% 2032
\BOOKMARK [1][]{section.2033}{\376\377\000N\000U\0001\0004\0007\000:\000\040\000A\000S\000D\000\040\000A\000T\000L\000E\000T\000I\000C\000A\000\040\000A\000M\000A\000T\000O\000R\000I\000\040\000N\000U\000O\000R\000O}{}% 2033
\BOOKMARK [1][]{section.2034}{\376\377\000N\000U\0001\0004\0009\000:\000\040\000A\000T\000L\000E\000T\000I\000C\000A\000\040\000O\000R\000A\000N\000I}{}% 2034
\BOOKMARK [1][]{section.2035}{\376\377\000N\000U\0001\0007\0001\000:\000\040\000A\000S\000\040\000A\000T\000L\000E\000T\000I\000C\000A\000\040\000M\000A\000C\000O\000M\000E\000R}{}% 2035
\BOOKMARK [1][]{section.2036}{\376\377\000N\000U\0001\0008\0009\000:\000\040\000A\000T\000L\000E\000T\000I\000C\000A\000\040\000D\000E\000S\000U\000L\000O}{}% 2036
\BOOKMARK [1][]{section.2037}{\376\377\000N\000U\0001\0009\0000\000:\000\040\000P\000O\000L\000I\000S\000P\000O\000R\000T\000I\000V\000A\000\040\000O\000T\000T\000A\000N\000A}{}% 2037
\BOOKMARK [1][]{section.2038}{\376\377\000N\000U\0002\0000\0004\000:\000\040\000P\000O\000L\000I\000S\000P\000O\000R\000T\000I\000V\000A\000\040\000B\000A\000R\000O\000N\000I\000A}{}% 2038
\BOOKMARK [1][]{section.2039}{\376\377\000N\000U\0002\0003\0003\000:\000\040\000A\000S\000D\000\040\000A\000T\000L\000E\000T\000I\000C\000A\000\040\000S\000P\000O\000R\000T\000\040\000E\000'\000\040\000V\000I\000T\000A}{}% 2039
\BOOKMARK [1][]{section.2040}{\376\377\000N\000U\0002\0005\0001\000:\000\040\000A\000T\000L\000E\000T\000I\000C\000A\000\040\000M\000O\000N\000T\000E\000\040\000S\000P\000A\000D\000A}{}% 2040
\BOOKMARK [1][]{section.2041}{\376\377\000N\000U\0002\0006\0004\000:\000\040\000N\000U\000G\000O\000R\000O\000\040\000T\000R\000A\000C\000K\000\040\000A\000N\000D\000\040\000F\000I\000E\000L\000D}{}% 2041
\BOOKMARK [1][]{section.2042}{\376\377\000N\000U\0002\0008\0005\000:\000\040\000M\000A\000C\000O\000M\000E\000R\000U\000N\000N\000E\000R\000S\000\040\000A\000S\000D}{}% 2042
\BOOKMARK [1][]{section.2043}{\376\377\000O\000R\0000\0000\0008\000:\000\040\000A\000T\000L\000E\000T\000I\000C\000A\000\040\000A\000I\000R\000O\000N\000E}{}% 2043
\BOOKMARK [1][]{section.2044}{\376\377\000O\000R\0000\0001\0001\000:\000\040\000R\000I\000U\000\040\000M\000A\000N\000N\000U\000\040\000G\000O\000N\000N\000O\000S\000T\000R\000A\000M\000A\000T\000Z\000A}{}% 2044
\BOOKMARK [1][]{section.2045}{\376\377\000O\000R\0000\0002\0000\000:\000\040\000L\000I\000B\000E\000R\000T\000A\000S\000\040\000T\000E\000R\000R\000A\000L\000B\000A}{}% 2045
\BOOKMARK [1][]{section.2046}{\376\377\000O\000R\0000\0002\0007\000:\000\040\000A\000T\000L\000\040\000L\000E\000G\000G\000\040\000A\000R\000B\000O\000R\000E\000A}{}% 2046
\BOOKMARK [1][]{section.2047}{\376\377\000O\000R\0000\0003\0000\000:\000\040\000A\000S\000D\000\040\000A\000T\000L\000\040\000O\000R\000I\000S\000T\000A\000N\000O}{}% 2047
\BOOKMARK [1][]{section.2048}{\376\377\000O\000R\0000\0004\0008\000:\000\040\000G\000S\000\040\000P\000I\000O\000N\000I\000E\000R\000I\000\040\000M\000A\000R\000M\000I\000L\000L\000A\000\040\000M\000O\000G\000O\000R\000O}{}% 2048
\BOOKMARK [1][]{section.2049}{\376\377\000O\000R\0001\0001\0009\000:\000\040\000G\000S\000\040\000A\000T\000L\000\040\000B\000A\000U\000L\000A\000D\000U}{}% 2049
\BOOKMARK [1][]{section.2050}{\376\377\000O\000R\0001\0003\0008\000:\000\040\000C\000E\000N\000T\000R\000O\000\040\000P\000O\000L\000I\000S\000P\000O\000R\000T\000I\000V\000O\000\040\000S\000A\000M\000U\000G\000H\000E\000O}{}% 2050
\BOOKMARK [1][]{section.2051}{\376\377\000O\000R\0001\0005\0006\000:\000\040\000A\000M\000A\000T\000O\000R\000I\000\040\000T\000E\000R\000R\000A\000L\000B\000A}{}% 2051
\BOOKMARK [1][]{section.2052}{\376\377\000O\000R\0001\0006\0002\000:\000\040\000A\000T\000L\000\040\000M\000O\000N\000T\000E\000\040\000A\000R\000C\000I\000\040\000M\000A\000R\000R\000U\000B\000I\000U}{}% 2052
\BOOKMARK [1][]{section.2053}{\376\377\000O\000R\0001\0007\0002\000:\000\040\000M\000A\000R\000A\000T\000H\000O\000N\000\040\000C\000L\000U\000B\000\040\000O\000R\000I\000S\000T\000A\000N\000O}{}% 2053
\BOOKMARK [1][]{section.2054}{\376\377\000O\000R\0001\0007\0008\000:\000\040\000P\000O\000L\000\040\000G\000U\000I\000L\000C\000E\000R\000\040\000T\000E\000A\000M\000\040\000L\000A\000\040\000C\000I\000T\000T\000A\000'}{}% 2054
\BOOKMARK [1][]{section.2055}{\376\377\000O\000R\0002\0000\0009\000:\000\040\000P\000O\000L\000I\000S\000P\000O\000R\000T\000I\000V\000A\000\040\000R\000U\000N\000N\000E\000R\000S\000\040\000O\000R\000I\000S\000T\000A\000N\000O}{}% 2055
\BOOKMARK [1][]{section.2056}{\376\377\000O\000R\0002\0002\0005\000:\000\040\000D\000I\000N\000A\000M\000I\000C\000A\000\040\000S\000A\000R\000D\000E\000G\000N\000A}{}% 2056
\BOOKMARK [1][]{section.2057}{\376\377\000O\000R\0002\0004\0006\000:\000\040\000A\000T\000L\000E\000T\000I\000C\000A\000\040\000S\000O\000L\000A\000R\000U\000S\000S\000A}{}% 2057
\BOOKMARK [1][]{section.2058}{\376\377\000O\000R\0002\0007\0001\000:\000\040\000A\000T\000L\000E\000T\000I\000C\000A\000\040\000U\000R\000A\000S\000\040\000A\000S\000D}{}% 2058
\BOOKMARK [1][]{section.2059}{\376\377\000P\000A\0000\0000\0001\000:\000\040\000A\000.\000S\000.\000D\000.\000\040\000C\000.\000U\000.\000S\000.\000\040\000P\000A\000L\000E\000R\000M\000O}{}% 2059
\BOOKMARK [1][]{section.2060}{\376\377\000P\000A\0000\0000\0004\000:\000\040\000A\000.\000S\000.\000D\000.\000\040\000P\000O\000L\000.\000\040\000D\000E\000L\000T\000A\000\040\000P\000A\000L\000E\000R\000M\000O}{}% 2060
\BOOKMARK [1][]{section.2061}{\376\377\000P\000A\0000\0000\0006\000:\000\040\000A\000.\000S\000.\000D\000.\000\040\000P\000O\000L\000.\000\040\000E\000.\000\040\000M\000O\000S\000E\000S\000\040\000S\000.\000L}{}% 2061
\BOOKMARK [1][]{section.2062}{\376\377\000P\000A\0000\0001\0003\000:\000\040\000A\000.\000S\000.\000D\000.\000\040\000P\000O\000L\000.\000\040\000A\000C\000S\000I\000\040\000S\000I\000R\000I\000O\000\040\0002\0000\0000\0000}{}% 2062
\BOOKMARK [1][]{section.2063}{\376\377\000P\000A\0000\0001\0005\000:\000\040\000A\000.\000S\000.\000D\000.\000\040\000L\000'\000A\000T\000L\000E\000T\000A\000\040\000P\000A\000L\000E\000R\000M\000O}{}% 2063
\BOOKMARK [1][]{section.2064}{\376\377\000P\000A\0000\0001\0008\000:\000\040\000G\000.\000S\000.\000\040\000D\000I\000L\000.\000\040\000A\000M\000A\000T\000O\000R\000I\000\040\000P\000A\000L\000E\000R\000M\000O}{}% 2064
\BOOKMARK [1][]{section.2065}{\376\377\000P\000A\0000\0001\0009\000:\000\040\000A\000.\000S\000.\000D\000.\000\040\000P\000O\000L\000.\000\040\000P\000A\000L\000M\000E}{}% 2065
\BOOKMARK [1][]{section.2066}{\376\377\000P\000A\0000\0002\0000\000:\000\040\000A\000.\000S\000.\000D\000.\000\040\000A\000R\000C\000I\000\040\000X\000I\000I\000I\000\040\000D\000I\000C\000E\000M\000B\000R\000E}{}% 2066
\BOOKMARK [1][]{section.2067}{\376\377\000P\000A\0000\0002\0001\000:\000\040\000A\000.\000S\000.\000\040\000D\000I\000L\000.\000\040\000P\000O\000L\000.\000\040\000A\000T\000L\000.\000\040\000B\000A\000G\000H\000E\000R\000I\000A}{}% 2067
\BOOKMARK [1][]{section.2068}{\376\377\000P\000A\0000\0002\0003\000:\000\040\000A\000.\000S\000.\000\040\000D\000I\000L\000.\000\040\000A\000T\000L\000.\000M\000O\000N\000D\000E\000L\000L\000O}{}% 2068
\BOOKMARK [1][]{section.2069}{\376\377\000P\000A\0000\0002\0006\000:\000\040\000M\000U\000I\000R\000G\000H\000E\000A\000L\000\040\000S\000.\000S\000.\000D\000.\000\040\000R\000E\000S\000P\000.\000L\000I\000M\000I\000T\000A\000T\000A}{}% 2069
\BOOKMARK [1][]{section.2070}{\376\377\000P\000A\0000\0002\0008\000:\000\040\000A\000.\000S\000.\000\040\000D\000I\000L\000E\000T\000T\000.\000\040\000P\000O\000L\000.\000R\000E\000A\000L\000\040\000F\000A\000V\000O\000R\000I\000T\000A}{}% 2070
\BOOKMARK [1][]{section.2071}{\376\377\000P\000A\0000\0002\0009\000:\000\040\000A\000.\000S\000.\000\040\000D\000I\000L\000E\000T\000T\000.\000\040\000P\000O\000L\000.\000D\000E\000C\000A\000T\000H\000L\000O\000N}{}% 2071
\BOOKMARK [1][]{section.2072}{\376\377\000P\000A\0000\0003\0000\000:\000\040\000A\000.\000S\000.\000D\000I\000L\000.\000\040\000U\000N\000I\000V\000E\000R\000S\000I\000T\000A\000S\000\040\000P\000A}{}% 2072
\BOOKMARK [1][]{section.2073}{\376\377\000P\000A\0000\0003\0003\000:\000\040\000A\000.\000S\000.\000D\000.\000\040\000E\000S\000S\000E\000B\000I\000E\000M\000M\000E}{}% 2073
\BOOKMARK [1][]{section.2074}{\376\377\000P\000A\0000\0004\0000\000:\000\040\000G\000.\000S\000.\000D\000.\000\040\000S\000I\000C\000I\000L\000I\000A\000\040\000T\000R\000I\000A\000T\000H\000L\000O\000N}{}% 2074
\BOOKMARK [1][]{section.2075}{\376\377\000P\000A\0000\0004\0002\000:\000\040\000A\000.\000S\000.\000D\000.\000\040\000G\000.\000S\000.\000\040\000A\000T\000L\000.\000\040\000P\000A\000R\000T\000I\000N\000I\000C\000O}{}% 2075
\BOOKMARK [1][]{section.2076}{\376\377\000P\000A\0000\0004\0007\000:\000\040\000A\000.\000S\000.\000D\000.\000G\000R\000.\000A\000T\000L\000.\000P\000O\000L\000.\000C\000A\000S\000T\000E\000L\000B\000U\000O\000N\000E\000S\000E}{}% 2076
\BOOKMARK [1][]{section.2077}{\376\377\000P\000A\0000\0004\0008\000:\000\040\000A\000.\000S\000.\000\040\000D\000I\000L\000.\000\040\000S\000O\000R\000R\000I\000S\000O}{}% 2077
\BOOKMARK [1][]{section.2078}{\376\377\000P\000A\0000\0005\0000\000:\000\040\000A\000.\000S\000.\000D\000.\000S\000P\000O\000R\000T\000\040\000N\000U\000O\000V\000I\000\040\000E\000V\000E\000N\000T\000I\000\040\000S\000I\000C\000I\000L}{}% 2078
\BOOKMARK [1][]{section.2079}{\376\377\000P\000A\0000\0005\0004\000:\000\040\000A\000S\000S\000.\000\040\000P\000O\000L\000.\000\040\000D\000I\000L\000.\000\040\000O\000L\000Y\000M\000P\000I\000C\000\040\000R\000O\000O\000K\000I\000E\000S}{}% 2079
\BOOKMARK [1][]{section.2080}{\376\377\000P\000A\0000\0005\0005\000:\000\040\000A\000.\000S\000.\000\040\000D\000I\000L\000E\000T\000T\000.\000\040\000T\000O\000M\000A\000S\000I\000\040\000J\000U\000N\000I\000O\000R}{}% 2080
\BOOKMARK [1][]{section.2081}{\376\377\000P\000A\0000\0007\0002\000:\000\040\000G\000.\000S\000.\000\040\000D\000I\000L\000.\000\040\000V\000E\000R\000G\000I\000N\000E\000\040\000M\000A\000R\000I\000A\000\040\000P\000A}{}% 2081
\BOOKMARK [1][]{section.2082}{\376\377\000P\000A\0001\0006\0000\000:\000\040\000A\000.\000S\000.\000D\000I\000L\000.\000\040\000P\000A\000L\000E\000R\000M\000O\000\040\000H\000.\000\040\0001\0003\000,\0003\0000}{}% 2082
\BOOKMARK [1][]{section.2083}{\376\377\000P\000A\0001\0007\0001\000:\000\040\000A\000.\000S\000.\000D\000.\000\040\000C\000L\000U\000B\000\040\000A\000T\000L\000E\000T\000I\000C\000A\000\040\000P\000A\000R\000T\000I\000N\000I\000C\000O}{}% 2083
\BOOKMARK [1][]{section.2084}{\376\377\000P\000A\0001\0008\0001\000:\000\040\000A\000.\000S\000.\000\040\000D\000I\000L\000.\000\040\000P\000.\000D\000.\000G\000.\000M\000.\000\040\000L\000I\000B\000E\000R\000T\000A\000S\000\040\000P\000A}{}% 2084
\BOOKMARK [1][]{section.2085}{\376\377\000P\000A\0001\0008\0004\000:\000\040\000A\000.\000S\000.\000\040\000D\000I\000L\000.\000\040\000P\000O\000L\000.\000\040\000A\000.\000P\000.\000B\000.\000\040\000J\000U\000N\000I\000O\000R}{}% 2085
\BOOKMARK [1][]{section.2086}{\376\377\000P\000A\0002\0007\0007\000:\000\040\000A\000.\000S\000.\000D\000.\000\040\000P\000O\000L\000.\000W\000I\000N\000N\000E\000R\000S\000\040\000P\000A\000L\000E\000R\000M\000O}{}% 2086
\BOOKMARK [1][]{section.2087}{\376\377\000P\000A\0002\0007\0008\000:\000\040\000P\000O\000L\000.\000\040\000D\000I\000L\000E\000T\000T\000.\000\040\000A\000L\000L\000\040\000S\000T\000A\000R\000S}{}% 2087
\BOOKMARK [1][]{section.2088}{\376\377\000P\000A\0002\0009\0000\000:\000\040\000A\000.\000S\000.\000\040\000D\000I\000L\000.\000\040\000M\000A\000R\000A\000T\000H\000O\000N\000\040\000A\000L\000T\000O\000F\000O\000N\000T\000E}{}% 2088
\BOOKMARK [1][]{section.2089}{\376\377\000P\000A\0002\0009\0001\000:\000\040\000A\000.\000S\000.\000D\000.\000\040\000P\000O\000L\000.\000\040\000K\000A\000L\000O\000'\000S}{}% 2089
\BOOKMARK [1][]{section.2090}{\376\377\000P\000A\0003\0001\0003\000:\000\040\000A\000S\000D\000\040\000T\000E\000A\000M\000\040\000A\000T\000L\000E\000T\000I\000C\000A\000\040\000P\000A\000L\000E\000R\000M\000O}{}% 2090
\BOOKMARK [1][]{section.2091}{\376\377\000P\000A\0003\0003\0005\000:\000\040\000A\000.\000S\000.\000D\000.\000\040\000P\000O\000L\000.\000\040\000E\000U\000R\000O\000P\000A\000\040\000C\000A\000P\000A\000C\000I}{}% 2091
\BOOKMARK [1][]{section.2092}{\376\377\000P\000A\0003\0005\0001\000:\000\040\000A\000.\000S\000.\000\040\000D\000I\000L\000E\000T\000T\000.\000\040\000A\000.\000C\000.\000S\000.\000T\000O\000M\000A\000S\000I}{}% 2092
\BOOKMARK [1][]{section.2093}{\376\377\000P\000A\0003\0005\0004\000:\000\040\000A\000.\000S\000.\000\040\000D\000I\000L\000.\000\040\000P\000O\000L\000.\000\040\000A\000.\000P\000.\000B\000.}{}% 2093
\BOOKMARK [1][]{section.2094}{\376\377\000P\000A\0003\0005\0009\000:\000\040\000A\000.\000S\000.\000D\000.\000\040\000P\000O\000L\000\040\000S\000.\000C\000.\000O\000R\000I\000O\000N\000\040\000A\000L\000T\000O\000F\000O\000N\000T\000E}{}% 2094
\BOOKMARK [1][]{section.2095}{\376\377\000P\000A\0003\0008\0002\000:\000\040\000A\000.\000S\000.\000D\000.\000\040\000P\000O\000L\000.\000N\000A\000U\000T\000I\000L\000U\000S\000\040\000P\000O\000R\000T\000I\000C\000E\000L\000L\000O}{}% 2095
\BOOKMARK [1][]{section.2096}{\376\377\000P\000A\0003\0008\0008\000:\000\040\000A\000.\000S\000.\000\040\000D\000I\000L\000.\000\040\000P\000O\000L\000.\000\040\000V\000.\000S\000.\000\040\000A\000I\000R\000O\000N\000I}{}% 2096
\BOOKMARK [1][]{section.2097}{\376\377\000P\000A\0004\0002\0000\000:\000\040\000A\000S\000D\000\040\000C\000O\000M\000.\000O\000R\000G\000.\000M\000A\000R\000A\000T\000O\000N\000A\000\040\000C\000I\000T\000T\000A\000\040\000P\000A}{}% 2097
\BOOKMARK [1][]{section.2098}{\376\377\000P\000A\0004\0003\0008\000:\000\040\000A\000.\000S\000.\000\040\000D\000I\000L\000.\000\040\000A\000M\000A\000T\000O\000R\000E\000\040\000D\000E\000L\000T\000A\000\040\000P\000A}{}% 2098
\BOOKMARK [1][]{section.2099}{\376\377\000P\000A\0004\0003\0009\000:\000\040\000A\000.\000S\000.\000\040\000D\000I\000L\000.\000\040\000P\000O\000L\000.\000E\000U\000R\000O\000P\000A\000\040\000J\000U\000N\000I\000O\000R}{}% 2099
\BOOKMARK [1][]{section.2100}{\376\377\000P\000A\0004\0004\0000\000:\000\040\000A\000.\000S\000.\000D\000.\000\040\000P\000O\000L\000.\000\040\000E\000U\000R\000O\000P\000A\000\040\000M\000O\000N\000T\000E\000L\000E\000P\000R\000E}{}% 2100
\BOOKMARK [1][]{section.2101}{\376\377\000P\000A\0004\0004\0008\000:\000\040\000A\000.\000S\000.\000D\000I\000L\000.\000\040\000P\000O\000L\000.\000A\000I\000R\000O\000N\000I\000\040\000Y\000O\000U\000N\000G}{}% 2101
\BOOKMARK [1][]{section.2102}{\376\377\000P\000A\0004\0005\0003\000:\000\040\000A\000S\000D\000\040\000M\000E\000D\000I\000A\000@}{}% 2102
\BOOKMARK [1][]{section.2103}{\376\377\000P\000A\0004\0007\0002\000:\000\040\000A\000S\000D\000\040\000E\000Q\000U\000I\000L\000I\000B\000R\000A\000\040\000R\000U\000N\000N\000I\000N\000G\000\040\000T\000E\000A\000M\000\040\000P\000A}{}% 2103
\BOOKMARK [1][]{section.2104}{\376\377\000P\000A\0004\0007\0008\000:\000\040\000P\000O\000L\000.\000\040\000D\000I\000L\000E\000T\000T\000.\000\040\000P\000A\000L\000E\000X\000T\000R\000A}{}% 2104
\BOOKMARK [1][]{section.2105}{\376\377\000P\000A\0005\0000\0000\000:\000\040\000A\000.\000S\000.\000D\000.\000\040\000M\000O\000N\000T\000E\000M\000A\000G\000G\000I\000O\000R\000E}{}% 2105
\BOOKMARK [1][]{section.2106}{\376\377\000P\000A\0005\0000\0007\000:\000\040\000E\000K\000O\000P\000O\000L\000I\000S\000\040\000A\000P\000S\000\040\000A\000S\000D}{}% 2106
\BOOKMARK [1][]{section.2107}{\376\377\000P\000A\0005\0002\0004\000:\000\040\000A\000.\000S\000.\000D\000.\000\040\000S\000P\000O\000R\000T\000A\000M\000A\000T\000O\000R\000I\000\040\000P\000A\000R\000T\000I\000N\000I\000C\000O}{}% 2107
\BOOKMARK [1][]{section.2108}{\376\377\000P\000A\0005\0009\0002\000:\000\040\000A\000.\000S\000.\000D\000.\000\040\000T\000R\000I\000N\000A\000C\000R\000I\000A\000\040\000P\000A\000L\000E\000R\000M\000O}{}% 2108
\BOOKMARK [1][]{section.2109}{\376\377\000P\000A\0005\0009\0007\000:\000\040\000A\000.\000S\000.\000\040\000D\000I\000L\000.\000\040\000M\000A\000R\000A\000T\000H\000O\000N\000\040\000C\000L\000U\000B\000\040\000P\000A}{}% 2109
\BOOKMARK [1][]{section.2110}{\376\377\000P\000A\0006\0001\0006\000:\000\040\000A\000S\000D\000\040\000T\000E\000R\000M\000I\000N\000I\000\040\000M\000A\000R\000A\000T\000H\000O\000N\000\040\000E\000\040\000B\000I\000K\000E}{}% 2110
\BOOKMARK [1][]{section.2111}{\376\377\000P\000A\0006\0005\0000\000:\000\040\000A\000.\000S\000.\000D\000.\000\040\000G\000.\000S\000.\000\040\000P\000A\000R\000T\000I\000N\000I\000C\000O\000\040\000R\000U\000N\000N\000I\000N\000G}{}% 2111
\BOOKMARK [1][]{section.2112}{\376\377\000P\000A\0006\0007\0003\000:\000\040\000A\000.\000S\000.\000D\000.\000\040\000M\000U\000R\000I\000A\000L\000D\000O\000\040\000C\000E\000F\000A\000L\000U}{}% 2112
\BOOKMARK [1][]{section.2113}{\376\377\000P\000A\0007\0000\0002\000:\000\040\000A\000S\000D\000\040\000A\000T\000L\000E\000T\000I\000C\000A\000\040\000T\000E\000R\000M\000I\000N\000I\000\040\000I\000M\000E\000R\000E\000S\000E}{}% 2113
\BOOKMARK [1][]{section.2114}{\376\377\000P\000A\0007\0002\0004\000:\000\040\000A\000S\000D\000P\000\040\000S\000C\000U\000O\000L\000A\000\040\000D\000I\000\040\000A\000T\000L\000.\000\040\000M\000I\000S\000I\000L\000M\000E\000R\000I}{}% 2114
\BOOKMARK [1][]{section.2115}{\376\377\000P\000A\0007\0003\0000\000:\000\040\000A\000.\000S\000.\000D\000.\000\040\000P\000O\000L\000I\000S\000P\000O\000R\000T\000I\000V\000A\000\040\000N\000A\000D\000I\000R}{}% 2115
\BOOKMARK [1][]{section.2116}{\376\377\000P\000A\0007\0004\0008\000:\000\040\000A\000S\000D\000\040\000I\000N\000T\000E\000R\000F\000O\000R\000Z\000E\000\040\000S\000E\000Z\000.\000\040\000G\000I\000O\000V\000A\000N\000I\000L\000E}{}% 2116
\BOOKMARK [1][]{section.2117}{\376\377\000P\000A\0007\0004\0009\000:\000\040\000A\000S\000D\000\040\000S\000I\000C\000I\000L\000I\000A\000\040\000R\000U\000N\000N\000I\000N\000G\000\040\000T\000E\000A\000M}{}% 2117
\BOOKMARK [1][]{section.2118}{\376\377\000P\000A\0007\0005\0004\000:\000\040\000A\000S\000D\000\040\000P\000O\000L\000I\000Z\000I\000A\000\040\000D\000I\000\040\000S\000T\000A\000T\000O\000\040\000P\000A\000L\000E\000R\000M\000O}{}% 2118
\BOOKMARK [1][]{section.2119}{\376\377\000P\000A\0007\0005\0006\000:\000\040\000A\000S\000D\000\040\000A\000G\000E\000X}{}% 2119
\BOOKMARK [1][]{section.2120}{\376\377\000P\000A\0007\0005\0007\000:\000\040\000S\000I\000C\000I\000L\000I\000A\000N\000\040\000A\000T\000H\000L\000E\000T\000I\000C\000\040\000S\000P\000O\000R\000T\000\040\000R\000A\000C\000E}{}% 2120
\BOOKMARK [1][]{section.2121}{\376\377\000P\000A\0007\0005\0009\000:\000\040\000A\000S\000D\000\040\000B\000I\000K\000E\000\040\000R\000U\000N\000N\000I\000N\000G\000\040\000C\000A\000L\000T\000A\000V\000U\000T\000U\000R\000O}{}% 2121
\BOOKMARK [1][]{section.2122}{\376\377\000P\000A\0007\0006\0004\000:\000\040\000C\000O\000N\000C\000A\000\040\000D\000'\000O\000R\000O\000\040\000S\000.\000S\000.\000D\000.\000\040\000A\000\040\000R\000.\000L\000.}{}% 2122
\BOOKMARK [1][]{section.2123}{\376\377\000P\000A\0007\0006\0006\000:\000\040\000A\000S\000D\000\040\000P\000O\000L\000I\000S\000P\000O\000R\000T\000I\000V\000A\000\040\000P\000E\000G\000A\000S\000O\000\040\000A\000T\000H\000L\000E\000T}{}% 2123
\BOOKMARK [1][]{section.2124}{\376\377\000P\000A\0007\0006\0009\000:\000\040\000A\000S\000D\000\040\000S\000C\000U\000O\000L\000A\000\040\000A\000T\000L\000E\000T\000I\000C\000A\000\040\000B\000E\000R\000R\000A\000D\000I\000\040\0000\0009}{}% 2124
\BOOKMARK [1][]{section.2125}{\376\377\000P\000A\0007\0007\0002\000:\000\040\000A\000S\000D\000\040\000P\000A\000L\000E\000R\000M\000O\000\040\000R\000U\000N\000N\000I\000N\000G}{}% 2125
\BOOKMARK [1][]{section.2126}{\376\377\000P\000A\0007\0008\0000\000:\000\040\000A\000.\000S\000.\000D\000.\000\040\000M\000A\000R\000A\000T\000H\000O\000N\000\040\000M\000O\000N\000R\000E\000A\000L\000E}{}% 2126
\BOOKMARK [1][]{section.2127}{\376\377\000P\000A\0007\0008\0002\000:\000\040\000G\000O\000O\000D\000\040\000R\000A\000C\000E\000\040\000T\000E\000A\000M}{}% 2127
\BOOKMARK [1][]{section.2128}{\376\377\000P\000A\0007\0008\0004\000:\000\040\000P\000R\000O\000M\000O\000S\000P\000O\000R\000T\000\040\000C\000A\000M\000P\000O\000F\000E\000L\000I\000C\000E\000\040\000D\000I\000\040\000R\000O\000C\000C}{}% 2128
\BOOKMARK [1][]{section.2129}{\376\377\000P\000A\0007\0008\0006\000:\000\040\000A\000S\000D\000\040\000F\000U\000O\000R\000I\000\040\000D\000A\000G\000L\000I\000\040\000S\000C\000H\000E\000M\000I}{}% 2129
\BOOKMARK [1][]{section.2130}{\376\377\000P\000A\0007\0008\0009\000:\000\040\000N\000O\000W\000\040\000T\000E\000A\000M\000\040\000A\000.\000S\000.\000D\000.}{}% 2130
\BOOKMARK [1][]{section.2131}{\376\377\000P\000C\0000\0008\0004\000:\000\040\000A\000T\000L\000.\000\040\000P\000I\000A\000C\000E\000N\000Z\000A}{}% 2131
\BOOKMARK [1][]{section.2132}{\376\377\000P\000C\0000\0008\0005\000:\000\040\000A\000.\000S\000.\000\040\000A\000T\000L\000.\000\040\000F\000A\000R\000N\000E\000S\000E}{}% 2132
\BOOKMARK [1][]{section.2133}{\376\377\000P\000C\0000\0008\0007\000:\000\040\000L\000I\000B\000E\000R\000T\000A\000S\000\040\000C\000A\000D\000E\000O}{}% 2133
\BOOKMARK [1][]{section.2134}{\376\377\000P\000C\0000\0008\0008\000:\000\040\000P\000O\000L\000.\000\040\000A\000M\000I\000C\000I\000Z\000I\000A\000\040\000C\000A\000O\000R\000S\000O}{}% 2134
\BOOKMARK [1][]{section.2135}{\376\377\000P\000C\0002\0003\0000\000:\000\040\000A\000M\000A\000T\000O\000R\000I\000\040\000A\000T\000L\000.\000\040\000A\000G\000A\000Z\000Z\000A\000N\000O\000\040\000B\000A\000L\000D\000I\000N\000I}{}% 2135
\BOOKMARK [1][]{section.2136}{\376\377\000P\000C\0003\0008\0005\000:\000\040\000A\000S\000D\000\040\000P\000L\000A\000C\000E\000N\000T\000I\000A}{}% 2136
\BOOKMARK [1][]{section.2137}{\376\377\000P\000C\0004\0002\0002\000:\000\040\000G\000.\000S\000.\000\040\000D\000I\000L\000E\000T\000T\000A\000N\000T\000I\000S\000T\000I\000C\000O\000\040\000I\000T\000A\000L\000P\000O\000S\000E}{}% 2137
\BOOKMARK [1][]{section.2138}{\376\377\000P\000C\0004\0005\0000\000:\000\040\000A\000S\000D\000\040\000A\000T\000L\000E\000T\000I\000C\000A\000\040\000S\000A\000N\000\040\000N\000A\000Z\000Z\000A\000R\000O}{}% 2138
\BOOKMARK [1][]{section.2139}{\376\377\000P\000C\0004\0005\0003\000:\000\040\000F\000I\000O\000R\000E\000N\000Z\000U\000O\000L\000A\000\040\000A\000T\000L\000E\000T\000I\000C\000A\000\040\000A\000S\000D}{}% 2139
\BOOKMARK [1][]{section.2140}{\376\377\000P\000C\0004\0006\0001\000:\000\040\000A\000.\000S\000.\000D\000.\000\040\000A\000T\000L\000E\000T\000I\000C\000A\000\040\000C\000I\000N\000Q\000U\000E\000\040\000C\000E\000R\000C\000H\000I}{}% 2140
\BOOKMARK [1][]{section.2141}{\376\377\000P\000C\0004\0006\0003\000:\000\040\000H\000O\000L\000I\000V\000E\000R\000\040\000A\000T\000H\000L\000E\000T\000I\000C\000S}{}% 2141
\BOOKMARK [1][]{section.2142}{\376\377\000P\000C\0004\0007\0004\000:\000\040\0003\000M\000O\000R\000I\000\040\000R\000U\000N\000N\000I\000N\000G\000\040\000T\000E\000A\000M}{}% 2142
\BOOKMARK [1][]{section.2143}{\376\377\000P\000C\0005\0004\0001\000:\000\040\000U\000P\000\040\000\046\000\040\000D\000O\000W\000N\000\040\000P\000I\000A\000C\000E\000N\000Z\000A\000\040\000N\000A\000T\000U\000R\000A\000L\000\040\000A\000S\000D}{}% 2143
\BOOKMARK [1][]{section.2144}{\376\377\000P\000D\0001\0003\0001\000:\000\040\000G\000.\000S\000.\000\040\000F\000I\000A\000M\000M\000E\000\040\000O\000R\000O\000\040\000P\000A\000D\000O\000V\000A}{}% 2144
\BOOKMARK [1][]{section.2145}{\376\377\000P\000D\0001\0003\0003\000:\000\040\000R\000U\000N\000N\000E\000R\000S\000\040\000P\000A\000D\000O\000V\000A}{}% 2145
\BOOKMARK [1][]{section.2146}{\376\377\000P\000D\0001\0003\0004\000:\000\040\000A\000T\000L\000.\000\040\000F\000O\000R\000E\000D\000I\000L\000\040\000M\000A\000C\000C\000H\000I\000N\000E\000\040\000P\000A\000D\000O\000V\000A}{}% 2146
\BOOKMARK [1][]{section.2147}{\376\377\000P\000D\0001\0003\0005\000:\000\040\000A\000T\000L\000E\000T\000I\000C\000A\000\040\000L\000I\000B\000E\000R\000T\000A\000S\000\040\000P\000A\000D\000O\000V\000A}{}% 2147
\BOOKMARK [1][]{section.2148}{\376\377\000P\000D\0001\0003\0007\000:\000\040\000C\000.\000A\000.\000S\000.\000A\000.\000\040\000A\000T\000L\000E\000T\000I\000C\000A}{}% 2148
\BOOKMARK [1][]{section.2149}{\376\377\000P\000D\0001\0003\0009\000:\000\040\000A\000T\000L\000.\000\040\000L\000I\000B\000E\000R\000T\000A\000S\000\040\000S\000A\000N\000\040\000M\000A\000R\000T\000I\000N\000O}{}% 2149
\BOOKMARK [1][]{section.2150}{\376\377\000P\000D\0001\0004\0000\000:\000\040\000A\000S\000S\000I\000N\000D\000U\000S\000T\000R\000I\000A\000\040\000S\000P\000O\000R\000T}{}% 2150
\BOOKMARK [1][]{section.2151}{\376\377\000P\000D\0001\0004\0001\000:\000\040\000A\000T\000L\000E\000T\000I\000C\000A\000\040\000V\000I\000S\000\040\000A\000B\000A\000N\000O}{}% 2151
\BOOKMARK [1][]{section.2152}{\376\377\000P\000D\0001\0004\0002\000:\000\040\000A\000S\000S\000I\000N\000D\000U\000S\000T\000R\000I\000A\000\040\000S\000P\000O\000R\000T\000\040\000E\000S\000T\000E}{}% 2152
\BOOKMARK [1][]{section.2153}{\376\377\000P\000D\0001\0004\0003\000:\000\040\000C\000.\000U\000.\000S\000.\000\040\000P\000A\000D\000O\000V\000A}{}% 2153
\BOOKMARK [1][]{section.2154}{\376\377\000P\000D\0001\0004\0005\000:\000\040\000G\000.\000S\000.\000\040\000D\000I\000L\000.\000\040\000'\000A\000Q\000U\000I\000L\000A\000'}{}% 2154
\BOOKMARK [1][]{section.2155}{\376\377\000P\000D\0001\0004\0006\000:\000\040\000A\000T\000L\000E\000T\000I\000C\000A\000\040\000L\000I\000B\000.\000\040\000S\000.\000A\000.\000N\000.\000P\000.}{}% 2155
\BOOKMARK [1][]{section.2156}{\376\377\000P\000D\0001\0004\0009\000:\000\040\000R\000O\000A\000D\000\040\000S\000A\000L\000F\000\040\000A\000L\000T\000O\000P\000A\000D\000O\000V\000A\000N\000A}{}% 2156
\BOOKMARK [1][]{section.2157}{\376\377\000P\000D\0001\0005\0000\000:\000\040\000A\000S\000D\000\040\000L\000A\000V\000O\000R\000A\000T\000O\000R\000I\000\040\000I\000N\000T\000E\000S\000A\000\040\000S\000A\000N\000P\000A\000O\000L\000O}{}% 2157
\BOOKMARK [1][]{section.2158}{\376\377\000P\000D\0001\0005\0001\000:\000\040\000A\000T\000L\000E\000T\000I\000C\000A\000\040\000A\000T\000H\000L\000O\000N\000\040\000P\000A\000D\000O\000V\000A}{}% 2158
\BOOKMARK [1][]{section.2159}{\376\377\000P\000D\0001\0005\0002\000:\000\040\000U\000S\000M\000A\000\040\000P\000A\000D\000O\000V\000A\000\040\000A\000S\000D}{}% 2159
\BOOKMARK [1][]{section.2160}{\376\377\000P\000D\0001\0005\0003\000:\000\040\000V\000I\000R\000T\000U\000S\000\040\000E\000S\000T\000E}{}% 2160
\BOOKMARK [1][]{section.2161}{\376\377\000P\000D\0001\0005\0008\000:\000\040\000S\000A\000C\000C\000E\000N\000S\000E\000\040\0002\0000\0000\0000}{}% 2161
\BOOKMARK [1][]{section.2162}{\376\377\000P\000D\0001\0005\0009\000:\000\040\000A\000T\000L\000E\000T\000I\000C\000O\000\040\000B\000A\000S\000T\000I\000A}{}% 2162
\BOOKMARK [1][]{section.2163}{\376\377\000P\000D\0001\0006\0001\000:\000\040\000A\000T\000L\000E\000T\000I\000C\000A\000\040\000G\000A\000L\000L\000I\000E\000R\000A\000\040\000V\000E\000N\000E\000T\000A}{}% 2163
\BOOKMARK [1][]{section.2164}{\376\377\000P\000D\0001\0006\0003\000:\000\040\000A\000S\000D\000\040\000L\000I\000B\000.\000\040\000G\000S\000\040\000A\000T\000L\000.\000\040\000P\000I\000O\000M\000B\000I\000N\000O\000\040\000D\000E\000S\000E}{}% 2164
\BOOKMARK [1][]{section.2165}{\376\377\000P\000D\0001\0006\0004\000:\000\040\000G\000R\000U\000P\000P\000O\000\040\000P\000O\000D\000I\000S\000T\000I\000\040\000M\000O\000N\000S\000E\000L\000I\000C\000E\000N\000S\000I}{}% 2165
\BOOKMARK [1][]{section.2166}{\376\377\000P\000D\0001\0006\0005\000:\000\040\000A\000T\000L\000.\000\040\000A\000R\000Z\000E\000R\000G\000R\000A\000N\000D\000E}{}% 2166
\BOOKMARK [1][]{section.2167}{\376\377\000P\000D\0001\0008\0005\000:\000\040\000G\000.\000S\000.\000\040\000G\000I\000O\000V\000A\000N\000I\000L\000E\000\040\000F\000I\000A\000M\000M\000E\000\040\000O\000R\000O\000\040\000P\000D}{}% 2167
\BOOKMARK [1][]{section.2168}{\376\377\000P\000D\0001\0009\0001\000:\000\040\000A\000T\000L\000E\000T\000I\000C\000A\000\040\000C\000I\000T\000T\000A\000'\000\040\000D\000I\000\040\000P\000A\000D\000O\000V\000A}{}% 2168
\BOOKMARK [1][]{section.2169}{\376\377\000P\000D\0001\0009\0003\000:\000\040\000G\000.\000P\000.\000\040\000T\000U\000R\000R\000I\000S\000T\000I\000\040\000M\000O\000N\000T\000E\000G\000R\000O\000T\000T\000O}{}% 2169
\BOOKMARK [1][]{section.2170}{\376\377\000P\000D\0001\0009\0004\000:\000\040\000C\000O\000R\000P\000O\000\040\000L\000I\000B\000E\000R\000O\000\040\000A\000T\000H\000L\000E\000T\000I\000C\000S\000\040\000T\000E\000A\000M}{}% 2170
\BOOKMARK [1][]{section.2171}{\376\377\000P\000D\0001\0009\0006\000:\000\040\000S\000P\000A\000K\0004\000\040\000P\000A\000D\000O\000V\000A}{}% 2171
\BOOKMARK [1][]{section.2172}{\376\377\000P\000D\0001\0009\0007\000:\000\040\000C\000O\000R\000P\000O\000\040\000L\000I\000B\000E\000R\000O\000\040\000S\000S\000D\000\040\000A\000R\000L}{}% 2172
\BOOKMARK [1][]{section.2173}{\376\377\000P\000D\0002\0000\0000\000:\000\040\000L\000I\000M\000E\000N\000A\000\040\000R\000U\000N\000\040\000A\000S\000D}{}% 2173
\BOOKMARK [1][]{section.2174}{\376\377\000P\000D\0002\0000\0001\000:\000\040\000M\000U\000L\000T\000I\000S\000P\000O\000R\000T\000\040\000\046\000\040\000F\000U\000N\000\040\000A\000S\000D}{}% 2174
\BOOKMARK [1][]{section.2175}{\376\377\000P\000D\0002\0000\0002\000:\000\040\000B\000O\000O\000M\000E\000R\000A\000N\000G\000\040\000R\000U\000N\000N\000E\000R\000S}{}% 2175
\BOOKMARK [1][]{section.2176}{\376\377\000P\000D\0002\0000\0003\000:\000\040\0001\000T\000O\0001\000\040\000S\000P\000O\000R\000T\000\040\000A\000S\000D}{}% 2176
\BOOKMARK [1][]{section.2177}{\376\377\000P\000D\0002\0000\0005\000:\000\040\000P\000O\000D\000I\000S\000T\000I\000\040\000M\000A\000S\000E\000R\000A\000'\000\040\000D\000I\000\040\000P\000A\000D\000O\000V\000A}{}% 2177
\BOOKMARK [1][]{section.2178}{\376\377\000P\000D\0002\0000\0008\000:\000\040\000A\000.\000S\000.\000D\000.\000\040\000P\000O\000L\000I\000S\000P\000O\000R\000T\000I\000V\000A\000\040\000B\000R\000E\000N\000T\000E\000L\000L\000A}{}% 2178
\BOOKMARK [1][]{section.2179}{\376\377\000P\000D\0002\0001\0000\000:\000\040\000\043\000F\000A\000I\000S\000E\000N\000Z\000A\000D\000I\000R\000E\000\040\000A\000S\000D}{}% 2179
\BOOKMARK [1][]{section.2180}{\376\377\000P\000D\0002\0001\0002\000:\000\040\000A\000.\000S\000.\000D\000.\000\040\000R\000U\000N\000.\000D\000A\000G\000I}{}% 2180
\BOOKMARK [1][]{section.2181}{\376\377\000P\000D\0002\0001\0003\000:\000\040\000W\000L\000F\000\040\000T\000E\000A\000M\000\040\000S\000P\000O\000R\000T\000\040\000I\000T\000A\000L\000I\000A}{}% 2181
\BOOKMARK [1][]{section.2182}{\376\377\000P\000D\0002\0001\0004\000:\000\040\000A\000S\000D\000\040\000N\000O\000V\000A\000\040\000A\000T\000H\000L\000E\000T\000I\000C\000S\000\040\000P\000A\000D\000O\000V\000A}{}% 2182
\BOOKMARK [1][]{section.2183}{\376\377\000P\000E\0000\0000\0001\000:\000\040\000A\000S\000D\000\040\000U\000.\000S\000.\000\040\000A\000T\000E\000R\000N\000O\000\040\000P\000E\000S\000C\000A\000R\000A}{}% 2183
\BOOKMARK [1][]{section.2184}{\376\377\000P\000E\0000\0000\0002\000:\000\040\000A\000S\000D\000\040\000A\000I\000C\000S\000\040\000H\000A\000D\000R\000I\000A\000\040\000P\000E\000S\000C\000A\000R\000A}{}% 2184
\BOOKMARK [1][]{section.2185}{\376\377\000P\000E\0000\0003\0000\000:\000\040\000A\000S\000D\000\040\000A\000T\000L\000.\000\040\000C\000I\000R\000O\000\040\000Q\000U\000A\000R\000A\000N\000T\000A\000\040\000P\000E}{}% 2185
\BOOKMARK [1][]{section.2186}{\376\377\000P\000E\0000\0003\0002\000:\000\040\000A\000S\000D\000\040\000'\000V\000I\000N\000I\000\040\000F\000A\000N\000T\000I\000N\000I\000'}{}% 2186
\BOOKMARK [1][]{section.2187}{\376\377\000P\000E\0000\0003\0009\000:\000\040\000A\000S\000D\000\040\000G\000.\000P\000.\000\040\000A\000N\000G\000O\000L\000A\000N\000O}{}% 2187
\BOOKMARK [1][]{section.2188}{\376\377\000P\000E\0001\0000\0008\000:\000\040\000A\000.\000S\000.\000D\000.\000\040\000A\000T\000L\000E\000T\000I\000C\000A\000\040\0002\0000\0000\0000\000\040\000P\000E\000S\000C\000A\000R\000A}{}% 2188
\BOOKMARK [1][]{section.2189}{\376\377\000P\000E\0001\0001\0001\000:\000\040\000M\000.\000\040\000C\000.\000\040\000M\000A\000N\000O\000P\000P\000E\000L\000L\000O\000\040\000S\000O\000G\000E\000D\000A}{}% 2189
\BOOKMARK [1][]{section.2190}{\376\377\000P\000E\0001\0005\0005\000:\000\040\000A\000.\000S\000.\000D\000.\000\040\000F\000I\000L\000I\000P\000P\000I\000D\000E\000\040\000M\000O\000N\000T\000E\000S\000I\000L\000V\000A\000N\000O}{}% 2190
\BOOKMARK [1][]{section.2191}{\376\377\000P\000E\0001\0005\0008\000:\000\040\000A\000S\000D\000\040\000R\000U\000N\000N\000I\000N\000G\000\040\000F\000R\000E\000E\000\040\000P\000E\000S\000C\000A\000R\000A}{}% 2191
\BOOKMARK [1][]{section.2192}{\376\377\000P\000E\0001\0005\0009\000:\000\040\000A\000.\000S\000.\000D\000.\000\040\000P\000R\000O\000J\000E\000C\000T\000\040\000U\000L\000T\000R\000A\000M\000A\000N}{}% 2192
\BOOKMARK [1][]{section.2193}{\376\377\000P\000E\0001\0006\0006\000:\000\040\000A\000S\000D\000\040\000U\000I\000S\000P\000\040\000A\000B\000R\000U\000Z\000Z\000O\000-\000F\000A\000R\000N\000E\000S\000E\000\040\000V\000I\000N\000I}{}% 2193
\BOOKMARK [1][]{section.2194}{\376\377\000P\000E\0001\0007\0003\000:\000\040\000A\000S\000D\000\040\000R\000U\000N\000N\000E\000R\000S\000\040\000P\000E\000S\000C\000A\000R\000A}{}% 2194
\BOOKMARK [1][]{section.2195}{\376\377\000P\000E\0001\0007\0004\000:\000\040\000C\000O\000R\000R\000I\000L\000A\000B\000R\000U\000Z\000Z\000O}{}% 2195
\BOOKMARK [1][]{section.2196}{\376\377\000P\000E\0001\0007\0005\000:\000\040\000P\000A\000S\000S\000O\000L\000O\000G\000I\000C\000O}{}% 2196
\BOOKMARK [1][]{section.2197}{\376\377\000P\000E\0001\0007\0006\000:\000\040\000A\000.\000S\000.\000D\000.\000\040\000T\000O\000C\000C\000O\000\040\000R\000U\000N\000N\000E\000R}{}% 2197
\BOOKMARK [1][]{section.2198}{\376\377\000P\000E\0001\0007\0007\000:\000\040\000T\000H\000E\000\040\000H\000U\000R\000R\000I\000C\000A\000N\000E\000\040\000S\000.\000S\000.\000D\000.\000\040\000A\000\040\000R\000.\000L\000.}{}% 2198
\BOOKMARK [1][]{section.2199}{\376\377\000P\000E\0001\0007\0008\000:\000\040\000E\000'\000\040\000F\000I\000T\000\040\000M\000U\000L\000T\000I\000S\000P\000O\000R\000T\000\040\000A\000S\000D}{}% 2199
\BOOKMARK [1][]{section.2200}{\376\377\000P\000E\0001\0008\0000\000:\000\040\000A\000S\000D\000\040\000R\000U\000N\000\040\000L\000I\000F\000E}{}% 2200
\BOOKMARK [1][]{section.2201}{\376\377\000P\000E\0001\0008\0001\000:\000\040\000A\000S\000D\000\040\000A\000T\000L\000E\000T\000I\000C\000A\000\040\000V\000A\000L\000\040\000T\000A\000V\000O}{}% 2201
\BOOKMARK [1][]{section.2202}{\376\377\000P\000E\0001\0008\0002\000:\000\040\000A\000.\000S\000.\000D\000.\000\040\000P\000E\000S\000C\000A\000R\000A\000\040\000M\000A\000R\000A\000T\000H\000O\000N}{}% 2202
\BOOKMARK [1][]{section.2203}{\376\377\000P\000E\0001\0008\0003\000:\000\040\000A\000S\000D\000\040\000A\000T\000L\000E\000T\000I\000C\000A\000\040\000V\000A\000L\000\040\000P\000E\000S\000C\000A\000R\000A}{}% 2203
\BOOKMARK [1][]{section.2204}{\376\377\000P\000E\0001\0008\0006\000:\000\040\000A\000S\000D\000\040\000C\000A\000N\000T\000E\000R\000A\000\040\000A\000T\000L\000E\000T\000I\000C\000A\000\040\000P\000E\000S\000C\000A\000R\000A}{}% 2204
\BOOKMARK [1][]{section.2205}{\376\377\000P\000G\0000\0000\0003\000:\000\040\000A\000S\000S\000O\000C\000I\000A\000Z\000I\000O\000N\000E\000\040\000S\000P\000O\000R\000T\000I\000V\000A\000\040\000A\000T\000H\000L\000O\000N}{}% 2205
\BOOKMARK [1][]{section.2206}{\376\377\000P\000G\0000\0000\0004\000:\000\040\000A\000T\000L\000.\000L\000I\000B\000E\000R\000T\000A\000S\000\040\000A\000.\000R\000.\000C\000.\000S\000.\000\040\000P\000E\000R\000U\000G\000I\000A}{}% 2206
\BOOKMARK [1][]{section.2207}{\376\377\000P\000G\0000\0000\0006\000:\000\040\000P\000O\000D\000I\000S\000T\000I\000C\000A\000\040\000L\000A\000M\000A\000\040\000A\000S\000S\000.\000D\000I\000L\000.}{}% 2207
\BOOKMARK [1][]{section.2208}{\376\377\000P\000G\0000\0000\0007\000:\000\040\000A\000S\000A\000L\000\040\000F\000O\000L\000I\000G\000N\000O}{}% 2208
\BOOKMARK [1][]{section.2209}{\376\377\000P\000G\0000\0001\0001\000:\000\040\000M\000A\000R\000A\000T\000H\000O\000N\000\040\000C\000L\000U\000B\000\040\000C\000I\000T\000T\000A\000'\000\040\000D\000I\000\040\000C\000A\000S\000T\000E\000L}{}% 2209
\BOOKMARK [1][]{section.2210}{\376\377\000P\000G\0000\0001\0004\000:\000\040\000A\000T\000L\000.\000C\000A\000P\000A\000N\000N\000E\000\040\000P\000R\000O\000\040\000L\000O\000C\000O\000\040\000A\000T\000H\000L\000.\000T\000E\000A\000M}{}% 2210
\BOOKMARK [1][]{section.2211}{\376\377\000P\000G\0000\0001\0006\000:\000\040\000A\000.\000S\000.\000A\000.\000L\000.\000B\000.\000\040\000B\000A\000S\000T\000I\000A}{}% 2211
\BOOKMARK [1][]{section.2212}{\376\377\000P\000G\0000\0001\0007\000:\000\040\000G\000.\000S\000.\000\040\000U\000I\000S\000P\000O\000R\000T\000\040\000A\000V\000I\000S\000\040\000T\000O\000D\000I}{}% 2212
\BOOKMARK [1][]{section.2213}{\376\377\000P\000G\0000\0001\0008\000:\000\040\000A\000T\000L\000.\000\040\000A\000R\000C\000S\000\040\000C\000U\000S\000\040\000P\000E\000R\000U\000G\000I\000A}{}% 2213
\BOOKMARK [1][]{section.2214}{\376\377\000P\000G\0000\0002\0000\000:\000\040\000A\000T\000L\000.\000C\000S\000A\000I\000N\000\040\000P\000E\000R\000U\000G\000I\000A}{}% 2214
\BOOKMARK [1][]{section.2215}{\376\377\000P\000G\0000\0002\0001\000:\000\040\000A\000T\000L\000.\000L\000I\000B\000.\000\040\000C\000I\000T\000T\000A\000'\000\040\000D\000I\000\040\000C\000A\000S\000T\000E\000L\000L\000O}{}% 2215
\BOOKMARK [1][]{section.2216}{\376\377\000P\000G\0000\0002\0002\000:\000\040\000G\000.\000S\000.\000F\000I\000L\000I\000P\000P\000I\000D\000E}{}% 2216
\BOOKMARK [1][]{section.2217}{\376\377\000P\000G\0000\0002\0003\000:\000\040\000A\000T\000L\000.\000T\000A\000R\000S\000I\000N\000A\000\040\000A\000S\000S\000.\000D\000I\000L}{}% 2217
\BOOKMARK [1][]{section.2218}{\376\377\000P\000G\0000\0002\0005\000:\000\040\000A\000T\000L\000.\000L\000I\000B\000E\000R\000T\000A\000S\000\040\000P\000E\000R\000U\000G\000I\000A}{}% 2218
\BOOKMARK [1][]{section.2219}{\376\377\000P\000G\0000\0003\0004\000:\000\040\0002\000S\000\040\000A\000T\000L\000E\000T\000I\000C\000A\000\040\000S\000P\000O\000L\000E\000T\000O}{}% 2219
\BOOKMARK [1][]{section.2220}{\376\377\000P\000G\0000\0003\0008\000:\000\040\000A\000T\000L\000E\000T\000I\000C\000A\000\040\000A\000V\000I\000S\000\040\000P\000E\000R\000U\000G\000I\000A}{}% 2220
\BOOKMARK [1][]{section.2221}{\376\377\000P\000G\0000\0003\0009\000:\000\040\000A\000.\000R\000.\000U\000.\000\040\000O\000L\000I\000M\000P\000I\000A\000\040\000S\000P\000O\000L\000E\000T\000O}{}% 2221
\BOOKMARK [1][]{section.2222}{\376\377\000P\000G\0000\0006\0003\000:\000\040\000D\000R\000E\000A\000M\000\040\000R\000U\000N\000N\000E\000R\000S\000\040\000P\000E\000R\000U\000G\000I\000A}{}% 2222
\BOOKMARK [1][]{section.2223}{\376\377\000P\000G\0000\0006\0006\000:\000\040\000T\000I\000T\000A\000N\000S\000\040\000T\000E\000A\000M\000\040\000N\000O\000C\000E\000R\000A\000\040\000U\000M\000B\000R\000A}{}% 2223
\BOOKMARK [1][]{section.2224}{\376\377\000P\000G\0000\0006\0007\000:\000\040\000C\000D\000P\000\040\000A\000T\000L\000E\000T\000I\000C\000A\000\040\000P\000E\000R\000U\000G\000I\000A}{}% 2224
\BOOKMARK [1][]{section.2225}{\376\377\000P\000G\0000\0006\0008\000:\000\040\000A\000T\000L\000E\000T\000I\000C\000A\000\040\000U\000M\000B\000E\000R\000T\000I\000D\000E}{}% 2225
\BOOKMARK [1][]{section.2226}{\376\377\000P\000G\0000\0007\0000\000:\000\040\000A\000T\000L\000E\000T\000I\000C\000A\000\040\000W\000I\000N\000N\000E\000R\000\040\000F\000O\000L\000I\000G\000N\000O}{}% 2226
\BOOKMARK [1][]{section.2227}{\376\377\000P\000G\0000\0007\0004\000:\000\040\000A\000.\000S\000.\000D\000.\000\040\000O\000L\000Y\000M\000P\000I\000C\000\040\000R\000U\000N\000N\000E\000R\000S\000\040\000L\000A\000M\000A}{}% 2227
\BOOKMARK [1][]{section.2228}{\376\377\000P\000G\0000\0007\0005\000:\000\040\000G\000U\000B\000B\000I\000O\000\040\000R\000U\000N\000N\000E\000R\000S}{}% 2228
\BOOKMARK [1][]{section.2229}{\376\377\000P\000G\0000\0007\0006\000:\000\040\000T\000I\000F\000E\000R\000N\000O\000\040\000R\000U\000N\000N\000E\000R\000S}{}% 2229
\BOOKMARK [1][]{section.2230}{\376\377\000P\000G\0000\0007\0007\000:\000\040\000C\000.\000D\000.\000P\000.\000\040\000C\000I\000R\000C\000.\000D\000I\000P\000.\000P\000E\000R\000U\000G\000I\000N\000A}{}% 2230
\BOOKMARK [1][]{section.2231}{\376\377\000P\000G\0000\0007\0009\000:\000\040\000A\000T\000L\000E\000T\000I\000C\000A\000\040\000I\000L\000\040\000C\000O\000L\000L\000E\000\040\000A\000S\000D}{}% 2231
\BOOKMARK [1][]{section.2232}{\376\377\000P\000G\0000\0008\0000\000:\000\040\000N\000U\000O\000V\000A\000\040\000A\000T\000L\000E\000T\000I\000C\000A\000\040\000S\000P\000O\000L\000E\000T\000O}{}% 2232
\BOOKMARK [1][]{section.2233}{\376\377\000P\000G\0000\0008\0001\000:\000\040\000T\000X\000\040\000F\000I\000T\000N\000E\000S\000S\000\040\000S\000.\000S\000.\000D\000.\000\040\000A\000R\000L}{}% 2233
\BOOKMARK [1][]{section.2234}{\376\377\000P\000G\0000\0008\0003\000:\000\040\000P\000O\000D\000I\000S\000T\000I\000C\000A\000\040\000A\000V\000I\000S\000\040\000D\000E\000R\000U\000T\000A}{}% 2234
\BOOKMARK [1][]{section.2235}{\376\377\000P\000G\0000\0008\0004\000:\000\040\000A\000S\000S\000I\000S\000I\000\040\000R\000U\000N\000N\000E\000R\000S\000\040\000A\000S\000D}{}% 2235
\BOOKMARK [1][]{section.2236}{\376\377\000P\000G\0000\0008\0005\000:\000\040\000A\000T\000L\000E\000T\000I\000C\000A\000\040\000P\000A\000K\000M\000A\000N\000\040\000A\000.\000S\000.\000D}{}% 2236
\BOOKMARK [1][]{section.2237}{\376\377\000P\000G\0000\0008\0006\000:\000\040\000A\000S\000D\000\040\000A\000T\000L\000E\000T\000I\000C\000A\000\040\000T\000A\000I\000N\000O}{}% 2237
\BOOKMARK [1][]{section.2238}{\376\377\000P\000G\0000\0008\0007\000:\000\040\000L\000'\000U\000N\000A\000T\000I\000C\000I\000\040\000E\000L\000L\000E\000R\000A\000\040\000C\000O\000R\000C\000I\000A\000N\000O\000\040\000A\000S\000D}{}% 2238
\BOOKMARK [1][]{section.2239}{\376\377\000P\000G\0000\0008\0008\000:\000\040\000A\000T\000L\000E\000T\000I\000C\000A\000\040\000A\000V\000I\000S\000\040\000M\000A\000G\000I\000O\000N\000E}{}% 2239
\BOOKMARK [1][]{section.2240}{\376\377\000P\000G\0000\0008\0009\000:\000\040\000A\000.\000S\000.\000D\000\040\000E\000D\000U\000C\000A\000R\000E\000\040\000C\000O\000N\000\040\000I\000L\000\040\000M\000O\000V\000I\000M\000E\000N\000T\000O}{}% 2240
\BOOKMARK [1][]{section.2241}{\376\377\000P\000G\0000\0009\0001\000:\000\040\000A\000S\000S\000.\000\040\000S\000P\000O\000R\000T\000.\000\040\000D\000I\000L\000E\000T\000.\000\040\000T\000U\000R\000R\000I\000S}{}% 2241
\BOOKMARK [1][]{section.2242}{\376\377\000P\000G\0000\0009\0002\000:\000\040\000A\000.\000S\000.\000D\000.\000\040\000A\000P\000E\000R\000D\000I\000F\000I\000A\000T\000O}{}% 2242
\BOOKMARK [1][]{section.2243}{\376\377\000P\000G\0000\0009\0003\000:\000\040\000A\000S\000D\000\040\000P\000O\000D\000I\000S\000T\000I\000C\000A\000\040\000L\000I\000N\000O\000\040\000S\000P\000A\000G\000N\000O\000L\000I}{}% 2243
\BOOKMARK [1][]{section.2244}{\376\377\000P\000G\0000\0009\0004\000:\000\040\000A\000T\000L\000E\000T\000I\000C\000A\000\040\000O\000C\000C\000H\000I\000O\000\040\000A\000L\000\040\000T\000E\000S\000T\000I\000M\000O\000N\000E}{}% 2244
\BOOKMARK [1][]{section.2245}{\376\377\000P\000G\0000\0009\0005\000:\000\040\000P\000I\000E\000T\000R\000A\000L\000U\000N\000G\000A\000\040\000R\000U\000N\000N\000E\000R\000S\000\040\000A\000.\000S\000.\000D\000.}{}% 2245
\BOOKMARK [1][]{section.2246}{\376\377\000P\000G\0000\0009\0006\000:\000\040\000A\000S\000S\000.\000\040\000P\000O\000D\000.\000\040\000D\000I\000L\000.\000\040\000P\000O\000N\000T\000E\000\040\000F\000E\000L\000C\000I\000N\000O}{}% 2246
\BOOKMARK [1][]{section.2247}{\376\377\000P\000G\0000\0009\0008\000:\000\040\000G\000R\000I\000F\000O\000\040\000R\000U\000N\000N\000E\000R\000S\000\040\000P\000E\000R\000U\000G\000I\000A\000\040\000A\000S\000D}{}% 2247
\BOOKMARK [1][]{section.2248}{\376\377\000P\000G\0001\0000\0002\000:\000\040\000F\000R\000E\000E\000\040\000R\000U\000N\000N\000E\000R\000S\000\040\000S\000A\000N\000\040\000G\000I\000U\000S\000T\000I\000N\000O\000\040\000A\000S\000D}{}% 2248
\BOOKMARK [1][]{section.2249}{\376\377\000P\000G\0001\0000\0004\000:\000\040\000P\000O\000L\000I\000S\000P\000O\000R\000T\000I\000V\000A\000\040\000T\000H\000E\000M\000A\000\040\000E\000N\000E\000R\000G\000I\000A\000\040\000A\000.\000D}{}% 2249
\BOOKMARK [1][]{section.2250}{\376\377\000P\000G\0001\0000\0005\000:\000\040\000A\000S\000D\000\040\000M\000O\000V\000I\000N\000G\000\040\000T\000E\000A\000M\000\040\000M\000A\000R\000S\000C\000I\000A\000N\000O}{}% 2250
\BOOKMARK [1][]{section.2251}{\376\377\000P\000G\0001\0000\0007\000:\000\040\000A\000T\000H\000L\000E\000T\000I\000C\000\040\000G\000R\000I\000F\000O\000\040\000A\000.\000S\000.\000D\000.}{}% 2251
\BOOKMARK [1][]{section.2252}{\376\377\000P\000G\0001\0000\0009\000:\000\040\000A\000T\000L\000E\000T\000I\000C\000A\000\040\000P\000E\000R\000U\000G\000I\000A\000\040\000T\000E\000A\000M\000\040\000S\000S\000D\000\040\000A\000\040\000R\000L}{}% 2252
\BOOKMARK [1][]{section.2253}{\376\377\000P\000G\0001\0001\0001\000:\000\040\000A\000S\000D\000\040\000Y\000E\000P\000A\000\040\000T\000E\000A\000M\000\040\000T\000E\000R\000N\000I}{}% 2253
\BOOKMARK [1][]{section.2254}{\376\377\000P\000G\0001\0001\0003\000:\000\040\000M\000U\000D\000\046\000G\000L\000O\000R\000Y\000\040\000A\000C\000A\000D\000E\000M\000Y}{}% 2254
\BOOKMARK [1][]{section.2255}{\376\377\000P\000G\0001\0001\0004\000:\000\040\000G\000R\000I\000F\000O\000\040\000R\000U\000N\000N\000E\000R\000S\000\040\000Y\000O\000U\000N\000G\000\040\000A\000S\000D}{}% 2255
\BOOKMARK [1][]{section.2256}{\376\377\000P\000G\0001\0001\0005\000:\000\040\000A\000.\000S\000.\000D\000.\000\040\000A\000T\000.\000\040\000L\000I\000B\000E\000R\000T\000A\000S\000\040\000M\000O\000N\000T\000E\000F\000A\000L\000C\000O}{}% 2256
\BOOKMARK [1][]{section.2257}{\376\377\000P\000G\0001\0001\0008\000:\000\040\000A\000S\000D\000\040\000C\000O\000L\000L\000E\000C\000C\000H\000I\000O}{}% 2257
\BOOKMARK [1][]{section.2258}{\376\377\000P\000G\0001\0002\0001\000:\000\040\000A\000S\000D\000\040\000R\000E\000B\000E\000L\000\040\000A\000T\000H\000L\000E\000T\000I\000C\000\040\000C\000L\000U\000B}{}% 2258
\BOOKMARK [1][]{section.2259}{\376\377\000P\000I\0000\0004\0006\000:\000\040\000P\000O\000L\000.\000L\000A\000\040\000P\000E\000R\000L\000A\000\040\000B\000R\000A\000C\000C\000I\000O\000\040\000F\000.\000B\000R\000A\000C\000C\000I\000O}{}% 2259
\BOOKMARK [1][]{section.2260}{\376\377\000P\000I\0000\0005\0005\000:\000\040\000P\000O\000L\000I\000S\000P\000O\000R\000T\000I\000V\000A\000\040\000A\000U\000R\000O\000R\000A}{}% 2260
\BOOKMARK [1][]{section.2261}{\376\377\000P\000I\0000\0007\0001\000:\000\040\000C\000U\000S\000\040\000P\000I\000S\000A}{}% 2261
\BOOKMARK [1][]{section.2262}{\376\377\000P\000I\0000\0007\0004\000:\000\040\000S\000O\000C\000.\000\040\000A\000T\000L\000.\000\040\000V\000O\000L\000T\000E\000R\000R\000A}{}% 2262
\BOOKMARK [1][]{section.2263}{\376\377\000P\000I\0000\0007\0008\000:\000\040\000P\000O\000L\000.\000T\000I\000R\000R\000E\000N\000I\000A}{}% 2263
\BOOKMARK [1][]{section.2264}{\376\377\000P\000I\0000\0008\0001\000:\000\040\000A\000T\000L\000E\000T\000I\000C\000A\000\040\000C\000A\000S\000C\000I\000N\000A}{}% 2264
\BOOKMARK [1][]{section.2265}{\376\377\000P\000I\0000\0008\0003\000:\000\040\000P\000O\000L\000\040\000C\000O\000R\000S\000O\000\040\000I\000T\000A\000L\000I\000A\000\040\000P\000I\000S\000A}{}% 2265
\BOOKMARK [1][]{section.2266}{\376\377\000P\000I\0000\0008\0005\000:\000\040\000P\000O\000L\000.\000\040\000B\000U\000T\000E\000S\000E\000\040\000C\000I\000R\000C\000.\0001\000\040\000M\000A\000G\000G\000I\000O}{}% 2266
\BOOKMARK [1][]{section.2267}{\376\377\000P\000I\0001\0000\0008\000:\000\040\000A\000S\000D\000\040\000M\000A\000R\000A\000T\000H\000O\000N\000\040\000C\000L\000U\000B\000\040\000P\000I\000S\000A}{}% 2267
\BOOKMARK [1][]{section.2268}{\376\377\000P\000I\0001\0001\0009\000:\000\040\000A\000.\000S\000.\000A\000T\000L\000.\000S\000P\000O\000R\000T\000\040\000C\000L\000U\000B}{}% 2268
\BOOKMARK [1][]{section.2269}{\376\377\000P\000I\0001\0004\0004\000:\000\040\000A\000S\000D\000\040\000P\000O\000N\000T\000E\000D\000E\000R\000A\000\040\000A\000T\000L\000E\000T\000I\000C\000A}{}% 2269
\BOOKMARK [1][]{section.2270}{\376\377\000P\000I\0002\0004\0002\000:\000\040\000P\000O\000D\000.\000O\000S\000P\000E\000D\000A\000L\000I\000E\000R\000I\000\040\000P\000I\000S\000A}{}% 2270
\BOOKMARK [1][]{section.2271}{\376\377\000P\000I\0002\0005\0003\000:\000\040\000G\000.\000\040\000P\000O\000D\000.\000\040\000L\000E\000\040\000S\000B\000A\000R\000R\000E}{}% 2271
\BOOKMARK [1][]{section.2272}{\376\377\000P\000I\0003\0005\0005\000:\000\040\000L\000A\000\040\000G\000A\000L\000L\000A\000\040\000A\000.\000S\000.\000D\000.}{}% 2272
\BOOKMARK [1][]{section.2273}{\376\377\000P\000I\0003\0005\0006\000:\000\040\000P\000O\000L\000I\000S\000P\000O\000R\000T\000I\000V\000A\000\040\000S\000A\000N\000G\000I\000U\000L\000I\000A\000N\000E\000S\000E}{}% 2273
\BOOKMARK [1][]{section.2274}{\376\377\000P\000I\0003\0006\0006\000:\000\040\000T\000E\000A\000M\000\040\000C\000E\000L\000L\000F\000O\000O\000D}{}% 2274
\BOOKMARK [1][]{section.2275}{\376\377\000P\000I\0003\0007\0003\000:\000\040\000G\000.\000P\000.\000A\000T\000L\000E\000T\000I\000C\000A\000\040\000V\000A\000L\000D\000A\000R\000N\000O\000\040\000I\000N\000F\000E\000R\000I\000O\000R}{}% 2275
\BOOKMARK [1][]{section.2276}{\376\377\000P\000I\0003\0007\0008\000:\000\040\000P\000O\000D\000I\000S\000T\000I\000C\000A\000\040\000C\000A\000S\000T\000E\000L\000F\000R\000A\000N\000C\000H\000E\000S\000E}{}% 2276
\BOOKMARK [1][]{section.2277}{\376\377\000P\000I\0003\0008\0000\000:\000\040\000P\000O\000N\000S\000A\000C\000C\000O\000\040\000A\000T\000L\000E\000T\000I\000C\000A}{}% 2277
\BOOKMARK [1][]{section.2278}{\376\377\000P\000I\0003\0009\0006\000:\000\040\000A\000S\000D\000\040\000Q\000.\000D\000.\000D\000.\000\040\000A\000T\000L\000E\000T\000I\000C\000A\000\040\000M\000O\000N\000T\000I\000\040\000P\000I\000S\000A}{}% 2278
\BOOKMARK [1][]{section.2279}{\376\377\000P\000I\0004\0001\0002\000:\000\040\000P\000I\000S\000A\000\040\000R\000O\000A\000D\000\040\000R\000U\000N\000N\000E\000R\000S\000\040\000C\000L\000U\000B}{}% 2279
\BOOKMARK [1][]{section.2280}{\376\377\000P\000I\0004\0001\0008\000:\000\040\000P\000O\000L\000I\000S\000P\000O\000R\000T\000I\000V\000A\000\040\000V\000A\000L\000D\000E\000R\000A}{}% 2280
\BOOKMARK [1][]{section.2281}{\376\377\000P\000I\0004\0003\0003\000:\000\040\000A\000T\000L\000E\000T\000I\000C\000A\000\040\000L\000A\000\040\000R\000O\000C\000C\000A\000\040\000L\000U\000I\000G\000I\000\040\000O\000C\000O\000N\000E}{}% 2281
\BOOKMARK [1][]{section.2282}{\376\377\000P\000I\0004\0007\0003\000:\000\040\000A\000S\000D\000\040\000S\000A\000N\000\040\000G\000I\000U\000L\000I\000A\000N\000O\000\040\000S\000P\000O\000R\000T}{}% 2282
\BOOKMARK [1][]{section.2283}{\376\377\000P\000I\0005\0001\0000\000:\000\040\000G\000S\000\040\000B\000E\000L\000L\000A\000R\000I\000A\000\040\000C\000A\000P\000P\000U\000C\000C\000I\000N\000I\000\040\000A\000S\000D}{}% 2283
\BOOKMARK [1][]{section.2284}{\376\377\000P\000N\0000\0000\0002\000:\000\040\000L\000I\000B\000\040\000S\000A\000N\000V\000I\000T\000E\000S\000E\000\040\000A\000.\000L\000.\000\040\000O\000.\000\040\000D\000U\000R\000I\000G\000O\000N}{}% 2284
\BOOKMARK [1][]{section.2285}{\376\377\000P\000N\0000\0000\0005\000:\000\040\000P\000O\000L\000I\000S\000P\000O\000R\000T\000I\000V\000A\000\040\000M\000O\000N\000T\000E\000R\000E\000A\000L\000E}{}% 2285
\BOOKMARK [1][]{section.2286}{\376\377\000P\000N\0000\0001\0009\000:\000\040\000P\000O\000L\000.\000\040\000T\000R\000I\000V\000I\000U\000M\000\040\000S\000P\000I\000L\000I\000M\000B\000E\000R\000G\000O}{}% 2286
\BOOKMARK [1][]{section.2287}{\376\377\000P\000N\0000\0002\0001\000:\000\040\000A\000T\000L\000E\000T\000I\000C\000A\000\040\000P\000O\000R\000D\000E\000N\000O\000N\000E}{}% 2287
\BOOKMARK [1][]{section.2288}{\376\377\000P\000N\0000\0002\0004\000:\000\040\000N\000U\000O\000V\000A\000\040\000P\000O\000L\000.\000\040\000D\000I\000L\000.\000L\000I\000B\000E\000R\000T\000A\000S\000\040\000S\000A\000C\000I\000L\000E}{}% 2288
\BOOKMARK [1][]{section.2289}{\376\377\000P\000N\0000\0002\0005\000:\000\040\000L\000I\000B\000E\000R\000T\000A\000S\000\040\000C\000A\000S\000A\000R\000S\000A}{}% 2289
\BOOKMARK [1][]{section.2290}{\376\377\000P\000N\0000\0002\0008\000:\000\040\000P\000O\000L\000.\000\040\000L\000I\000B\000E\000R\000T\000A\000S\000\040\000P\000O\000R\000C\000I\000A}{}% 2290
\BOOKMARK [1][]{section.2291}{\376\377\000P\000N\0000\0003\0009\000:\000\040\000A\000T\000L\000\040\000B\000R\000U\000G\000N\000E\000R\000A\000\040\000P\000N\000\040\000F\000R\000I\000U\000L\000I\000N\000T\000A\000G\000L\000I}{}% 2291
\BOOKMARK [1][]{section.2292}{\376\377\000P\000N\0000\0004\0009\000:\000\040\000P\000O\000L\000I\000S\000P\000O\000R\000T\000I\000V\000A\000\040\000A\000Z\000Z\000A\000N\000E\000S\000E}{}% 2292
\BOOKMARK [1][]{section.2293}{\376\377\000P\000N\0000\0008\0006\000:\000\040\000E\000Q\000U\000I\000P\000E\000\040\000A\000T\000H\000L\000E\000T\000I\000C\000\040\000T\000E\000A\000M}{}% 2293
\BOOKMARK [1][]{section.2294}{\376\377\000P\000N\0000\0008\0008\000:\000\040\000A\000T\000L\000E\000T\000I\000C\000A\000\040\000D\000O\000L\000O\000M\000I\000T\000I\000\040\000F\000R\000I\000U\000L\000A\000N\000E}{}% 2294
\BOOKMARK [1][]{section.2295}{\376\377\000P\000N\0000\0008\0009\000:\000\040\000A\000T\000L\000E\000T\000I\000C\000A\000\040\000V\000I\000R\000T\000U\000S\000\040\000A\000Z\000Z\000A\000N\000O\000\040\000D\000E\000C\000I\000M\000O}{}% 2295
\BOOKMARK [1][]{section.2296}{\376\377\000P\000N\0000\0009\0008\000:\000\040\000A\000T\000L\000E\000T\000I\000C\000A\000\040\000P\000O\000R\000T\000U\000S\000\040\000N\000A\000O\000N\000I\000S}{}% 2296
\BOOKMARK [1][]{section.2297}{\376\377\000P\000N\0000\0009\0009\000:\000\040\000P\000O\000L\000.\000\040\000L\000I\000B\000E\000R\000T\000A\000S\000\040\000P\000O\000L\000C\000E\000N\000I\000G\000O}{}% 2297
\BOOKMARK [1][]{section.2298}{\376\377\000P\000N\0001\0000\0000\000:\000\040\000P\000O\000L\000.\000\040\000L\000I\000B\000E\000R\000T\000A\000S\000\040\0002\0005\000\040\000A\000P\000R\000I\000L\000E\000\040\000S\000A\000C\000I\000L\000E}{}% 2298
\BOOKMARK [1][]{section.2299}{\376\377\000P\000N\0005\0000\0000\000:\000\040\000G\000.\000\040\000P\000.\000\040\000L\000I\000V\000E\000N\000Z\000A\000\040\000S\000A\000C\000I\000L\000E}{}% 2299
\BOOKMARK [1][]{section.2300}{\376\377\000P\000N\0005\0000\0002\000:\000\040\000A\000T\000L\000E\000T\000I\000C\000A\000\040\000S\000A\000N\000\040\000M\000A\000R\000T\000I\000N\000O}{}% 2300
\BOOKMARK [1][]{section.2301}{\376\377\000P\000N\0005\0002\0002\000:\000\040\000P\000O\000D\000I\000S\000T\000I\000\040\000C\000O\000R\000D\000E\000N\000O\000N\000S}{}% 2301
\BOOKMARK [1][]{section.2302}{\376\377\000P\000N\0005\0002\0003\000:\000\040\000A\000.\000S\000.\000D\000.\000\040\000A\000.\000N\000.\000B\000.\000\040\000F\000I\000A\000M\000M\000E\000\040\000C\000R\000E\000M\000I\000S\000I}{}% 2302
\BOOKMARK [1][]{section.2303}{\376\377\000P\000N\0005\0002\0004\000:\000\040\000A\000.\000S\000.\000D\000.\000\040\000C\000A\000R\000D\000U\000C\000C\000I\000\040\000P\000O\000R\000D\000E\000N\000O\000N\000E}{}% 2303
\BOOKMARK [1][]{section.2304}{\376\377\000P\000N\0005\0002\0005\000:\000\040\000A\000Z\000Z\000A\000N\000O\000\040\000R\000U\000N\000N\000E\000R\000S}{}% 2304
\BOOKMARK [1][]{section.2305}{\376\377\000P\000N\0005\0002\0007\000:\000\040\000A\000T\000L\000E\000T\000I\000C\000A\000\040\000A\000V\000I\000A\000N\000O}{}% 2305
\BOOKMARK [1][]{section.2306}{\376\377\000P\000N\0005\0002\0008\000:\000\040\000A\000T\000L\000E\000T\000I\000C\000A\000\040\000E\000D\000I\000L\000M\000A\000R\000K\000E\000T\000\040\000S\000A\000N\000D\000R\000I\000N}{}% 2306
\BOOKMARK [1][]{section.2307}{\376\377\000P\000N\0005\0002\0009\000:\000\040\000M\000A\000R\000A\000T\000O\000N\000I\000N\000A\000\040\000P\000O\000R\000D\000E\000N\000O\000N\000E\000S\000E}{}% 2307
\BOOKMARK [1][]{section.2308}{\376\377\000P\000N\0005\0003\0000\000:\000\040\000B\000L\000A\000D\000E\000\040\000R\000U\000N\000N\000E\000R\000S\000\040\000M\000A\000N\000I\000A\000G\000O}{}% 2308
\BOOKMARK [1][]{section.2309}{\376\377\000P\000N\0005\0003\0002\000:\000\040\000A\000P\000D\000\040\000V\000A\000L\000M\000E\000D\000U\000N\000A}{}% 2309
\BOOKMARK [1][]{section.2310}{\376\377\000P\000N\0005\0003\0003\000:\000\040\000M\000A\000G\000R\000E\000D\000I\000\040\000M\000O\000U\000N\000T\000A\000I\000N\000\040\000T\000R\000A\000I\000L}{}% 2310
\BOOKMARK [1][]{section.2311}{\376\377\000P\000N\0005\0003\0004\000:\000\040\000A\000T\000L\000.\000\040\000L\000E\000O\000N\000E\000\040\000S\000A\000N\000\040\000M\000A\000R\000C\000O\000\040\000P\000O\000R\000D\000E\000N\000O\000N\000E}{}% 2311
\BOOKMARK [1][]{section.2312}{\376\377\000P\000N\0005\0003\0006\000:\000\040\000C\000H\000E\000I\000\040\000D\000A\000L\000A\000\040\000M\000A\000N\000D\000O\000R\000L\000A\000\040\000-\000\040\000L\000E\000S\000T\000A\000N\000S}{}% 2312
\BOOKMARK [1][]{section.2313}{\376\377\000P\000N\0005\0003\0007\000:\000\040\000A\000.\000S\000.\000D\000.\000\040\000T\000R\000I\000A\000T\000H\000L\000O\000N\000\040\000T\000E\000A\000M}{}% 2313
\BOOKMARK [1][]{section.2314}{\376\377\000P\000N\0005\0003\0009\000:\000\040\000S\000P\000I\000R\000I\000T\000O\000\040\000T\000R\000A\000I\000L\000\040\000A\000S\000D}{}% 2314
\BOOKMARK [1][]{section.2315}{\376\377\000P\000N\0005\0004\0001\000:\000\040\000A\000S\000D\000\040\000S\000C\000U\000D\000E\000R\000I\000A\000\040\000S\000A\000N\000\040\000M\000A\000R\000T\000I\000N\000O\000\040\000C\000O\000R\000S\000E}{}% 2315
\BOOKMARK [1][]{section.2316}{\376\377\000P\000O\0001\0004\0009\000:\000\040\000A\000S\000D\000\040\000A\000T\000L\000E\000T\000I\000C\000A\000\040\000P\000R\000A\000T\000O}{}% 2316
\BOOKMARK [1][]{section.2317}{\376\377\000P\000O\0002\0007\0004\000:\000\040\000U\000.\000S\000.\000\040\000R\000O\000B\000E\000R\000T\000O\000\040\000C\000O\000L\000Z\000I}{}% 2317
\BOOKMARK [1][]{section.2318}{\376\377\000P\000O\0003\0006\0007\000:\000\040\000A\000.\000S\000.\000D\000.\000M\000O\000N\000T\000E\000M\000U\000R\000L\000O\000\040\000M\000E\000U\000C\000C\000I\000\040\000T\000A\000M\000A\000R\000E}{}% 2318
\BOOKMARK [1][]{section.2319}{\376\377\000P\000O\0004\0001\0000\000:\000\040\000A\000S\000D\000\040\000P\000R\000A\000T\000O\000\040\000P\000R\000O\000M\000O\000Z\000I\000O\000N\000E}{}% 2319
\BOOKMARK [1][]{section.2320}{\376\377\000P\000O\0004\0008\0000\000:\000\040\000A\000T\000L\000E\000T\000I\000C\000A\000\040\000R\000A\000D\000I\000O\000\040\000C\000E\000N\000T\000R\000O\000\040\000W\000E\000B}{}% 2320
\BOOKMARK [1][]{section.2321}{\376\377\000P\000O\0004\0009\0005\000:\000\040\000A\000S\000D\000\040\000P\000O\000D\000I\000S\000T\000I\000C\000A\000\040\000M\000E\000D\000I\000C\000E\000A}{}% 2321
\BOOKMARK [1][]{section.2322}{\376\377\000P\000R\0000\0006\0003\000:\000\040\000G\000.\000P\000.\000\040\000M\000A\000R\000C\000I\000A\000T\000O\000R\000I\000\040\000P\000A\000R\000M\000E\000N\000S\000I}{}% 2322
\BOOKMARK [1][]{section.2323}{\376\377\000P\000R\0000\0006\0004\000:\000\040\000G\000.\000P\000.\000\040\000Q\000U\000A\000D\000R\000I\000F\000O\000G\000L\000I\000O}{}% 2323
\BOOKMARK [1][]{section.2324}{\376\377\000P\000R\0000\0006\0007\000:\000\040\000G\000.\000S\000.\000\040\000T\000O\000C\000C\000A\000L\000M\000A\000T\000T\000O}{}% 2324
\BOOKMARK [1][]{section.2325}{\376\377\000P\000R\0000\0006\0008\000:\000\040\000C\000.\000U\000.\000S\000.\000\040\000P\000A\000R\000M\000A}{}% 2325
\BOOKMARK [1][]{section.2326}{\376\377\000P\000R\0000\0007\0003\000:\000\040\000A\000T\000L\000.\000\040\000A\000Z\000Z\000U\000R\000R\000A\000\040\000P\000A\000R\000M\000A}{}% 2326
\BOOKMARK [1][]{section.2327}{\376\377\000P\000R\0000\0007\0004\000:\000\040\000A\000S\000D\000\040\000A\000T\000L\000.\000\040\000S\000A\000L\000S\000O\000M\000A\000G\000G\000I\000O\000R\000E}{}% 2327
\BOOKMARK [1][]{section.2328}{\376\377\000P\000R\0000\0007\0005\000:\000\040\000A\000T\000L\000E\000T\000I\000C\000A\000\040\000F\000I\000D\000E\000N\000Z\000A\000\040\000A\000S\000D}{}% 2328
\BOOKMARK [1][]{section.2329}{\376\377\000P\000R\0000\0007\0007\000:\000\040\000A\000T\000L\000E\000T\000I\000C\000A\000\040\000P\000A\000R\000M\000A\000\040\000S\000P\000R\000I\000N\000T}{}% 2329
\BOOKMARK [1][]{section.2330}{\376\377\000P\000R\0000\0007\0009\000:\000\040\000P\000O\000L\000.\000\040\000C\000O\000O\000P\000\040\000P\000A\000R\000M\000A\000\040\0001\0009\0006\0004\000\040\000A\000S\000D}{}% 2330
\BOOKMARK [1][]{section.2331}{\376\377\000P\000R\0000\0009\0009\000:\000\040\000A\000T\000L\000.\000\040\000B\000A\000R\000I\000L\000L\000A}{}% 2331
\BOOKMARK [1][]{section.2332}{\376\377\000P\000R\0002\0000\0006\000:\000\040\000A\000T\000L\000E\000T\000I\000C\000A\000\040\000M\000A\000N\000A\000R\000A}{}% 2332
\BOOKMARK [1][]{section.2333}{\376\377\000P\000R\0002\0004\0006\000:\000\040\000G\000.\000P\000.\000\040\000P\000U\000B\000B\000L\000I\000C\000A\000\040\000A\000S\000S\000.\000N\000Z\000A\000\040\000B\000U\000S\000S\000E\000T\000O}{}% 2333
\BOOKMARK [1][]{section.2334}{\376\377\000P\000R\0003\0004\0000\000:\000\040\000F\000O\000R\000T\000I\000\040\000E\000\040\000L\000I\000B\000E\000R\000I\000\040\000A\000T\000L\000E\000T\000I\000C\000A}{}% 2334
\BOOKMARK [1][]{section.2335}{\376\377\000P\000R\0003\0009\0006\000:\000\040\000T\000R\000C\000\040\000T\000R\000A\000V\000E\000R\000S\000E\000T\000O\000L\000O\000\040\000R\000U\000N\000N\000I\000N\000G\000\040\000C\000L\000U\000B}{}% 2335
\BOOKMARK [1][]{section.2336}{\376\377\000P\000R\0004\0002\0000\000:\000\040\000K\000I\000N\000O\000\040\000M\000A\000N\000A}{}% 2336
\BOOKMARK [1][]{section.2337}{\376\377\000P\000R\0004\0003\0001\000:\000\040\000A\000T\000L\000.\000\040\000G\000A\000L\000L\000E\000R\000I\000N\000I}{}% 2337
\BOOKMARK [1][]{section.2338}{\376\377\000P\000R\0004\0003\0006\000:\000\040\000C\000I\000R\000C\000O\000L\000O\000\040\000M\000I\000N\000E\000R\000V\000A\000\040\000A\000S\000D}{}% 2338
\BOOKMARK [1][]{section.2339}{\376\377\000P\000R\0004\0003\0009\000:\000\040\000A\000T\000L\000.\000\040\000B\000U\000Z\000Z\000E\000T\000T\000I}{}% 2339
\BOOKMARK [1][]{section.2340}{\376\377\000P\000R\0004\0004\0000\000:\000\040\000C\000E\000N\000T\000R\000O\000\040\000S\000O\000C\000I\000A\000L\000E\000\040\000U\000N\000I\000V\000E\000R\000S\000I\000T\000A\000R\000I\000O}{}% 2340
\BOOKMARK [1][]{section.2341}{\376\377\000P\000R\0004\0006\0005\000:\000\040\000P\000I\000E\000D\000I\000\040\000D\000I\000\040\000G\000H\000I\000S\000A}{}% 2341
\BOOKMARK [1][]{section.2342}{\376\377\000P\000R\0004\0006\0007\000:\000\040\000P\000O\000L\000I\000S\000P\000O\000R\000T\000I\000V\000A\000\040\000T\000O\000R\000R\000I\000L\000E}{}% 2342
\BOOKMARK [1][]{section.2343}{\376\377\000P\000R\0004\0007\0002\000:\000\040\000A\000T\000L\000E\000T\000I\000C\000A\000\040\000G\000A\000L\000L\000E\000R\000I\000N\000I}{}% 2343
\BOOKMARK [1][]{section.2344}{\376\377\000P\000R\0004\0008\0004\000:\000\040\000A\000S\000D\000\040\000I\000N\000T\000E\000R\000F\000L\000U\000M\000I\000N\000A\000\040\000E\000'\000\040\000P\000I\000U\000'\000\040\000P\000O\000M\000I\000'}{}% 2344
\BOOKMARK [1][]{section.2345}{\376\377\000P\000R\0004\0009\0009\000:\000\040\000C\000I\000T\000T\000A\000D\000E\000L\000L\000A\000\040\0001\0005\0009\0002\000\040\000P\000A\000R\000M\000A}{}% 2345
\BOOKMARK [1][]{section.2346}{\376\377\000P\000R\0005\0000\0001\000:\000\040\000A\000S\000D\000\040\000M\000O\000N\000T\000I\000C\000E\000L\000L\000I\000\040\000T\000E\000R\000M\000E\000\040\0001\0009\0006\0000}{}% 2346
\BOOKMARK [1][]{section.2347}{\376\377\000P\000R\0005\0001\0005\000:\000\040\000A\000.\000S\000.\000D\000.\000\040\0003\000T}{}% 2347
\BOOKMARK [1][]{section.2348}{\376\377\000P\000R\0005\0002\0003\000:\000\040\000A\000.\000S\000.\000D\000.\000\040\000I\000L\000\040\000C\000A\000S\000T\000E\000L\000L\000O}{}% 2348
\BOOKMARK [1][]{section.2349}{\376\377\000P\000R\0005\0002\0005\000:\000\040\000S\000P\000O\000R\000T\000\040\000U\000N\000I\000V\000E\000R\000S\000I\000T\000Y\000\040\000A\000P\000D}{}% 2349
\BOOKMARK [1][]{section.2350}{\376\377\000P\000R\0005\0002\0008\000:\000\040\000B\000A\000L\000L\000O\000T\000T\000A\000\040\000C\000A\000M\000P}{}% 2350
\BOOKMARK [1][]{section.2351}{\376\377\000P\000R\0005\0003\0002\000:\000\040\000A\000T\000L\000E\000T\000I\000C\000A\000V\000I\000V\000A\000\040\000A\000.\000S\000.\000D\000.}{}% 2351
\BOOKMARK [1][]{section.2352}{\376\377\000P\000R\0005\0005\0006\000:\000\040\000A\000.\000S\000.\000D\000.\000\040\000V\000E\000N\000G\000O\000\040\000L\000I\000'}{}% 2352
\BOOKMARK [1][]{section.2353}{\376\377\000P\000R\0005\0006\0008\000:\000\040\000A\000T\000L\000E\000T\000I\000C\000A\000\040\000C\000A\000S\000O\000N\000E\000\040\000N\000O\000C\000E\000T\000O}{}% 2353
\BOOKMARK [1][]{section.2354}{\376\377\000P\000R\0006\0001\0001\000:\000\040\000C\000R\000A\000L\000\040\000C\000H\000I\000E\000S\000I\000\040\000S\000S\000D}{}% 2354
\BOOKMARK [1][]{section.2355}{\376\377\000P\000T\0001\0001\0005\000:\000\040\000P\000I\000S\000T\000O\000I\000A\000T\000L\000E\000T\000I\000C\000A\000\040\0001\0009\0008\0003}{}% 2355
\BOOKMARK [1][]{section.2356}{\376\377\000P\000T\0001\0001\0007\000:\000\040\000A\000T\000L\000.\000\040\000M\000O\000N\000S\000U\000M\000M\000A\000N\000E\000S\000E}{}% 2356
\BOOKMARK [1][]{section.2357}{\376\377\000P\000T\0001\0001\0008\000:\000\040\000A\000S\000D\000\040\000A\000T\000L\000E\000T\000I\000C\000A\000\040\000P\000I\000S\000T\000O\000I\000A}{}% 2357
\BOOKMARK [1][]{section.2358}{\376\377\000P\000T\0001\0002\0000\000:\000\040\000A\000T\000L\000.\000P\000E\000S\000C\000I\000A}{}% 2358
\BOOKMARK [1][]{section.2359}{\376\377\000P\000T\0001\0002\0001\000:\000\040\000A\000T\000L\000.\000B\000O\000R\000G\000O\000\040\000A\000\040\000B\000U\000G\000G\000I\000A\000N\000O}{}% 2359
\BOOKMARK [1][]{section.2360}{\376\377\000P\000T\0001\0002\0003\000:\000\040\000A\000.\000S\000.\000D\000.\000\040\000S\000I\000L\000V\000A\000N\000O\000\040\000F\000E\000D\000I\000\040\000P\000I\000S\000T\000O\000I\000A}{}% 2360
\BOOKMARK [1][]{section.2361}{\376\377\000P\000T\0001\0002\0006\000:\000\040\000A\000T\000L\000\040\000M\000O\000N\000T\000E\000C\000A\000T\000I\000N\000I}{}% 2361
\BOOKMARK [1][]{section.2362}{\376\377\000P\000T\0001\0005\0005\000:\000\040\000P\000O\000D\000I\000S\000T\000I\000C\000A\000\040\000Q\000U\000A\000R\000R\000A\000T\000A}{}% 2362
\BOOKMARK [1][]{section.2363}{\376\377\000P\000T\0001\0009\0003\000:\000\040\000A\000T\000L\000.\000C\000A\000S\000A\000L\000G\000U\000I\000D\000I\000\040\000M\000.\000C\000.\000L\000.\000A\000R\000I\000S\000T\000O\000N}{}% 2363
\BOOKMARK [1][]{section.2364}{\376\377\000P\000T\0002\0003\0002\000:\000\040\000G\000.\000P\000.\000\040\000C\000.\000A\000.\000I\000.\000\040\000P\000I\000S\000T\000O\000I\000A}{}% 2364
\BOOKMARK [1][]{section.2365}{\376\377\000P\000T\0003\0003\0003\000:\000\040\000I\000L\000\040\000C\000L\000U\000B\000\040\000D\000E\000G\000L\000I\000\040\000A\000T\000L\000E\000T\000I\000\040\000Q\000U\000A\000R\000R\000A\000T\000A}{}% 2365
\BOOKMARK [1][]{section.2366}{\376\377\000P\000T\0003\0005\0009\000:\000\040\000A\000T\000L\000E\000T\000I\000C\000A\000\040\000U\000Z\000Z\000A\000N\000O}{}% 2366
\BOOKMARK [1][]{section.2367}{\376\377\000P\000T\0003\0006\0003\000:\000\040\000A\000T\000L\000E\000T\000I\000C\000A\000\040\000L\000A\000M\000P\000O\000R\000E\000C\000C\000H\000I\000O}{}% 2367
\BOOKMARK [1][]{section.2368}{\376\377\000P\000T\0004\0000\0000\000:\000\040\000A\000G\000L\000I\000A\000N\000A\000T\000L\000E\000T\000I\000C\000A}{}% 2368
\BOOKMARK [1][]{section.2369}{\376\377\000P\000T\0004\0003\0000\000:\000\040\000A\000T\000L\000E\000T\000I\000C\000A\000\040\000A\000G\000L\000I\000A\000N\000E\000S\000E\000\040\0002\0000\0001\0005}{}% 2369
\BOOKMARK [1][]{section.2370}{\376\377\000P\000T\0004\0005\0003\000:\000\040\000G\000.\000S\000.\000D\000I\000L\000E\000T\000T\000A\000N\000T\000I\000S\000T\000I\000C\000O\000\040\000R\000U\000N\000.\000.\000.\000D\000A\000G\000I}{}% 2370
\BOOKMARK [1][]{section.2371}{\376\377\000P\000T\0004\0008\0007\000:\000\040\000M\000O\000N\000T\000E\000C\000A\000T\000I\000N\000I\000\040\000M\000A\000R\000A\000T\000H\000O\000N\000\040\000A\000S\000D}{}% 2371
\BOOKMARK [1][]{section.2372}{\376\377\000P\000T\0005\0000\0004\000:\000\040\000A\000U\000R\000O\000R\000A\000\040\000M\000O\000N\000T\000A\000L\000E\000\040\000A\000.\000S\000.\000D\000.}{}% 2372
\BOOKMARK [1][]{section.2373}{\376\377\000P\000U\0000\0000\0001\000:\000\040\000A\000T\000L\000E\000T\000I\000C\000A\000\040\000F\000A\000N\000O\000\040\000T\000E\000C\000H\000F\000E\000M}{}% 2373
\BOOKMARK [1][]{section.2374}{\376\377\000P\000U\0000\0000\0002\000:\000\040\000N\000U\000O\000V\000A\000\040\000A\000T\000L\000.\000\040\000P\000A\000N\000D\000A\000\040\000P\000E\000S\000A\000R\000O}{}% 2374
\BOOKMARK [1][]{section.2375}{\376\377\000P\000U\0000\0000\0003\000:\000\040\000C\000U\000S\000\040\000U\000R\000B\000I\000N\000O}{}% 2375
\BOOKMARK [1][]{section.2376}{\376\377\000P\000U\0000\0000\0005\000:\000\040\000A\000S\000D\000.\000\040\000A\000T\000L\000.\000\040\000F\000O\000S\000S\000O\000M\000B\000R\000O\000N\000E}{}% 2376
\BOOKMARK [1][]{section.2377}{\376\377\000P\000U\0000\0000\0006\000:\000\040\000P\000O\000L\000.\000\040\000M\000O\000N\000T\000E\000C\000C\000H\000I\000O\000\040\0002\0000\0000\0000}{}% 2377
\BOOKMARK [1][]{section.2378}{\376\377\000P\000U\0000\0000\0007\000:\000\040\000G\000.\000P\000.\000D\000.\000\040\000F\000A\000N\000O\000\040\000C\000O\000R\000R\000E\000\040\000L\000.\000T\000O\000N\000E\000L\000L\000I}{}% 2378
\BOOKMARK [1][]{section.2379}{\376\377\000P\000U\0000\0000\0008\000:\000\040\000G\000.\000P\000.\000\040\000L\000U\000C\000R\000E\000Z\000I\000A}{}% 2379
\BOOKMARK [1][]{section.2380}{\376\377\000P\000U\0000\0001\0000\000:\000\040\000A\000T\000L\000.\000'\000B\000A\000N\000C\000A\000\040\000D\000I\000\040\000P\000E\000S\000A\000R\000O\000'\000C\000.\000S\000T\000O\000R\000I\000C\000O}{}% 2380
\BOOKMARK [1][]{section.2381}{\376\377\000P\000U\0000\0001\0003\000:\000\040\000G\000.\000S\000.\000\040\000A\000V\000I\000S\000\040\000A\000I\000D\000O\000\040\000U\000R\000B\000I\000N\000O}{}% 2381
\BOOKMARK [1][]{section.2382}{\376\377\000P\000U\0000\0001\0006\000:\000\040\000A\000T\000L\000.\000\040\000U\000R\000B\000A\000N\000I\000A}{}% 2382
\BOOKMARK [1][]{section.2383}{\376\377\000P\000U\0000\0001\0007\000:\000\040\000R\000U\000N\000N\000I\000N\000G\000\040\000C\000L\000U\000B\000\040\000F\000O\000S\000S\000O\000M\000B\000R\000O\000N\000E}{}% 2383
\BOOKMARK [1][]{section.2384}{\376\377\000P\000U\0000\0002\0000\000:\000\040\000A\000T\000L\000E\000T\000I\000C\000A\000\040\000A\000L\000M\000A\000\040\000J\000U\000V\000E\000N\000T\000U\000S\000\040\000F\000A\000N\000O}{}% 2384
\BOOKMARK [1][]{section.2385}{\376\377\000P\000U\0000\0002\0001\000:\000\040\000C\000O\000L\000L\000E\000M\000A\000R\000-\000A\000T\000H\000O\000N\000\040\000C\000L\000U\000B}{}% 2385
\BOOKMARK [1][]{section.2386}{\376\377\000P\000U\0000\0002\0002\000:\000\040\000A\000S\000D\000\040\000C\000A\000L\000C\000I\000N\000E\000L\000L\000I\000\040\000R\000U\000N}{}% 2386
\BOOKMARK [1][]{section.2387}{\376\377\000P\000U\0000\0002\0003\000:\000\040\000P\000E\000S\000A\000R\000O\000\040\000G\000Y\000M\000N\000A\000S\000I\000U\000M}{}% 2387
\BOOKMARK [1][]{section.2388}{\376\377\000P\000U\0000\0002\0004\000:\000\040\000A\000T\000L\000E\000T\000I\000C\000A\000\040\000M\000A\000R\000C\000H\000E\000\040\000N\000O\000R\000D}{}% 2388
\BOOKMARK [1][]{section.2389}{\376\377\000P\000U\0000\0002\0005\000:\000\040\000O\000S\000T\000E\000R\000I\000A\000\040\000D\000E\000I\000\040\000P\000O\000D\000I\000S\000T\000I}{}% 2389
\BOOKMARK [1][]{section.2390}{\376\377\000P\000U\0000\0002\0006\000:\000\040\000A\000T\000L\000\040\000U\000R\000B\000I\000N\000O\000\040\000C\0005\000\040\0001\0009\0009\0009}{}% 2390
\BOOKMARK [1][]{section.2391}{\376\377\000P\000U\0000\0002\0007\000:\000\040\000P\000E\000S\000A\000R\000O\000\040\000A\000T\000H\000L\000E\000T\000I\000C\000\040\000F\000I\000E\000L\000D}{}% 2391
\BOOKMARK [1][]{section.2392}{\376\377\000P\000U\0000\0002\0009\000:\000\040\000A\000S\000D\000\040\000M\000A\000R\000O\000T\000T\000A\000\040\000M\000O\000N\000D\000O\000L\000F\000O\000\040\000R\000U\000N}{}% 2392
\BOOKMARK [1][]{section.2393}{\376\377\000P\000U\0000\0003\0001\000:\000\040\000A\000.\000S\000.\000D\000.\000\040\000G\000A\000B\000B\000I\000A\000N\000O}{}% 2393
\BOOKMARK [1][]{section.2394}{\376\377\000P\000U\0000\0003\0002\000:\000\040\000C\000A\000R\000A\000F\000F\000A\000\040\000S\000P\000O\000R\000T\000\040\000A\000.\000S\000.\000D\000.}{}% 2394
\BOOKMARK [1][]{section.2395}{\376\377\000P\000V\0000\0006\0000\000:\000\040\000A\000.\000S\000.\000D\000\040\000J\000U\000N\000I\000O\000R\000\040\000C\000L\000U\000B}{}% 2395
\BOOKMARK [1][]{section.2396}{\376\377\000P\000V\0001\0000\0008\000:\000\040\000C\000.\000U\000.\000S\000.\000\040\000P\000A\000V\000I\000A}{}% 2396
\BOOKMARK [1][]{section.2397}{\376\377\000P\000V\0001\0001\0000\000:\000\040\000A\000T\000L\000.\000\040\000C\000E\000N\000T\000O\000\040\000T\000O\000R\000R\000I\000\040\000P\000A\000V\000I\000A}{}% 2397
\BOOKMARK [1][]{section.2398}{\376\377\000P\000V\0001\0005\0005\000:\000\040\0001\0000\0000\000\040\000T\000O\000R\000R\000I\000\040\000\046\000\040\000V\000I\000G\000E\000V\000A\000N\000O\000\040\000A\000T\000L\000.\000Y\000O\000U\000N\000G}{}% 2398
\BOOKMARK [1][]{section.2399}{\376\377\000P\000V\0002\0004\0005\000:\000\040\000A\000T\000L\000.\000\040\000I\000R\000I\000E\000N\000S\000E\000\040\000V\000O\000G\000H\000E\000R\000A}{}% 2399
\BOOKMARK [1][]{section.2400}{\376\377\000P\000V\0002\0005\0002\000:\000\040\000G\000.\000S\000.\000\040\000S\000A\000N\000\040\000M\000A\000R\000T\000I\000N\000O}{}% 2400
\BOOKMARK [1][]{section.2401}{\376\377\000P\000V\0003\0005\0008\000:\000\040\000G\000.\000P\000.\000\040\000A\000V\000I\000S\000\040\000P\000A\000V\000I\000A}{}% 2401
\BOOKMARK [1][]{section.2402}{\376\377\000P\000V\0004\0001\0000\000:\000\040\000A\000T\000L\000E\000T\000I\000C\000A\000\040\000V\000I\000G\000E\000V\000A\000N\000O}{}% 2402
\BOOKMARK [1][]{section.2403}{\376\377\000P\000V\0004\0001\0002\000:\000\040\000L\000A\000\040\000P\000O\000D\000I\000S\000T\000I\000C\000A\000\040\000R\000O\000B\000B\000I\000E\000S\000E}{}% 2403
\BOOKMARK [1][]{section.2404}{\376\377\000P\000V\0004\0001\0004\000:\000\040\000U\000.\000S\000.\000\040\000S\000C\000A\000L\000O\000\040\000V\000O\000G\000H\000E\000R\000A}{}% 2404
\BOOKMARK [1][]{section.2405}{\376\377\000P\000V\0004\0002\0001\000:\000\040\000A\000T\000L\000.\000\040\000C\000A\000S\000O\000R\000A\000T\000E\000\040\000P\000R\000I\000M\000O}{}% 2405
\BOOKMARK [1][]{section.2406}{\376\377\000P\000V\0004\0007\0005\000:\000\040\000G\000.\000P\000.\000\040\000A\000V\000I\000S\000\040\000V\000I\000G\000E\000V\000A\000N\000O\000-\000G\000R\000A\000V\000E\000L\000L\000O\000N\000A}{}% 2406
\BOOKMARK [1][]{section.2407}{\376\377\000P\000V\0005\0007\0003\000:\000\040\000A\000.\000S\000.\000D\000.\000\040\000C\000A\000N\000O\000T\000T\000I\000E\000R\000I\000\040\000T\000I\000C\000I\000N\000O}{}% 2407
\BOOKMARK [1][]{section.2408}{\376\377\000P\000V\0005\0009\0009\000:\000\040\000A\000T\000L\000.\000\040\000P\000A\000V\000E\000S\000E}{}% 2408
\BOOKMARK [1][]{section.2409}{\376\377\000P\000V\0006\0001\0009\000:\000\040\000A\000S\000D\000\040\000T\000E\000M\000P\000O\000D\000I\000S\000P\000O\000R\000T\000\040\000C\000L\000U\000B}{}% 2409
\BOOKMARK [1][]{section.2410}{\376\377\000P\000V\0006\0002\0008\000:\000\040\000R\000U\000N\000N\000I\000N\000G\000\040\000O\000L\000T\000R\000E\000P\000O\000'}{}% 2410
\BOOKMARK [1][]{section.2411}{\376\377\000P\000V\0007\0002\0000\000:\000\040\000A\000.\000S\000.\000\040\000A\000M\000P\000\040\000A\000.\000S\000.\000D\000.}{}% 2411
\BOOKMARK [1][]{section.2412}{\376\377\000P\000V\0007\0002\0004\000:\000\040\000P\000O\000L\000.\000\040\000D\000.\000\040\000U\000.\000\040\000S\000.\000\040\000C\000A\000S\000S\000O\000L\000E\000S\000E}{}% 2412
\BOOKMARK [1][]{section.2413}{\376\377\000P\000V\0007\0002\0005\000:\000\040\000A\000S\000D\000\040\000T\000R\000I\000A\000T\000H\000L\000O\000N\000\040\000P\000A\000V\000E\000S\000E}{}% 2413
\BOOKMARK [1][]{section.2414}{\376\377\000P\000V\0008\0002\0003\000:\000\040\000A\000.\000S\000.\000D\000.\000\040\000R\000U\000N\0008\000\040\000T\000E\000A\000M}{}% 2414
\BOOKMARK [1][]{section.2415}{\376\377\000P\000V\0008\0003\0007\000:\000\040\000A\000.\000S\000.\000D\000.\000\040\000E\000S\000C\000A\000P\000E\000\040\000T\000E\000A\000M\000\040\000V\000I\000G\000E\000V\000A\000N\000O}{}% 2415
\BOOKMARK [1][]{section.2416}{\376\377\000P\000V\0008\0004\0007\000:\000\040\000B\000U\000C\000C\000E\000L\000L\000A\000\040\000R\000U\000N\000N\000E\000R\000S\000\040\000V\000I\000G\000E\000V\000A\000N\000O}{}% 2416
\BOOKMARK [1][]{section.2417}{\376\377\000P\000V\0008\0004\0008\000:\000\040\000A\000S\000D\000\040\000M\000A\000R\000C\000I\000A\000T\000O\000R\000I\000\040\000L\000A\000N\000D\000R\000I\000A\000N\000O\000\040\000A\000V\000I\000S}{}% 2417
\BOOKMARK [1][]{section.2418}{\376\377\000P\000V\0008\0005\0000\000:\000\040\000A\000S\000D\000\040\000G\000P\000\040\000G\000A\000R\000L\000A\000S\000C\000H\000E\000S\000E}{}% 2418
\BOOKMARK [1][]{section.2419}{\376\377\000P\000V\0009\0002\0006\000:\000\040\000R\000U\000N\000\040\0004\000\040\000P\000E\000O\000P\000L\000E}{}% 2419
\BOOKMARK [1][]{section.2420}{\376\377\000P\000V\0009\0004\0007\000:\000\040\000G\000R\000U\000P\000P\000O\000\040\000P\000O\000D\000I\000S\000T\000I\000\040\000C\000I\000A\000R\000L\000A\000S\000C\000H\000I}{}% 2420
\BOOKMARK [1][]{section.2421}{\376\377\000P\000Z\0000\0003\0003\000:\000\040\000G\000.\000S\000.\000\040\000A\000V\000I\000S\000\040\000L\000A\000G\000O\000N\000E\000G\000R\000O}{}% 2421
\BOOKMARK [1][]{section.2422}{\376\377\000P\000Z\0000\0003\0004\000:\000\040\000C\000L\000U\000B\000\040\000A\000T\000L\000E\000T\000I\000C\000O\000\040\000L\000A\000U\000R\000I\000A}{}% 2422
\BOOKMARK [1][]{section.2423}{\376\377\000P\000Z\0000\0003\0005\000:\000\040\000C\000L\000U\000B\000\040\000A\000T\000L\000E\000T\000I\000C\000O\000\040\000L\000A\000U\000R\000I\000A}{}% 2423
\BOOKMARK [1][]{section.2424}{\376\377\000P\000Z\0000\0003\0006\000:\000\040\000N\000U\000O\000V\000A\000\040\000A\000T\000L\000E\000T\000I\000C\000A\000\040\000P\000O\000T\000E\000N\000Z\000A}{}% 2424
\BOOKMARK [1][]{section.2425}{\376\377\000P\000Z\0000\0003\0007\000:\000\040\000C\000L\000U\000B\000\040\000A\000T\000L\000E\000T\000I\000C\000O\000\040\000P\000O\000T\000E\000N\000Z\000A}{}% 2425
\BOOKMARK [1][]{section.2426}{\376\377\000P\000Z\0000\0005\0003\000:\000\040\000P\000O\000D\000I\000S\000T\000I\000C\000A\000\040\000A\000M\000A\000T\000O\000R\000I\000\040\000P\000O\000T\000E\000N\000Z\000A}{}% 2426
\BOOKMARK [1][]{section.2427}{\376\377\000P\000Z\0001\0001\0002\000:\000\040\000A\000T\000L\000E\000T\000I\000C\000A\000\040\000P\000A\000L\000A\000Z\000Z\000O}{}% 2427
\BOOKMARK [1][]{section.2428}{\376\377\000P\000Z\0001\0001\0003\000:\000\040\000A\000T\000L\000E\000T\000I\000C\000A\000\040\000C\000O\000R\000R\000E\000R\000E\000P\000O\000L\000L\000I\000N\000O}{}% 2428
\BOOKMARK [1][]{section.2429}{\376\377\000P\000Z\0001\0001\0004\000:\000\040\000A\000.\000S\000.\000D\000.\000\040\000T\000E\000C\000H\000N\000O\000F\000I\000T\000N\000E\000S\000S\000\040\000V\000E\000N\000O\000S\000A}{}% 2429
\BOOKMARK [1][]{section.2430}{\376\377\000P\000Z\0001\0001\0005\000:\000\040\000S\000P\000O\000R\000T\000\040\000T\000E\000A\000M\000\040\000V\000E\000N\000O\000S\000A}{}% 2430
\BOOKMARK [1][]{section.2431}{\376\377\000P\000Z\0001\0001\0006\000:\000\040\000N\000U\000O\000V\000A\000\040\000A\000T\000L\000E\000T\000I\000C\000A\000\040\000P\000O\000T\000E\000N\000Z\000A}{}% 2431
\BOOKMARK [1][]{section.2432}{\376\377\000P\000Z\0005\0002\0008\000:\000\040\000A\000T\000L\000E\000T\000I\000C\000A\000\040\000A\000M\000A\000T\000O\000R\000I\000\040\000L\000A\000U\000R\000I\000A}{}% 2432
\BOOKMARK [1][]{section.2433}{\376\377\000P\000Z\0005\0004\0003\000:\000\040\000A\000S\000D\000\040\000M\000E\000T\000A\000L\000F\000E\000R\000\040\000P\000O\000D\000.\000\040\000B\000R\000I\000E\000N\000Z\000A\000\040\0002\0000\0000\0000}{}% 2433
\BOOKMARK [1][]{section.2434}{\376\377\000P\000Z\0005\0005\0000\000:\000\040\000A\000.\000S\000.\000D\000.\000\040\000A\000T\000L\000E\000T\000I\000C\000A\000\040\000V\000E\000N\000O\000S\000A}{}% 2434
\BOOKMARK [1][]{section.2435}{\376\377\000P\000Z\0005\0006\0002\000:\000\040\000O\000L\000I\000M\000P\000I\000A\000\040\000P\000O\000T\000E\000N\000Z\000A}{}% 2435
\BOOKMARK [1][]{section.2436}{\376\377\000P\000Z\0005\0006\0005\000:\000\040\000B\000R\000A\000M\000E\000A\000\040\000V\000U\000L\000T\000U\000R\000\040\000R\000U\000N\000N\000E\000R\000S}{}% 2436
\BOOKMARK [1][]{section.2437}{\376\377\000P\000Z\0005\0006\0007\000:\000\040\000E\000O\000S}{}% 2437
\BOOKMARK [1][]{section.2438}{\376\377\000P\000Z\0005\0007\0000\000:\000\040\000T\000R\000I\000A\000T\000H\000L\000O\000N\000\040\000B\000A\000S\000I\000L\000I\000C\000A\000T\000A\000\040\000A\000S\000D}{}% 2438
\BOOKMARK [1][]{section.2439}{\376\377\000P\000Z\0005\0007\0001\000:\000\040\000R\000U\000N\000N\000I\000N\000G\000\040\000T\000E\000A\000M\000\040\000T\000R\000A\000M\000U\000T\000O\000L\000A}{}% 2439
\BOOKMARK [1][]{section.2440}{\376\377\000P\000Z\0005\0007\0003\000:\000\040\000A\000.\000S\000.\000D\000.\000\040\000S\000P\000O\000R\000T\0003\0006\0000}{}% 2440
\BOOKMARK [1][]{section.2441}{\376\377\000R\000A\0000\0000\0002\000:\000\040\000G\000.\000P\000.\000A\000.\000\040\000L\000U\000G\000H\000E\000S\000I\000N\000A}{}% 2441
\BOOKMARK [1][]{section.2442}{\376\377\000R\000A\0000\0000\0003\000:\000\040\000A\000T\000L\000.\000\040\000M\000A\000M\000E\000L\000I\000\040\000R\000A\000V\000E\000N\000N\000A}{}% 2442
\BOOKMARK [1][]{section.2443}{\376\377\000R\000A\0000\0003\0006\000:\000\040\000G\000.\000P\000.\000\040\000C\000E\000R\000V\000E\000S\000E}{}% 2443
\BOOKMARK [1][]{section.2444}{\376\377\000R\000A\0000\0008\0002\000:\000\040\000G\000.\000S\000.\000\040\000L\000A\000M\000O\000N\000E\000\040\000A\000.\000S\000.\000D\000.}{}% 2444
\BOOKMARK [1][]{section.2445}{\376\377\000R\000A\0000\0009\0003\000:\000\040\000A\000T\000L\000E\000T\000I\000C\000A\000\040\000L\000U\000G\000O}{}% 2445
\BOOKMARK [1][]{section.2446}{\376\377\000R\000A\0000\0009\0004\000:\000\040\000A\000T\000L\000E\000T\000I\000C\000A\000\040\0008\0005\000\040\000F\000A\000E\000N\000Z\000A}{}% 2446
\BOOKMARK [1][]{section.2447}{\376\377\000R\000A\0000\0009\0005\000:\000\040\000A\000T\000L\000E\000T\000I\000C\000A\000\040\000R\000A\000V\000E\000N\000N\000A\000\040\000S\000S\000D\000\040\000A\000\040\000R\000L}{}% 2447
\BOOKMARK [1][]{section.2448}{\376\377\000R\000A\0000\0009\0006\000:\000\040\000P\000O\000L\000.\000\040\000A\000T\000L\000E\000T\000I\000C\000A\000\040\000C\000A\000S\000T\000I\000G\000L\000I\000O\000N\000E\000\040\000A\000S\000D}{}% 2448
\BOOKMARK [1][]{section.2449}{\376\377\000R\000A\0001\0000\0002\000:\000\040\000A\000T\000L\000E\000T\000I\000C\000A\000\040\000M\000A\000S\000S\000A\000L\000O\000M\000B\000A\000R\000D\000A}{}% 2449
\BOOKMARK [1][]{section.2450}{\376\377\000R\000A\0001\0000\0003\000:\000\040\000A\000C\000A\000D\000E\000M\000Y\000\040\000M\000E\000R\000C\000U\000R\000I\000O\000\040\000A\000T\000L\000E\000T\000I\000C\000A}{}% 2450
\BOOKMARK [1][]{section.2451}{\376\377\000R\000A\0001\0000\0004\000:\000\040\000P\000O\000L\000.\000\040\000V\000I\000T\000A\000\040\000C\000R\000E\000D\000I\000T\000O\000\040\000C\000O\000O\000P\000E\000R\000A\000T\000V\000O}{}% 2451
\BOOKMARK [1][]{section.2452}{\376\377\000R\000A\0004\0004\0007\000:\000\040\000G\000.\000P\000.\000\040\000C\000E\000R\000V\000E\000S\000E\000\040\000-\000\040\000P\000I\000S\000T\000A\000\040\000A\000T\000L\000E\000T\000I\000C\000A}{}% 2452
\BOOKMARK [1][]{section.2453}{\376\377\000R\000A\0004\0007\0007\000:\000\040\000A\000S\000D\000\040\000T\000O\000S\000C\000O\000-\000R\000O\000M\000A\000G\000N\000O\000L\000A}{}% 2453
\BOOKMARK [1][]{section.2454}{\376\377\000R\000A\0005\0001\0000\000:\000\040\000R\000A\000V\000E\000N\000N\000A\000\040\000R\000U\000N\000N\000E\000R\000S\000\040\000C\000L\000U\000B\000\040\000A\000S\000D}{}% 2454
\BOOKMARK [1][]{section.2455}{\376\377\000R\000A\0005\0001\0007\000:\000\040\000A\000T\000L\000E\000T\000I\000C\000A\000\040\000C\000E\000R\000V\000I\000A\000\040\000A\000.\000S\000.\000D\000.}{}% 2455
\BOOKMARK [1][]{section.2456}{\376\377\000R\000A\0005\0003\0001\000:\000\040\000D\000O\000M\000A\000N\000I\000\040\000A\000R\000R\000I\000V\000A\000\040\000S\000E\000M\000P\000R\000E}{}% 2456
\BOOKMARK [1][]{section.2457}{\376\377\000R\000A\0005\0005\0001\000:\000\040\000L\000E\000O\000P\000O\000D\000I\000S\000T\000I\000C\000A}{}% 2457
\BOOKMARK [1][]{section.2458}{\376\377\000R\000A\0005\0006\0002\000:\000\040\000A\000C\000A\000D\000E\000M\000Y\000\040\000R\000A\000V\000E\000N\000N\000A\000\040\000A\000T\000H\000L\000E\000T\000I\000C\000S}{}% 2458
\BOOKMARK [1][]{section.2459}{\376\377\000R\000A\0005\0006\0006\000:\000\040\000L\000I\000F\000E\000R\000U\000N\000N\000E\000R\000\040\000S\000S\000D\000A\000R\000L}{}% 2459
\BOOKMARK [1][]{section.2460}{\376\377\000R\000A\0005\0007\0000\000:\000\040\000P\000O\000L\000.\000\040\000D\000I\000L\000.\000\040\000S\000A\000N\000T\000A\000\040\000L\000U\000C\000I\000A}{}% 2460
\BOOKMARK [1][]{section.2461}{\376\377\000R\000A\0005\0008\0002\000:\000\040\000A\000.\000S\000.\000D\000.\000\040\000P\000O\000D\000I\000S\000T\000I\000\040\000C\000O\000T\000I\000G\000N\000O\000L\000A}{}% 2461
\BOOKMARK [1][]{section.2462}{\376\377\000R\000C\0000\0002\0001\000:\000\040\000A\000T\000L\000.\000C\000I\000T\000T\000A\000N\000O\000V\000A}{}% 2462
\BOOKMARK [1][]{section.2463}{\376\377\000R\000C\0000\0002\0006\000:\000\040\000G\000R\000U\000P\000P\000O\000\040\000A\000T\000L\000E\000T\000I\000C\000O\000\040\000R\000E\000G\000G\000I\000N\000O}{}% 2463
\BOOKMARK [1][]{section.2464}{\376\377\000R\000C\0000\0003\0000\000:\000\040\000A\000I\000C\000S\000\040\000A\000T\000L\000E\000T\000I\000C\000A\000\040\000S\000T\000A\000D\000I\000O}{}% 2464
\BOOKMARK [1][]{section.2465}{\376\377\000R\000C\0000\0003\0001\000:\000\040\000A\000I\000C\000S\000\040\000A\000T\000L\000E\000T\000I\000C\000A\000\040\000C\000O\000R\000T\000E\000S\000E}{}% 2465
\BOOKMARK [1][]{section.2466}{\376\377\000R\000C\0000\0003\0002\000:\000\040\000N\000U\000O\000V\000A\000\040\000A\000T\000L\000E\000T\000I\000C\000A\000\040\000F\000I\000A\000M\000M\000A\000\040\000A\000R\000A\000N\000C\000A}{}% 2466
\BOOKMARK [1][]{section.2467}{\376\377\000R\000C\0000\0003\0003\000:\000\040\000A\000T\000L\000.\000M\000I\000N\000N\000I\000T\000I}{}% 2467
\BOOKMARK [1][]{section.2468}{\376\377\000R\000C\0000\0005\0009\000:\000\040\000A\000T\000L\000E\000T\000I\000C\000A\000\040\000B\000R\000O\000T\000H\000E\000R\000S}{}% 2468
\BOOKMARK [1][]{section.2469}{\376\377\000R\000C\0001\0004\0007\000:\000\040\000A\000D\000A\000M\000O\000\040\000A\000T\000H\000L\000E\000T\000I\000C\000\040\000C\000L\000U\000B}{}% 2469
\BOOKMARK [1][]{section.2470}{\376\377\000R\000C\0001\0005\0003\000:\000\040\000A\000T\000L\000.\000G\000I\000O\000I\000A\000\040\000T\000A\000U\000R\000O}{}% 2470
\BOOKMARK [1][]{section.2471}{\376\377\000R\000C\0001\0006\0009\000:\000\040\000A\000S\000I\000\040\000G\000.\000S\000.\000\040\000A\000S\000C\000H\000E\000N\000E\000Z}{}% 2471
\BOOKMARK [1][]{section.2472}{\376\377\000R\000C\0001\0009\0003\000:\000\040\000P\000O\000L\000.\000C\000L\000U\000B\000\040\000G\000I\000N\000N\000I\000C\000A}{}% 2472
\BOOKMARK [1][]{section.2473}{\376\377\000R\000C\0001\0009\0005\000:\000\040\000C\000L\000U\000B\000\040\000S\000P\000O\000R\000T\000I\000V\000O\000\040\000S\000.\000B\000A\000R\000B\000A\000R\000A}{}% 2473
\BOOKMARK [1][]{section.2474}{\376\377\000R\000C\0001\0009\0009\000:\000\040\000A\000T\000L\000.\000R\000E\000G\000G\000I\000O\000\040\000S\000U\000D}{}% 2474
\BOOKMARK [1][]{section.2475}{\376\377\000R\000C\0002\0000\0000\000:\000\040\000N\000U\000O\000V\000A\000\040\000A\000T\000L\000E\000T\000I\000C\000A\000\040\000G\000A\000L\000L\000I\000N\000A}{}% 2475
\BOOKMARK [1][]{section.2476}{\376\377\000R\000C\0002\0000\0007\000:\000\040\000A\000T\000L\000.\000A\000M\000A\000T\000O\000R\000I\000\040\000R\000E\000G\000G\000I\000O\000\040\000C\000A\000L\000.}{}% 2476
\BOOKMARK [1][]{section.2477}{\376\377\000R\000C\0002\0003\0003\000:\000\040\000A\000T\000L\000E\000T\000I\000C\000A\000\040\000B\000R\000U\000Z\000Z\000A\000N\000O}{}% 2477
\BOOKMARK [1][]{section.2478}{\376\377\000R\000C\0002\0006\0002\000:\000\040\000A\000S\000I\000\040\000V\000I\000S\000\040\000R\000E\000G\000G\000I\000O}{}% 2478
\BOOKMARK [1][]{section.2479}{\376\377\000R\000C\0002\0009\0005\000:\000\040\000A\000T\000L\000.\000\040\000A\000U\000R\000O\000R\000A\000\040\000G\000I\000O\000I\000A\000\040\000T\000A\000U\000R\000O}{}% 2479
\BOOKMARK [1][]{section.2480}{\376\377\000R\000C\0003\0001\0003\000:\000\040\000A\000S\000D\000\040\000I\000C\000A\000R\000O\000\040\000R\000C}{}% 2480
\BOOKMARK [1][]{section.2481}{\376\377\000R\000C\0003\0001\0004\000:\000\040\000A\000T\000L\000E\000T\000I\000C\000A\000\040\000R\000E\000G\000G\000I\000N\000A}{}% 2481
\BOOKMARK [1][]{section.2482}{\376\377\000R\000C\0003\0002\0005\000:\000\040\000A\000S\000\040\000A\000T\000L\000E\000T\000I\000C\000A\000\040\000S\000A\000G\000I\000T\000T\000A\000R\000I\000U\000S}{}% 2482
\BOOKMARK [1][]{section.2483}{\376\377\000R\000C\0003\0002\0008\000:\000\040\000N\000U\000O\000V\000A\000\040\000A\000T\000L\000E\000T\000I\000C\000A\000\040\000C\000O\000S\000T\000A\000\040\000T\000I\000R\000R\000E\000N\000I\000C\000A}{}% 2483
\BOOKMARK [1][]{section.2484}{\376\377\000R\000C\0003\0002\0009\000:\000\040\000A\000S\000I\000\040\000S\000T\000E\000L\000L\000E\000\040\000D\000E\000L\000\040\000S\000U\000D}{}% 2484
\BOOKMARK [1][]{section.2485}{\376\377\000R\000C\0003\0003\0002\000:\000\040\000A\000T\000L\000E\000T\000I\000C\000A\000\040\000O\000L\000Y\000M\000P\000U\000S}{}% 2485
\BOOKMARK [1][]{section.2486}{\376\377\000R\000C\0003\0004\0006\000:\000\040\000B\000R\000A\000M\000A\000T\000L\000E\000T\000I\000C\000A\000\040\000R\000E\000G\000G\000I\000N\000A}{}% 2486
\BOOKMARK [1][]{section.2487}{\376\377\000R\000C\0003\0004\0008\000:\000\040\000A\000T\000L\000E\000T\000I\000C\000A\000\040\000S\000C\000I\000U\000T\000O}{}% 2487
\BOOKMARK [1][]{section.2488}{\376\377\000R\000C\0003\0005\0007\000:\000\040\000P\000O\000D\000I\000S\000T\000I\000L\000O\000C\000R\000I}{}% 2488
\BOOKMARK [1][]{section.2489}{\376\377\000R\000C\0003\0005\0009\000:\000\040\000A\000S\000D\000\040\000S\000C\000U\000O\000L\000A\000\040\000M\000E\000D\000I\000A\000\040\000M\000I\000N\000N\000I\000T\000I\000\040\000P\000A\000L\000M\000I}{}% 2489
\BOOKMARK [1][]{section.2490}{\376\377\000R\000C\0003\0006\0006\000:\000\040\000A\000T\000L\000E\000T\000I\000C\000A\000\040\000B\000A\000R\000B\000A\000S}{}% 2490
\BOOKMARK [1][]{section.2491}{\376\377\000R\000C\0003\0006\0008\000:\000\040\000A\000S\000D\000\040\000R\000U\000N\000N\000I\000N\000G\000\040\000P\000A\000L\000M\000I}{}% 2491
\BOOKMARK [1][]{section.2492}{\376\377\000R\000C\0003\0007\0006\000:\000\040\000Z\000A\000G\000A\000R\000A\000\040\000A\000S\000S\000O\000C\000I\000A\000Z\000I\000O\000N\000E\000\040\000S\000P\000O\000R\000T\000I\000V\000A\000\040\000D}{}% 2492
\BOOKMARK [1][]{section.2493}{\376\377\000R\000C\0003\0007\0008\000:\000\040\000C\000O\000R\000R\000I\000\040\000C\000O\000N\000\040\000N\000O\000I\000\040\000P\000A\000L\000M\000I}{}% 2493
\BOOKMARK [1][]{section.2494}{\376\377\000R\000C\0003\0007\0009\000:\000\040\000A\000.\000S\000.\000D\000.\000\040\000R\000U\000N\000N\000I\000N\000G\000\040\000B\000A\000G\000N\000A\000R\000A}{}% 2494
\BOOKMARK [1][]{section.2495}{\376\377\000R\000C\0003\0008\0001\000:\000\040\000A\000T\000L\000E\000T\000I\000C\000A\000\040\000S\000I\000D\000E\000R\000N\000O\000\040\000A\000S\000D}{}% 2495
\BOOKMARK [1][]{section.2496}{\376\377\000R\000C\0004\0000\0001\000:\000\040\000I\000O\000N\000I\000C\000A\000\040\000R\000U\000N\000N\000I\000N\000G\000\040\000A\000S\000D}{}% 2496
\BOOKMARK [1][]{section.2497}{\376\377\000R\000C\0004\0000\0008\000:\000\040\000A\000.\000S\000.\000D\000.\000\040\000S\000P\000O\000R\000T\000I\000N\000G\000\040\000C\000L\000U\000B}{}% 2497
\BOOKMARK [1][]{section.2498}{\376\377\000R\000C\0004\0000\0009\000:\000\040\000U\000L\000I\000M\000P\000\040\000A\000S\000D}{}% 2498
\BOOKMARK [1][]{section.2499}{\376\377\000R\000C\0004\0001\0002\000:\000\040\000A\000S\000D\000\040\000C\000O\000R\000R\000E\000R\000E\000\040\000E\000\040\000V\000I\000T\000A}{}% 2499
\BOOKMARK [1][]{section.2500}{\376\377\000R\000C\0004\0002\0001\000:\000\040\000A\000S\000D\000\040\000C\000A\000L\000A\000B\000R\000I\000A\000\040\000F\000I\000T\000W\000A\000L\000K\000I\000N\000G}{}% 2500
\BOOKMARK [1][]{section.2501}{\376\377\000R\000E\0001\0000\0005\000:\000\040\000G\000.\000S\000.\000S\000E\000L\000F\000\040\000A\000T\000L\000.\000\040\000M\000O\000N\000T\000A\000N\000A\000R\000I\000\040\000G\000R\000U\000Z\000Z\000A}{}% 2501
\BOOKMARK [1][]{section.2502}{\376\377\000R\000E\0001\0000\0006\000:\000\040\000C\000A\000L\000C\000E\000S\000T\000R\000U\000Z\000Z\000I\000\040\000C\000O\000R\000R\000A\000D\000I\000N\000I\000\040\000E\000X\000C\000E\000L\000S\000.}{}% 2502
\BOOKMARK [1][]{section.2503}{\376\377\000R\000E\0001\0000\0007\000:\000\040\000A\000T\000L\000E\000T\000I\000C\000A\000\040\000G\000U\000A\000S\000T\000A\000L\000L\000A\000\040\000R\000E\000G\000G\000I\000O\000L\000O}{}% 2503
\BOOKMARK [1][]{section.2504}{\376\377\000R\000E\0001\0000\0008\000:\000\040\000P\000O\000L\000.\000\040\000A\000R\000C\000E\000T\000O}{}% 2504
\BOOKMARK [1][]{section.2505}{\376\377\000R\000E\0001\0001\0001\000:\000\040\000M\000A\000R\000A\000T\000H\000O\000N\000\040\0006\0003\000\040\000V\000E\000Z\000Z\000A\000N\000O\000\040\000A\000T\000L\000.}{}% 2505
\BOOKMARK [1][]{section.2506}{\376\377\000R\000E\0001\0001\0003\000:\000\040\000A\000.\000A\000.\000\040\000G\000U\000A\000S\000T\000A\000L\000L\000A\000\040\000S\000I\000N\000T\000O\000F\000A\000R\000M}{}% 2506
\BOOKMARK [1][]{section.2507}{\376\377\000R\000E\0001\0002\0008\000:\000\040\000A\000T\000L\000.\000\040\000R\000E\000G\000G\000I\000O\000\040\000A\000S\000D}{}% 2507
\BOOKMARK [1][]{section.2508}{\376\377\000R\000E\0001\0002\0009\000:\000\040\000A\000T\000L\000E\000T\000I\000C\000A\000\040\000R\000E\000G\000G\000I\000O}{}% 2508
\BOOKMARK [1][]{section.2509}{\376\377\000R\000E\0001\0008\0007\000:\000\040\000A\000S\000S\000.\000\040\000P\000O\000L\000.\000\040\000S\000C\000A\000N\000D\000I\000A\000N\000E\000S\000E}{}% 2509
\BOOKMARK [1][]{section.2510}{\376\377\000R\000E\0002\0008\0009\000:\000\040\000J\000O\000G\000G\000I\000N\000G\000\040\000T\000E\000A\000M\000\040\000P\000A\000T\000E\000R\000L\000I\000N\000I}{}% 2510
\BOOKMARK [1][]{section.2511}{\376\377\000R\000E\0003\0004\0006\000:\000\040\000A\000T\000L\000.\000\040\000C\000A\000S\000T\000E\000L\000N\000O\000V\000O\000\040\000M\000O\000N\000T\000I}{}% 2511
\BOOKMARK [1][]{section.2512}{\376\377\000R\000E\0003\0004\0009\000:\000\040\000A\000T\000L\000E\000T\000I\000C\000A\000\040\000M\000O\000N\000T\000E\000C\000C\000H\000I\000O}{}% 2512
\BOOKMARK [1][]{section.2513}{\376\377\000R\000E\0003\0006\0002\000:\000\040\000P\000O\000D\000.\000\040\000B\000I\000A\000S\000O\000L\000A}{}% 2513
\BOOKMARK [1][]{section.2514}{\376\377\000R\000E\0003\0009\0002\000:\000\040\000S\000A\000M\000P\000O\000L\000E\000S\000E\000\040\000B\000A\000S\000K\000E\000T\000/\000V\000O\000L\000L\000E\000Y\000/\000A\000T\000L\000.}{}% 2514
\BOOKMARK [1][]{section.2515}{\376\377\000R\000E\0004\0000\0003\000:\000\040\000D\000E\000L\000T\000A\000\040\000A\000T\000L\000.\000\040\000S\000A\000S\000S\000U\000O\000L\000O}{}% 2515
\BOOKMARK [1][]{section.2516}{\376\377\000R\000E\0004\0007\0000\000:\000\040\000P\000O\000D\000I\000S\000T\000I\000C\000A\000\040\000C\000O\000R\000R\000E\000G\000G\000I\000O}{}% 2516
\BOOKMARK [1][]{section.2517}{\376\377\000R\000E\0004\0008\0003\000:\000\040\000T\000R\000I\000C\000O\000L\000O\000R\000E\000\040\000S\000P\000O\000R\000T\000\040\000M\000A\000R\000A\000T\000H\000O\000N\000\040\000A\000S\000D}{}% 2517
\BOOKMARK [1][]{section.2518}{\376\377\000R\000E\0004\0008\0005\000:\000\040\000V\000I\000V\000I\000'\000N\000\040\000S\000P\000O\000R\000T\000\040\000A\000T\000L\000E\000T\000I\000C\000A}{}% 2518
\BOOKMARK [1][]{section.2519}{\376\377\000R\000E\0005\0001\0003\000:\000\040\000P\000O\000L\000I\000S\000P\000O\000R\000T\000I\000V\000A\000\040\000L\000'\000A\000R\000E\000N\000A}{}% 2519
\BOOKMARK [1][]{section.2520}{\376\377\000R\000E\0005\0001\0004\000:\000\040\000P\000O\000L\000I\000S\000P\000O\000R\000T\000I\000V\000A\000\040\000R\000U\000B\000I\000E\000R\000A}{}% 2520
\BOOKMARK [1][]{section.2521}{\376\377\000R\000E\0005\0005\0005\000:\000\040\000A\000S\000D\000\040\000S\000P\000O\000R\000T\000I\000N\000S\000I\000E\000M\000E\000\040\000C\000A\000S\000T\000E\000L\000L\000A\000R\000A\000N\000O}{}% 2521
\BOOKMARK [1][]{section.2522}{\376\377\000R\000E\0006\0000\0009\000:\000\040\000A\000S\000D\000\040\000G\000E\000N\000T\000E\000\040\000I\000N\000\040\000M\000O\000V\000I\000M\000E\000N\000T\000O}{}% 2522
\BOOKMARK [1][]{section.2523}{\376\377\000R\000E\0006\0002\0004\000:\000\040\000P\000O\000L\000I\000S\000P\000O\000R\000T\000I\000V\000A\000\040\000B\000O\000R\000Z\000A\000N\000E\000S\000E\000\040\000A\000.\000S\000.\000D\000.}{}% 2523
\BOOKMARK [1][]{section.2524}{\376\377\000R\000G\0001\0001\0009\000:\000\040\000A\000.\000S\000.\000\040\000D\000I\000L\000.\000\040\000A\000T\000L\000E\000T\000I\000C\000A\000\040\000P\000A\000D\000U\000A\000\040\000R\000G}{}% 2524
\BOOKMARK [1][]{section.2525}{\376\377\000R\000G\0001\0006\0001\000:\000\040\000P\000O\000L\000.\000\040\000D\000I\000L\000E\000T\000T\000.\000\040\000U\000I\000S\000P}{}% 2525
\BOOKMARK [1][]{section.2526}{\376\377\000R\000G\0001\0006\0005\000:\000\040\000A\000.\000S\000.\000D\000.\000\040\000A\000T\000L\000E\000T\000I\000C\000A\000\040\000P\000E\000T\000R\000U\000L\000L\000I}{}% 2526
\BOOKMARK [1][]{section.2527}{\376\377\000R\000G\0001\0008\0008\000:\000\040\000A\000S\000S\000.\000\040\000P\000O\000L\000.\000\040\000L\000I\000B\000.\000\040\000F\000O\000L\000G\000O\000R\000E\000\040\000D\000I\000L\000.}{}% 2527
\BOOKMARK [1][]{section.2528}{\376\377\000R\000G\0001\0009\0000\000:\000\040\000A\000.\000S\000.\000D\000.\000A\000T\000L\000.\000S\000T\000U\000D\000E\000N\000T\000E\000S\000C\000A\000\040\000V\000I\000T\000T\000O\000R\000I\000A}{}% 2528
\BOOKMARK [1][]{section.2529}{\376\377\000R\000G\0002\0006\0002\000:\000\040\000A\000S\000D\000\040\000N\000O\000\040\000A\000L\000\040\000D\000O\000P\000I\000N\000G\000\040\000R\000A\000G\000U\000S\000A}{}% 2529
\BOOKMARK [1][]{section.2530}{\376\377\000R\000G\0002\0009\0008\000:\000\040\000A\000.\000S\000.\000D\000.\000\040\000T\000R\000Y\000\040\000S\000P\000O\000R\000T}{}% 2530
\BOOKMARK [1][]{section.2531}{\376\377\000R\000G\0003\0002\0006\000:\000\040\000A\000.\000S\000.\000D\000.\000P\000O\000L\000.\000\040\000U\000I\000S\000P\000\040\000S\000A\000N\000T\000A\000\040\000C\000R\000O\000C\000E}{}% 2531
\BOOKMARK [1][]{section.2532}{\376\377\000R\000G\0003\0003\0007\000:\000\040\000A\000.\000S\000.\000D\000.\000\040\000A\000T\000L\000E\000T\000I\000C\000A\000\040\0002\0000\0000\0005\000\040\000V\000I\000T\000T\000O\000R\000I\000A}{}% 2532
\BOOKMARK [1][]{section.2533}{\376\377\000R\000G\0004\0000\0002\000:\000\040\000A\000.\000S\000.\000\040\000D\000I\000L\000.\000\040\000A\000T\000L\000.\000\040\000L\000I\000B\000E\000R\000T\000A\000S\000\040\000S\000C\000I\000C\000L\000I}{}% 2533
\BOOKMARK [1][]{section.2534}{\376\377\000R\000G\0004\0001\0005\000:\000\040\000A\000.\000S\000.\000D\000.\000\040\000C\000U\000L\000T\000U\000R\000A\000L\000E\000\040\000P\000E\000P\000P\000E\000\040\000G\000R\000E\000C\000O}{}% 2534
\BOOKMARK [1][]{section.2535}{\376\377\000R\000G\0004\0002\0008\000:\000\040\000A\000S\000D\000\040\000I\000S\000P\000I\000C\000A\000\040\000R\000U\000N\000N\000I\000N\000G}{}% 2535
\BOOKMARK [1][]{section.2536}{\376\377\000R\000G\0004\0002\0009\000:\000\040\000A\000.\000S\000.\000\040\000D\000I\000L\000.\000\040\000M\000O\000D\000I\000P\000A\000\040\000A\000T\000H\000L\000E\000T\000I\000C\000\040\000C\000L\000U\000B}{}% 2536
\BOOKMARK [1][]{section.2537}{\376\377\000R\000G\0004\0004\0004\000:\000\040\000A\000.\000S\000.\000D\000.\000\040\000R\000U\000N\000N\000I\000N\000G\000\040\000M\000O\000D\000I\000C\000A}{}% 2537
\BOOKMARK [1][]{section.2538}{\376\377\000R\000G\0004\0005\0006\000:\000\040\000A\000.\000S\000.\000D\000.\000\040\000A\000T\000L\000.\000T\000R\000E\000\040\000C\000O\000L\000L\000I\000\040\000S\000C\000I\000C\000L\000I}{}% 2538
\BOOKMARK [1][]{section.2539}{\376\377\000R\000G\0004\0008\0008\000:\000\040\000A\000S\000D\000\040\000A\000T\000L\000E\000T\000I\000C\000A\000\040\000I\000B\000L\000E\000A\000\040\0002\0000\0001\0002}{}% 2539
\BOOKMARK [1][]{section.2540}{\376\377\000R\000G\0005\0008\0009\000:\000\040\000A\000.\000S\000.\000D\000.\000\040\000S\000C\000I\000C\000L\000I\000\040\000R\000U\000N\000N\000I\000N\000G}{}% 2540
\BOOKMARK [1][]{section.2541}{\376\377\000R\000G\0006\0001\0004\000:\000\040\000A\000.\000S\000.\000D\000.\000\040\000P\000O\000L\000.\000\040\000A\000T\000L\000E\000T\000I\000C\000A\000\040\000V\000I\000T\000T\000O\000R\000I\000A}{}% 2541
\BOOKMARK [1][]{section.2542}{\376\377\000R\000G\0007\0004\0003\000:\000\040\000A\000S\000D\000\040\000V\000I\000T\000T\000O\000R\000I\000A\000T\000L\000E\000T\000I\000C\000A}{}% 2542
\BOOKMARK [1][]{section.2543}{\376\377\000R\000G\0007\0004\0007\000:\000\040\000A\000.\000S\000.\000D\000.\000\040\000A\000T\000H\000L\000O\000N\000\040\000K\000A\000M\000A\000R\000I\000N\000A}{}% 2543
\BOOKMARK [1][]{section.2544}{\376\377\000R\000G\0007\0007\0003\000:\000\040\000R\000U\000N\000N\000I\000N\000G\000\040\000E\000M\000O\000T\000I\000O\000N\000\040\000A\000.\000S\000.\000D\000.}{}% 2544
\BOOKMARK [1][]{section.2545}{\376\377\000R\000G\0007\0008\0005\000:\000\040\000A\000.\000S\000.\000D\000.\000\040\000B\000A\000R\000O\000C\000C\000O\000\040\000R\000U\000N\000N\000I\000N\000G\000\040\000R\000A\000G\000U\000S\000A}{}% 2545
\BOOKMARK [1][]{section.2546}{\376\377\000R\000G\0007\0008\0007\000:\000\040\000A\000.\000P\000.\000D\000.\000\040\000U\000L\000T\000R\000A\000R\000U\000N\000N\000I\000N\000G\000\040\000R\000A\000G\000U\000S\000A}{}% 2546
\BOOKMARK [1][]{section.2547}{\376\377\000R\000G\0007\0009\0000\000:\000\040\000A\000S\000D\000\040\000I\000L\000C\000A\000S\000T\000E\000L\000L\000O\000\040\000C\000I\000T\000T\000A\000\040\000D\000I\000\040\000M\000O\000D\000I\000C\000A}{}% 2547
\BOOKMARK [1][]{section.2548}{\376\377\000R\000I\0002\0002\0001\000:\000\040\000O\000L\000I\000M\000P\000I\000A\000\040\000C\000A\000.\000R\000I\000.\000R\000I}{}% 2548
\BOOKMARK [1][]{section.2549}{\376\377\000R\000I\0002\0002\0003\000:\000\040\000A\000T\000L\000.\000S\000T\000U\000D\000.\000\040\000R\000I\000E\000T\000I\000\040\000A\000N\000D\000R\000E\000A\000\040\000M\000I\000L\000A\000R\000D\000I}{}% 2549
\BOOKMARK [1][]{section.2550}{\376\377\000R\000I\0002\0002\0004\000:\000\040\000G\000.\000S\000.\000\040\000F\000O\000R\000E\000S\000T\000A\000L\000E}{}% 2550
\BOOKMARK [1][]{section.2551}{\376\377\000R\000I\0002\0002\0007\000:\000\040\000A\000S\000D\000\040\000U\000.\000I\000.\000S\000.\000P\000.\000\040\000A\000T\000L\000E\000T\000I\000C\000A\000\040\000S\000A\000B\000I\000N\000I\000A}{}% 2551
\BOOKMARK [1][]{section.2552}{\376\377\000R\000I\0002\0002\0008\000:\000\040\000S\000A\000B\000I\000N\000A\000\040\000M\000A\000R\000A\000T\000H\000O\000N\000\040\000C\000L\000U\000B}{}% 2552
\BOOKMARK [1][]{section.2553}{\376\377\000R\000I\0002\0003\0009\000:\000\040\000F\000A\000R\000A\000T\000L\000E\000T\000I\000C\000A}{}% 2553
\BOOKMARK [1][]{section.2554}{\376\377\000R\000I\0002\0004\0000\000:\000\040\000A\000T\000L\000E\000T\000I\000C\000A\000\040\000O\000R\000O}{}% 2554
\BOOKMARK [1][]{section.2555}{\376\377\000R\000M\0000\0000\0002\000:\000\040\000G\000.\000S\000.\000\040\000F\000I\000A\000M\000M\000E\000\040\000A\000Z\000Z\000U\000R\000R\000E}{}% 2555
\BOOKMARK [1][]{section.2556}{\376\377\000R\000M\0000\0000\0004\000:\000\040\000R\000O\000M\000A\000\040\000R\000O\000A\000D\000\040\000R\000U\000N\000N\000E\000R\000S\000\040\000C\000L\000U\000B\000\040\000A\000S\000D}{}% 2556
\BOOKMARK [1][]{section.2557}{\376\377\000R\000M\0000\0000\0005\000:\000\040\000A\000T\000L\000.\000\040\000S\000A\000B\000A\000T\000I\000N\000A}{}% 2557
\BOOKMARK [1][]{section.2558}{\376\377\000R\000M\0000\0000\0006\000:\000\040\000A\000T\000L\000.\000\040\000A\000L\000I\000V\000\040\000R\000O\000M\000A}{}% 2558
\BOOKMARK [1][]{section.2559}{\376\377\000R\000M\0000\0000\0009\000:\000\040\000G\000.\000S\000.\000D\000.\000\040\000L\000I\000T\000A\000L}{}% 2559
\BOOKMARK [1][]{section.2560}{\376\377\000R\000M\0000\0001\0001\000:\000\040\000C\000.\000A\000.\000S\000.\000\040\000A\000C\000I\000L\000I\000A}{}% 2560
\BOOKMARK [1][]{section.2561}{\376\377\000R\000M\0000\0001\0004\000:\000\040\000A\000.\000S\000.\000D\000.\000\040\000L\000I\000B\000E\000R\000A\000T\000L\000E\000T\000I\000C\000A}{}% 2561
\BOOKMARK [1][]{section.2562}{\376\377\000R\000M\0000\0001\0005\000:\000\040\000U\000R\000B\000E\000\040\000J\000U\000N\000I\000O\000R\000\040\0001\0009\0005\0002}{}% 2562
\BOOKMARK [1][]{section.2563}{\376\377\000R\000M\0000\0001\0007\000:\000\040\000A\000T\000L\000.\000\040\000M\000O\000N\000T\000E\000\040\000M\000A\000R\000I\000O}{}% 2563
\BOOKMARK [1][]{section.2564}{\376\377\000R\000M\0000\0001\0009\000:\000\040\000P\000O\000L\000I\000S\000P\000O\000R\000T\000I\000V\000A\000\040\000G\000.\000\040\000C\000A\000S\000T\000E\000L\000L\000O}{}% 2564
\BOOKMARK [1][]{section.2565}{\376\377\000R\000M\0000\0002\0000\000:\000\040\000P\000O\000L\000.\000\040\000A\000I\000R\000O\000N\000E}{}% 2565
\BOOKMARK [1][]{section.2566}{\376\377\000R\000M\0000\0002\0004\000:\000\040\000A\000T\000L\000.\000\040\000V\000I\000C\000O\000V\000A\000R\000O}{}% 2566
\BOOKMARK [1][]{section.2567}{\376\377\000R\000M\0000\0002\0005\000:\000\040\000A\000T\000L\000E\000T\000I\000C\000A\000\040\000D\000E\000L\000\040\000P\000A\000R\000C\000O}{}% 2567
\BOOKMARK [1][]{section.2568}{\376\377\000R\000M\0000\0002\0006\000:\000\040\000L\000E\000P\000R\000O\000T\000T\000I\000\040\000D\000I\000\040\000V\000I\000L\000L\000A\000\040\000A\000D\000A}{}% 2568
\BOOKMARK [1][]{section.2569}{\376\377\000R\000M\0000\0002\0007\000:\000\040\000L\000I\000B\000.\000\040\000R\000O\000M\000A\000\040\000X\000V\000\040\000C\000I\000R\000C\000.\000N\000E}{}% 2569
\BOOKMARK [1][]{section.2570}{\376\377\000R\000M\0000\0002\0009\000:\000\040\000A\000T\000L\000E\000T\000I\000C\000A\000\040\000E\000N\000I}{}% 2570
\BOOKMARK [1][]{section.2571}{\376\377\000R\000M\0000\0003\0002\000:\000\040\000A\000.\000S\000.\000D\000.\000\040\000V\000I\000L\000L\000A\000\040\000D\000E\000\040\000S\000A\000N\000C\000T\000I\000S}{}% 2571
\BOOKMARK [1][]{section.2572}{\376\377\000R\000M\0000\0003\0004\000:\000\040\000A\000I\000C\000S\000\040\000M\000A\000R\000A\000T\000H\000O\000N\000\040\000R\000O\000M\000A}{}% 2572
\BOOKMARK [1][]{section.2573}{\376\377\000R\000M\0000\0003\0005\000:\000\040\000C\000I\000R\000C\000.\000C\000A\000N\000O\000T\000T\000I\000E\000R\000I\000\040\000T\000E\000V\000E\000R\000E\000\040\000R\000E\000M\000O}{}% 2573
\BOOKMARK [1][]{section.2574}{\376\377\000R\000M\0000\0003\0008\000:\000\040\000A\000.\000S\000.\000D\000.\000\040\000L\000Y\000C\000E\000U\000M\000\040\000R\000O\000M\000A\000\040\000X\000I\000I\000I}{}% 2574
\BOOKMARK [1][]{section.2575}{\376\377\000R\000M\0000\0004\0001\000:\000\040\000G\000S\000B\000R}{}% 2575
\BOOKMARK [1][]{section.2576}{\376\377\000R\000M\0000\0004\0002\000:\000\040\000C\000U\000S\000\040\000R\000O\000M\000A}{}% 2576
\BOOKMARK [1][]{section.2577}{\376\377\000R\000M\0000\0004\0004\000:\000\040\000A\000C\000S\000I\000\040\000P\000A\000L\000A\000T\000I\000N\000O\000\040\000C\000A\000M\000P\000I\000D\000O\000G\000L\000I\000O}{}% 2577
\BOOKMARK [1][]{section.2578}{\376\377\000R\000M\0000\0004\0005\000:\000\040\000G\000.\000S\000.\000D\000.\000\040\000K\0004\0002\000\040\000R\000O\000M\000A}{}% 2578
\BOOKMARK [1][]{section.2579}{\376\377\000R\000M\0000\0004\0006\000:\000\040\000A\000S\000D\000\040\000A\000C\000S\000I\000\040\000A\000T\000L\000E\000T\000I\000C\000A\000\040\000C\000A\000M\000P\000I\000D\000O\000G\000L\000I\000O}{}% 2579
\BOOKMARK [1][]{section.2580}{\376\377\000R\000M\0000\0004\0009\000:\000\040\000G\000.\000S\000.\000\040\000M\000E\000O\000\040\000P\000A\000T\000A\000C\000C\000A}{}% 2580
\BOOKMARK [1][]{section.2581}{\376\377\000R\000M\0000\0005\0000\000:\000\040\000S\000.\000S\000.\000\040\000L\000A\000Z\000I\000O\000\040\000A\000T\000L\000E\000T\000I\000C\000A\000\040\000L\000E\000G\000G\000E\000R\000A}{}% 2581
\BOOKMARK [1][]{section.2582}{\376\377\000R\000M\0000\0005\0001\000:\000\040\000C\000I\000R\000C\000O\000L\000O\000\040\000C\000A\000N\000O\000T\000T\000I\000E\000R\000I\000\040\000R\000O\000M\000A}{}% 2582
\BOOKMARK [1][]{section.2583}{\376\377\000R\000M\0000\0005\0002\000:\000\040\000C\000.\000S\000.\000\040\000E\000S\000E\000R\000C\000I\000T\000O}{}% 2583
\BOOKMARK [1][]{section.2584}{\376\377\000R\000M\0000\0005\0003\000:\000\040\000C\000.\000S\000.\000\040\000A\000E\000R\000O\000N\000A\000U\000T\000I\000C\000A\000\040\000M\000I\000L\000I\000T\000A\000R\000E}{}% 2584
\BOOKMARK [1][]{section.2585}{\376\377\000R\000M\0000\0005\0004\000:\000\040\000C\000L\000U\000B\000\040\000A\000T\000L\000E\000T\000I\000C\000O\000\040\000C\000E\000N\000T\000R\000A\000L\000E\000\040\000A\000S\000D}{}% 2585
\BOOKMARK [1][]{section.2586}{\376\377\000R\000M\0000\0005\0006\000:\000\040\000G\000.\000A\000.\000\040\000F\000I\000A\000M\000M\000E\000\040\000G\000I\000A\000L\000L\000E}{}% 2586
\BOOKMARK [1][]{section.2587}{\376\377\000R\000M\0000\0005\0007\000:\000\040\000F\000I\000A\000M\000M\000E\000\040\000G\000I\000A\000L\000L\000E\000\040\000G\000.\000\040\000S\000I\000M\000O\000N\000I}{}% 2587
\BOOKMARK [1][]{section.2588}{\376\377\000R\000M\0000\0005\0008\000:\000\040\000P\000O\000L\000.\000\040\000R\000O\000M\000A\000\040\000X\000I\000I\000I}{}% 2588
\BOOKMARK [1][]{section.2589}{\376\377\000R\000M\0000\0006\0003\000:\000\040\000F\000A\000S\000H\000I\000O\000N\000\040\000S\000P\000O\000R\000T\000I\000N\000G\000\040\000T\000E\000A\000M\000\040\000R\000O\000M\000A}{}% 2589
\BOOKMARK [1][]{section.2590}{\376\377\000R\000M\0000\0006\0008\000:\000\040\000T\000I\000R\000R\000E\000N\000O\000\040\000A\000T\000L\000E\000T\000I\000C\000A\000\040\000C\000I\000V\000I\000T\000A\000V\000E\000C\000C\000H\000I\000A}{}% 2590
\BOOKMARK [1][]{section.2591}{\376\377\000R\000M\0000\0006\0009\000:\000\040\000A\000.\000S\000.\000D\000.\000\040\000P\000O\000D\000I\000S\000T\000I\000C\000A\000\040\000S\000O\000L\000I\000D\000A\000R\000I\000E\000T\000A\000'}{}% 2591
\BOOKMARK [1][]{section.2592}{\376\377\000R\000M\0000\0007\0000\000:\000\040\000V\000I\000L\000L\000A\000\040\000F\000L\000A\000M\000I\000N\000I\000A\000\040\000S\000P\000O\000R\000T\000\040\000S\000R\000L}{}% 2592
\BOOKMARK [1][]{section.2593}{\376\377\000R\000M\0000\0007\0001\000:\000\040\000A\000.\000S\000.\000D\000.\000\040\000K\000R\000O\000N\000O\000S\000\040\000R\000O\000M\000A}{}% 2593
\BOOKMARK [1][]{section.2594}{\376\377\000R\000M\0000\0007\0002\000:\000\040\000S\000.\000S\000.\000\040\000A\000T\000L\000E\000T\000I\000C\000A\000\040\0007\0008}{}% 2594
\BOOKMARK [1][]{section.2595}{\376\377\000R\000M\0000\0007\0003\000:\000\040\000P\000O\000L\000.\000\040\000U\000N\000I\000V\000E\000R\000S\000I\000T\000A\000'\000\040\000F\000O\000R\000O\000\040\000I\000T\000A\000L\000I\000C\000O}{}% 2595
\BOOKMARK [1][]{section.2596}{\376\377\000R\000M\0000\0007\0004\000:\000\040\000R\000I\000F\000O\000N\000D\000A\000Z\000I\000O\000N\000E\000\040\000P\000O\000D\000I\000S\000T\000I\000C\000A}{}% 2596
\BOOKMARK [1][]{section.2597}{\376\377\000R\000M\0000\0008\0002\000:\000\040\000A\000S\000D\000\040\000A\000T\000L\000E\000T\000I\000C\000O\000\040\000M\000O\000N\000T\000E\000R\000O\000T\000O\000N\000D\000O}{}% 2597
\BOOKMARK [1][]{section.2598}{\376\377\000R\000M\0000\0009\0004\000:\000\040\000I\000T\000A\000L\000I\000A\000\040\000M\000A\000R\000A\000T\000H\000O\000N\000\040\000C\000L\000U\000B\000\040\000S\000S\000D\000R\000L}{}% 2598
\BOOKMARK [1][]{section.2599}{\376\377\000R\000M\0000\0009\0006\000:\000\040\000P\000O\000L\000.\000\040\000S\000T\000E\000L\000L\000A\000\040\000P\000O\000L\000A\000R\000E}{}% 2599
\BOOKMARK [1][]{section.2600}{\376\377\000R\000M\0000\0009\0009\000:\000\040\000A\000T\000L\000.\000V\000I\000L\000L\000A\000\040\000G\000O\000R\000D\000I\000A\000N\000I\000-\000G\000.\000C\000A\000S\000T\000E\000L\000L\000O}{}% 2600
\BOOKMARK [1][]{section.2601}{\376\377\000R\000M\0001\0000\0003\000:\000\040\000A\000.\000S\000.\000D\000.\000\040\000T\000R\000A\000\040\000L\000E\000\040\000R\000I\000G\000H\000E}{}% 2601
\BOOKMARK [1][]{section.2602}{\376\377\000R\000M\0001\0000\0005\000:\000\040\000A\000T\000L\000.\000\040\000C\000O\000L\000O\000S\000S\000E\000O\000\040\0002\0000\0000\0000}{}% 2602
\BOOKMARK [1][]{section.2603}{\376\377\000R\000M\0001\0000\0006\000:\000\040\000G\000I\000O\000V\000A\000N\000N\000I\000\040\000S\000C\000A\000V\000O\000\040\0002\0000\0000\0000\000\040\000A\000T\000L\000.}{}% 2603
\BOOKMARK [1][]{section.2604}{\376\377\000R\000M\0001\0001\0003\000:\000\040\000A\000S\000D\000\040\000N\000I\000S\000S\000O\000L\000I\000N\000O\000\040\000A\000T\000L\000.\000\040\000A\000R\000E\000A\000\040\000R\000O\000M\000A}{}% 2604
\BOOKMARK [1][]{section.2605}{\376\377\000R\000M\0001\0001\0005\000:\000\040\000A\000S\000D\000\040\000A\000T\000L\000E\000T\000I\000C\000A\000\040\000L\000A\000\040\000S\000B\000A\000R\000R\000A\000\040\000R\000O\000M\000A}{}% 2605
\BOOKMARK [1][]{section.2606}{\376\377\000R\000M\0001\0002\0000\000:\000\040\000P\000O\000L\000I\000S\000P\000O\000R\000T\000I\000V\000A\000\040\000D\000E\000C\000A\000T\000H\000L\000O\000N\000\040\000A\000S\000S\000I}{}% 2606
\BOOKMARK [1][]{section.2607}{\376\377\000R\000M\0001\0002\0005\000:\000\040\000A\000.\000S\000.\000D\000.\000\040\000M\000E\000D\000I\000T\000E\000R\000R\000A\000N\000E\000A}{}% 2607
\BOOKMARK [1][]{section.2608}{\376\377\000R\000M\0001\0002\0009\000:\000\040\000D\000U\000E\000\040\000P\000O\000N\000T\000I\000\040\000S\000S\000D\000\040\000A\000\040\000R\000.\000L\000.}{}% 2608
\BOOKMARK [1][]{section.2609}{\376\377\000R\000M\0001\0003\0001\000:\000\040\000A\000.\000S\000.\000D\000.\000\040\000A\000C\000S\000I\000\040\000F\000U\000T\000U\000R\000A\000T\000L\000E\000T\000I\000C\000A}{}% 2609
\BOOKMARK [1][]{section.2610}{\376\377\000R\000M\0001\0004\0001\000:\000\040\000A\000.\000S\000.\000\040\000A\000M\000A\000T\000O\000R\000I\000\040\000V\000I\000L\000L\000A\000\040\000P\000A\000M\000P\000H\000I\000L\000I}{}% 2610
\BOOKMARK [1][]{section.2611}{\376\377\000R\000M\0001\0004\0003\000:\000\040\000G\000.\000S\000.\000\040\000V\000V\000.\000F\000.\000\040\000R\000O\000M\000A\000\040\000S\000E\000Z\000.\000\040\000P\000O\000D\000I\000S\000M\000O}{}% 2611
\BOOKMARK [1][]{section.2612}{\376\377\000R\000M\0001\0004\0006\000:\000\040\000S\000T\000A\000T\000O\000\040\000M\000A\000G\000G\000I\000O\000R\000E\000\040\000E\000S\000E\000R\000C\000I\000T\000O\000\040\000D\000A\000R}{}% 2612
\BOOKMARK [1][]{section.2613}{\376\377\000R\000M\0001\0004\0007\000:\000\040\000A\000T\000L\000E\000T\000I\000C\000A\000\040\000T\000I\000B\000U\000R\000T\000I\000N\000A}{}% 2613
\BOOKMARK [1][]{section.2614}{\376\377\000R\000M\0001\0005\0008\000:\000\040\000R\000E\000T\000I\000\040\000R\000U\000N\000N\000E\000R\000S\000\040\000F\000O\000O\000T\000W\000O\000R\000K\000S}{}% 2614
\BOOKMARK [1][]{section.2615}{\376\377\000R\000M\0001\0005\0009\000:\000\040\000A\000S\000.\000T\000R\000A\000.\000\040\000R\000O\000M\000A}{}% 2615
\BOOKMARK [1][]{section.2616}{\376\377\000R\000M\0001\0006\0001\000:\000\040\000A\000T\000L\000.\000\040\000R\000O\000M\000A\000\040\000A\000C\000Q\000U\000A\000C\000E\000T\000O\000S\000A}{}% 2616
\BOOKMARK [1][]{section.2617}{\376\377\000R\000M\0001\0006\0002\000:\000\040\000A\000T\000L\000E\000T\000I\000C\000A\000T}{}% 2617
\BOOKMARK [1][]{section.2618}{\376\377\000R\000M\0001\0006\0005\000:\000\040\000U\000.\000S\000.\000\040\000R\000O\000M\000A\000\040\0008\0003}{}% 2618
\BOOKMARK [1][]{section.2619}{\376\377\000R\000M\0001\0006\0006\000:\000\040\000C\000I\000R\000C\000O\000L\000O\000\040\000V\000I\000L\000L\000A\000\040\000S\000P\000A\000D\000A\000\040\000G\000.\000D\000I\000\040\000F\000.}{}% 2619
\BOOKMARK [1][]{section.2620}{\376\377\000R\000M\0001\0007\0003\000:\000\040\000L\000B\000M\000\040\000S\000P\000O\000R\000T\000\040\000T\000E\000A\000M}{}% 2620
\BOOKMARK [1][]{section.2621}{\376\377\000R\000M\0001\0007\0005\000:\000\040\000A\000.\000S\000.\000\040\000M\000I\000N\000E\000R\000V\000A\000\040\000R\000O\000M\000A\000\040\000A\000T\000L\000E\000T\000I\000C\000A}{}% 2621
\BOOKMARK [1][]{section.2622}{\376\377\000R\000M\0001\0007\0006\000:\000\040\000R\000U\000N\000N\000I\000N\000G\000\040\000C\000L\000U\000B\000\040\000M\000A\000R\000A\000T\000O\000N\000A\000\040\000D\000I\000\040\000R\000O\000M\000A}{}% 2622
\BOOKMARK [1][]{section.2623}{\376\377\000R\000M\0001\0007\0008\000:\000\040\000G\000.\000S\000.\000\040\000P\000O\000D\000.\000\040\000P\000R\000E\000N\000E\000S\000T\000E}{}% 2623
\BOOKMARK [1][]{section.2624}{\376\377\000R\000M\0001\0007\0009\000:\000\040\000P\000O\000D\000I\000S\000T\000I\000C\000A\000\040\000O\000S\000T\000I\000A}{}% 2624
\BOOKMARK [1][]{section.2625}{\376\377\000R\000M\0001\0008\0003\000:\000\040\000A\000S\000D\000\040\000L\000A\000Z\000I\000O\000\040\000O\000L\000I\000M\000P\000I\000A\000\040\000R\000U\000N\000N\000E\000R\000S\000\040\000T\000E\000A\000M}{}% 2625
\BOOKMARK [1][]{section.2626}{\376\377\000R\000M\0001\0008\0005\000:\000\040\000O\000.\000S\000.\000O\000.\000\040\000O\000L\000D\000\040\000S\000T\000A\000R\000S\000\040\000O\000S\000O}{}% 2626
\BOOKMARK [1][]{section.2627}{\376\377\000R\000M\0001\0008\0006\000:\000\040\000A\000T\000L\000E\000T\000I\000C\000A\000\040\000F\000I\000A\000N\000O\000\040\000R\000O\000M\000A\000N\000O}{}% 2627
\BOOKMARK [1][]{section.2628}{\376\377\000R\000M\0001\0008\0007\000:\000\040\000A\000S\000D\000\040\000P\000O\000D\000I\000S\000T\000I\000C\000A\000\040\0002\0000\0000\0007\000\040\000T\000O\000R\000T\000R\000E\000T\000E\000S\000T\000E}{}% 2628
\BOOKMARK [1][]{section.2629}{\376\377\000R\000M\0001\0008\0008\000:\000\040\000M\000A\000R\000A\000T\000H\000O\000N\000\040\000R\000O\000M\000A\000\040\000C\000A\000S\000T\000E\000L\000F\000U\000S\000A\000N\000O}{}% 2629
\BOOKMARK [1][]{section.2630}{\376\377\000R\000M\0001\0008\0009\000:\000\040\000G\000.\000S\000.\000\040\000C\000A\000T\000\040\000S\000P\000O\000R\000T\000\040\000R\000O\000M\000A}{}% 2630
\BOOKMARK [1][]{section.2631}{\376\377\000R\000M\0001\0009\0002\000:\000\040\000A\000.\000S\000.\000D\000.\000\040\000V\000I\000L\000L\000A\000\040\000A\000D\000A}{}% 2631
\BOOKMARK [1][]{section.2632}{\376\377\000R\000M\0001\0009\0005\000:\000\040\000R\000U\000N\000N\000I\000N\000G\000\040\000C\000L\000U\000B\000\040\000F\000U\000T\000U\000R\000A}{}% 2632
\BOOKMARK [1][]{section.2633}{\376\377\000R\000M\0001\0009\0006\000:\000\040\000A\000.\000S\000.\000D\000.\000\040\000A\000T\000L\000.\000\040\000V\000I\000L\000L\000A\000\040\000G\000U\000G\000L\000I\000E\000L\000M\000I}{}% 2633
\BOOKMARK [1][]{section.2634}{\376\377\000R\000M\0001\0009\0009\000:\000\040\000R\000.\000S\000.\000\040\000A\000T\000L\000E\000T\000I\000C\000A\000\040\0002\0000\0000\0004}{}% 2634
\BOOKMARK [1][]{section.2635}{\376\377\000R\000M\0002\0000\0008\000:\000\040\000C\000I\000R\000C\000O\000L\000O\000\040\000C\000A\000N\000O\000T\000T\000I\000E\000R\000I\000\040\000A\000N\000I\000E\000N\000E}{}% 2635
\BOOKMARK [1][]{section.2636}{\376\377\000R\000M\0002\0001\0000\000:\000\040\000C\000.\000\040\000M\000A\000G\000I\000S\000T\000R\000A\000T\000I\000\040\000C\000O\000R\000T\000E\000\040\000D\000E\000I\000\040\000C\000O\000N\000T\000I}{}% 2636
\BOOKMARK [1][]{section.2637}{\376\377\000R\000M\0002\0001\0002\000:\000\040\000O\000L\000I\000M\000P\000I\000A\000\040\0002\0000\0000\0004}{}% 2637
\BOOKMARK [1][]{section.2638}{\376\377\000R\000M\0002\0001\0007\000:\000\040\000A\000.\000S\000.\000D\000.\000\040\000A\000T\000L\000E\000T\000I\000C\000A\000\040\000A\000S\000I\000\040\000R\000O\000M\000A}{}% 2638
\BOOKMARK [1][]{section.2639}{\376\377\000R\000M\0002\0001\0008\000:\000\040\000A\000L\000\040\000S\000P\000O\000R\000T\000\040\000\046\000\040\000G\000I\000O\000V\000A\000N\000I\000\040\000A\000S\000D}{}% 2639
\BOOKMARK [1][]{section.2640}{\376\377\000R\000M\0002\0002\0003\000:\000\040\000A\000T\000L\000E\000T\000I\000C\000A\000\040\000A\000S\000G\000A\000R\000D}{}% 2640
\BOOKMARK [1][]{section.2641}{\376\377\000R\000M\0002\0002\0008\000:\000\040\000P\000G\000S\000\040\000B\000O\000R\000G\000O\000\040\000D\000O\000N\000\040\000B\000O\000S\000C\000O}{}% 2641
\BOOKMARK [1][]{section.2642}{\376\377\000R\000M\0002\0003\0002\000:\000\040\000A\000S\000D\000\040\000R\000O\000M\000A\000T\000L\000E\000T\000I\000C\000A}{}% 2642
\BOOKMARK [1][]{section.2643}{\376\377\000R\000M\0002\0003\0007\000:\000\040\000A\000T\000L\000E\000T\000I\000C\000A\000\040\000D\000E\000I\000\040\000G\000E\000L\000S\000I}{}% 2643
\BOOKMARK [1][]{section.2644}{\376\377\000R\000M\0002\0004\0000\000:\000\040\000V\000I\000L\000L\000A\000\040\000A\000D\000A\000\040\000G\000R\000E\000E\000N\000\040\000R\000U\000N\000N\000E\000R}{}% 2644
\BOOKMARK [1][]{section.2645}{\376\377\000R\000M\0002\0004\0001\000:\000\040\000C\000O\000R\000S\000A\000\040\000D\000E\000I\000\040\000S\000A\000N\000T\000I}{}% 2645
\BOOKMARK [1][]{section.2646}{\376\377\000R\000M\0002\0004\0002\000:\000\040\000P\000O\000D\000I\000S\000T\000I\000C\000A\000\040\000E\000R\000E\000T\000U\000M}{}% 2646
\BOOKMARK [1][]{section.2647}{\376\377\000R\000M\0002\0004\0003\000:\000\040\000S\000P\000O\000R\000T\000\040\000R\000A\000C\000E\000\040\000S\000.\000S\000.\000D\000.\000\040\000A\000\040\000R\000.\000L\000.}{}% 2647
\BOOKMARK [1][]{section.2648}{\376\377\000R\000M\0002\0004\0004\000:\000\040\000A\000T\000L\000E\000T\000I\000C\000A\000\040\000P\000E\000G\000A\000S\000O}{}% 2648
\BOOKMARK [1][]{section.2649}{\376\377\000R\000M\0002\0004\0005\000:\000\040\000A\000.\000S\000.\000D\000.\000\040\000E\000S\000E\000R\000C\000I\000T\000O\000\040\000C\000E\000C\000C\000H\000I\000G\000N\000O\000L\000A}{}% 2649
\BOOKMARK [1][]{section.2650}{\376\377\000R\000M\0002\0004\0006\000:\000\040\000A\000.\000S\000.\000D\000.\000\040\000A\000T\000L\000.\000R\000U\000N\000\040\000B\000O\000Y\000S\000\040\000O\000S\000T\000I\000A}{}% 2650
\BOOKMARK [1][]{section.2651}{\376\377\000R\000M\0002\0004\0009\000:\000\040\000A\000.\000S\000.\000D\000.\000\040\000P\000O\000N\000T\000E\000\040\000D\000I\000\040\000N\000O\000N\000A}{}% 2651
\BOOKMARK [1][]{section.2652}{\376\377\000R\000M\0002\0005\0000\000:\000\040\000G\000R\000U\000P\000P\000O\000\040\000M\000I\000L\000L\000E\000P\000I\000E\000D\000I}{}% 2652
\BOOKMARK [1][]{section.2653}{\376\377\000R\000M\0002\0005\0003\000:\000\040\000T\000O\000R\000R\000I\000N\000O\000\040\000T\000R\000I\000A\000T\000H\000L\000O\000N\000\040\000T\000E\000A\000M}{}% 2653
\BOOKMARK [1][]{section.2654}{\376\377\000R\000M\0002\0005\0005\000:\000\040\000T\000I\000V\000O\000L\000I\000\040\000M\000A\000R\000A\000T\000H\000O\000N}{}% 2654
\BOOKMARK [1][]{section.2655}{\376\377\000R\000M\0002\0005\0007\000:\000\040\000A\000.\000S\000.\000D\000\040\000U\000.\000S\000.\000\040\000A\000C\000L\000I\000\040\0003\000\040\000M\000I\000L\000L\000E\000N\000N\000I\000O}{}% 2655
\BOOKMARK [1][]{section.2656}{\376\377\000R\000M\0002\0005\0009\000:\000\040\000F\000A\000R\000T\000L\000E\000K\000\040\000O\000S\000T\000I\000A}{}% 2656
\BOOKMARK [1][]{section.2657}{\376\377\000R\000M\0002\0006\0002\000:\000\040\000F\000A\000S\000H\000I\000O\000N\000S\000P\000O\000R\000T}{}% 2657
\BOOKMARK [1][]{section.2658}{\376\377\000R\000M\0002\0006\0003\000:\000\040\0001\000/\0002\000\040\000M\000A\000R\000A\000T\000O\000N\000A\000\040\000A\000\040\000S\000T\000A\000F\000F\000E\000T\000T\000A}{}% 2658
\BOOKMARK [1][]{section.2659}{\376\377\000R\000M\0002\0006\0004\000:\000\040\000A\000S\000D\000\040\000R\000O\000M\000A\000\040\000D\000I\000\040\000A\000T\000L\000E\000T\000I\000C\000A\000\040\000L\000E\000G\000G\000E\000R\000A}{}% 2659
\BOOKMARK [1][]{section.2660}{\376\377\000R\000M\0002\0006\0006\000:\000\040\000A\000.\000S\000.\000D\000.\000\040\000G\000S\000B\000R\000\040\000Y\000O\000U\000N\000G\000\040\000T\000E\000A\000M}{}% 2660
\BOOKMARK [1][]{section.2661}{\376\377\000R\000M\0002\0006\0007\000:\000\040\000C\000A\000L\000C\000A\000T\000E\000R\000R\000A\000\040\000S\000P\000O\000R\000T\000\040\000A\000S\000D}{}% 2661
\BOOKMARK [1][]{section.2662}{\376\377\000R\000M\0002\0006\0009\000:\000\040\000A\000.\000S\000.\000D\000.\000\040\000M\000A\000G\000I\000C\000\040\000T\000R\000A\000I\000N\000I\000N\000G}{}% 2662
\BOOKMARK [1][]{section.2663}{\376\377\000R\000M\0002\0007\0000\000:\000\040\000P\000F\000I\000Z\000E\000R\000\040\000I\000T\000A\000L\000I\000A\000\040\000R\000U\000N\000N\000I\000N\000G\000\040\000T\000E\000A\000M}{}% 2663
\BOOKMARK [1][]{section.2664}{\376\377\000R\000M\0002\0007\0001\000:\000\040\000H\000E\000R\000C\000U\000L\000E\000S\000\040\000A\000S\000D}{}% 2664
\BOOKMARK [1][]{section.2665}{\376\377\000R\000M\0002\0007\0002\000:\000\040\000A\000.\000S\000.\000D\000.\000\040\000O\000L\000I\000M\000P\000I\000A\000E\000U\000R\000\040\000C\000A\000M\000P}{}% 2665
\BOOKMARK [1][]{section.2666}{\376\377\000R\000M\0002\0007\0003\000:\000\040\000A\000.\000S\000.\000D\000.\000\040\000S\000M\000A\000C\000L\000I\000B\000E\000R\000T\000Y}{}% 2666
\BOOKMARK [1][]{section.2667}{\376\377\000R\000M\0002\0007\0004\000:\000\040\000O\000R\000I\000Z\000Z\000O\000N\000T\000E\000\040\000S\000P\000O\000R\000T\000\040\0002\0000\0001\0002}{}% 2667
\BOOKMARK [1][]{section.2668}{\376\377\000R\000M\0002\0007\0005\000:\000\040\000A\000T\000L\000E\000T\000I\000C\000A\000\040\000I\000N\000P\000S}{}% 2668
\BOOKMARK [1][]{section.2669}{\376\377\000R\000M\0002\0007\0006\000:\000\040\000A\000T\000L\000E\000T\000I\000C\000O\000M\000\040\000A\000S\000D}{}% 2669
\BOOKMARK [1][]{section.2670}{\376\377\000R\000M\0002\0007\0008\000:\000\040\000A\000S\000D\000\040\000A\000T\000L\000E\000T\000I\000C\000A\000\040\000S\000A\000N\000T\000A\000\040\000M\000A\000R\000I\000N\000E\000L\000L\000A}{}% 2670
\BOOKMARK [1][]{section.2671}{\376\377\000R\000M\0002\0008\0000\000:\000\040\000A\000S\000D\000\040\000P\000G\000S\000\040\000S\000A\000N\000T\000A\000\040\000G\000E\000M\000M\000A}{}% 2671
\BOOKMARK [1][]{section.2672}{\376\377\000R\000M\0002\0008\0001\000:\000\040\000S\000S\000D\000\040\000R\000U\000N\000N\000E\000R\000\040\000T\000R\000A\000I\000N\000E\000R\000\040\000A\000\040\000R\000.\000L\000.}{}% 2672
\BOOKMARK [1][]{section.2673}{\376\377\000R\000M\0002\0008\0002\000:\000\040\000A\000S\000D\000\040\000G\000U\000I\000D\000A\000\040\000S\000I\000C\000U\000R\000A}{}% 2673
\BOOKMARK [1][]{section.2674}{\376\377\000R\000M\0002\0008\0003\000:\000\040\000A\000.\000S\000.\000D\000.\000\040\000R\000U\000N}{}% 2674
\BOOKMARK [1][]{section.2675}{\376\377\000R\000M\0002\0008\0005\000:\000\040\000U\000.\000S\000.\000\040\000S\000T\000A\000N\000D\000A\000R\000D\000\040\000T\000O\000R\000\040\000V\000E\000R\000G\000A\000T\000A}{}% 2675
\BOOKMARK [1][]{section.2676}{\376\377\000R\000M\0002\0008\0009\000:\000\040\000V\000I\000R\000T\000U\000S\000\040\000V\000I\000L\000L\000A\000\040\000A\000D\000A\000\040\000F\000A\000S\000H\000I\000O\000N\000\040\000S\000P\000O\000R\000T}{}% 2676
\BOOKMARK [1][]{section.2677}{\376\377\000R\000M\0002\0009\0001\000:\000\040\000A\000.\000S\000.\000D\000.\000\040\000A\000T\000H\000L\000I\000O\000N\000\040\000R\000O\000M\000A}{}% 2677
\BOOKMARK [1][]{section.2678}{\376\377\000R\000M\0002\0009\0003\000:\000\040\000J\000U\000V\000E\000N\000I\000A\000\040\000S\000S\000D\000\040\000A\000.\000R\000.\000L\000.}{}% 2678
\BOOKMARK [1][]{section.2679}{\376\377\000R\000M\0002\0009\0004\000:\000\040\000F\000O\000R\000H\000A\000N\000S\000\040\000T\000E\000A\000M}{}% 2679
\BOOKMARK [1][]{section.2680}{\376\377\000R\000M\0002\0009\0005\000:\000\040\000P\000O\000D\000I\000S\000T\000I\000C\000A\000\040\000M\000A\000R\000E\000\040\000D\000I\000\040\000R\000O\000M\000A}{}% 2680
\BOOKMARK [1][]{section.2681}{\376\377\000R\000M\0002\0009\0007\000:\000\040\000P\000L\000A\000N\000E\000T\000\040\000S\000P\000O\000R\000T\000\040\000R\000U\000N\000N\000I\000N\000G}{}% 2681
\BOOKMARK [1][]{section.2682}{\376\377\000R\000M\0002\0009\0008\000:\000\040\000A\000S\000D\000\040\000V\000I\000T\000A\000M\000I\000N\000A\000\040\000R\000U\000N\000N\000I\000N\000G\000\040\000T\000E\000A\000M}{}% 2682
\BOOKMARK [1][]{section.2683}{\376\377\000R\000M\0002\0009\0009\000:\000\040\000F\000O\000R\000U\000M\000\040\000S\000P\000O\000R\000T\000\040\000C\000E\000N\000T\000E\000R\000\040\000S\000S\000D\000\040\000S\000R\000L}{}% 2683
\BOOKMARK [1][]{section.2684}{\376\377\000R\000M\0003\0000\0001\000:\000\040\000V\000A\000L\000O\000R\000E\000\040\000S\000A\000L\000U\000T\000E\000,\000\040\000F\000O\000R\000T\000I\000\040\000E\000\040\000V\000E\000L\000O\000C\000I}{}% 2684
\BOOKMARK [1][]{section.2685}{\376\377\000R\000M\0003\0000\0003\000:\000\040\000A\000.\000S\000.\000D\000.\000\040\000I\000L\000\040\000C\000A\000M\000P\000A\000N\000I\000L\000E}{}% 2685
\BOOKMARK [1][]{section.2686}{\376\377\000R\000M\0003\0000\0004\000:\000\040\000A\000.\000S\000.\000D\000.\000\040\000M\000O\000S\000\040\000M\000A\000I\000O\000R\000U\000M}{}% 2686
\BOOKMARK [1][]{section.2687}{\376\377\000R\000M\0003\0000\0008\000:\000\040\000A\000.\000S\000.\000D\000.\000\040\000T\000I\000B\000U\000R\000\040\000R\000U\000N\000N\000E\000R\000S}{}% 2687
\BOOKMARK [1][]{section.2688}{\376\377\000R\000M\0003\0001\0000\000:\000\040\000A\000.\000S\000.\000D\000.\000\040\000E\000A\000S\000Y\000\040\000S\000P\000E\000E\000D\000\040\000N\000O\000V\000A}{}% 2688
\BOOKMARK [1][]{section.2689}{\376\377\000R\000M\0003\0001\0001\000:\000\040\000P\000U\000R\000O\000S\000A\000N\000G\000U\000E\000\040\000A\000T\000H\000L\000E\000T\000I\000C\000S\000\040\000C\000L\000U\000B}{}% 2689
\BOOKMARK [1][]{section.2690}{\376\377\000R\000M\0003\0001\0002\000:\000\040\000A\000S\000D\000\040\000C\000I\000R\000C\000O\000L\000O\000\040\000M\000I\000N\000.\000\040\000A\000F\000F\000A\000R\000I\000\040\000E\000S\000T\000E\000R\000I}{}% 2690
\BOOKMARK [1][]{section.2691}{\376\377\000R\000M\0003\0001\0003\000:\000\040\000N\000R\000F\000I\000S\000I\000O\000A\000T\000L\000E\000T\000I\000C\000A\000\040\000A\000S\000S\000.\000\040\000D\000I\000L\000.}{}% 2691
\BOOKMARK [1][]{section.2692}{\376\377\000R\000M\0003\0001\0005\000:\000\040\000A\000S\000D\000\040\000R\000U\000N\000N\000E\000R\000S\000\040\000F\000O\000R\000\040\000E\000M\000E\000R\000G\000E\000N\000C\000Y}{}% 2692
\BOOKMARK [1][]{section.2693}{\376\377\000R\000M\0003\0001\0007\000:\000\040\000L\000E\000T\000'\000S\000\040\000M\000O\000V\000E\000\040\000R\000U\000N\000N\000I\000N\000G}{}% 2693
\BOOKMARK [1][]{section.2694}{\376\377\000R\000M\0003\0002\0000\000:\000\040\000I\000P\000P\000O\000L\000I\000F\000E\000\040\000S\000.\000S\000.\000D\000.\000\040\000A\000\040\000R\000.\000L\000.}{}% 2694
\BOOKMARK [1][]{section.2695}{\376\377\000R\000M\0003\0002\0001\000:\000\040\000G\000R\000U\000P\000P\000O\000\040\000M\000I\000L\000L\000E\000P\000I\000E\000D\000I}{}% 2695
\BOOKMARK [1][]{section.2696}{\376\377\000R\000M\0003\0002\0003\000:\000\040\000H\000E\000R\000C\000U\000L\000E\000S\000\040\000A\000T\000L\000E\000T\000I\000C\000A\000\040\000S\000P\000R\000I\000N\000T\000\040\000A\000S\000D}{}% 2696
\BOOKMARK [1][]{section.2697}{\376\377\000R\000M\0003\0002\0005\000:\000\040\000A\000.\000S\000.\000D\000.\000\040\000J\000U\000S\000T\000\040\000R\000U\000N}{}% 2697
\BOOKMARK [1][]{section.2698}{\376\377\000R\000M\0003\0002\0006\000:\000\040\000A\000.\000S\000.\000D\000.\000\040\000T\000E\000C\000N\000O\000-\000S\000P\000O\000R\000T}{}% 2698
\BOOKMARK [1][]{section.2699}{\376\377\000R\000M\0003\0002\0007\000:\000\040\000A\000S\000D\000\040\000P\000I\000A\000N\000O\000\040\000M\000A\000\040\000A\000R\000R\000I\000V\000I\000A\000M\000O}{}% 2699
\BOOKMARK [1][]{section.2700}{\376\377\000R\000M\0003\0002\0008\000:\000\040\000C\000A\000R\000A\000C\000A\000L\000L\000A\000\040\000A\000T\000L\000E\000T\000I\000C\000A\000\040\000A\000.\000S\000.\000D\000.}{}% 2700
\BOOKMARK [1][]{section.2701}{\376\377\000R\000M\0003\0003\0001\000:\000\040\000A\000.\000S\000.\000D\000.\000\040\000B\000O\000O\000M\000\040\000B\000A\000R\000\040\000O\000S\000T\000I\000A\000\040\000R\000U\000N\000N\000E\000R}{}% 2701
\BOOKMARK [1][]{section.2702}{\376\377\000R\000M\0003\0003\0002\000:\000\040\000A\000.\000S\000.\000D\000.\000\040\000R\000I\000N\000C\000O\000R\000R\000O}{}% 2702
\BOOKMARK [1][]{section.2703}{\376\377\000R\000M\0003\0003\0003\000:\000\040\000L\000U\000I\000S\000S\000\040\000S\000S\000D\000\040\000A\000\040\000R\000.\000L\000.}{}% 2703
\BOOKMARK [1][]{section.2704}{\376\377\000R\000M\0003\0003\0004\000:\000\040\000A\000.\000S\000.\000D\000.\000\040\000P\000O\000D\000I\000S\000T\000I\000C\000A\000\040\000V\000E\000I\000O}{}% 2704
\BOOKMARK [1][]{section.2705}{\376\377\000R\000M\0003\0003\0005\000:\000\040\000A\000.\000S\000.\000D\000.\000\040\000R\000I\000O\000N\000E\000\040\000G\000A\000R\000B\000A\000T\000E\000L\000L\000A}{}% 2705
\BOOKMARK [1][]{section.2706}{\376\377\000R\000M\0003\0003\0007\000:\000\040\000T\000I\000B\000U\000R\000T\000I\000N\000A\000\040\000R\000U\000N\000N\000I\000N\000G\000\040\000R\000O\000M\000A\000\040\000A\000.\000S\000.\000D\000.}{}% 2706
\BOOKMARK [1][]{section.2707}{\376\377\000R\000M\0003\0003\0008\000:\000\040\000T\000E\000A\000M\000\040\000C\000A\000M\000E\000L\000O\000T\000\040\000A\000.\000S\000.\000D\000.}{}% 2707
\BOOKMARK [1][]{section.2708}{\376\377\000R\000M\0003\0004\0000\000:\000\040\000I\000S\000O\000L\000A\000\040\000S\000A\000C\000R\000A\000\040\000A\000.\000S\000.\000C\000.\000D\000.}{}% 2708
\BOOKMARK [1][]{section.2709}{\376\377\000R\000M\0003\0004\0001\000:\000\040\000A\000S\000D\000\040\000S\000E\000M\000P\000R\000E\000\040\000D\000I\000\040\000C\000O\000R\000S\000A\000\040\000T\000E\000A\000M}{}% 2709
\BOOKMARK [1][]{section.2710}{\376\377\000R\000M\0003\0004\0002\000:\000\040\000A\000T\000L\000E\000T\000I\000C\000A\000\040\000T\000I\000V\000O\000L\000I}{}% 2710
\BOOKMARK [1][]{section.2711}{\376\377\000R\000M\0003\0004\0004\000:\000\040\000L\000A\000D\000I\000S\000P\000O\000L\000I\000\040\000P\000R\000O\000F\000E\000S\000S\000I\000O\000N\000E\000\040\000C\000I\000C\000L\000I\000S\000M\000O}{}% 2711
\BOOKMARK [1][]{section.2712}{\376\377\000R\000M\0003\0004\0005\000:\000\040\000O\000L\000G\000I\000A\000T\000A\000\040\0002\0000\000.\0001\0002\000\040\000S\000.\000S\000.\000D\000.\000R\000.\000L\000.}{}% 2712
\BOOKMARK [1][]{section.2713}{\376\377\000R\000M\0003\0004\0006\000:\000\040\000P\000.\000G\000.\000S\000.\000\040\000F\000O\000L\000G\000O\000R\000E}{}% 2713
\BOOKMARK [1][]{section.2714}{\376\377\000R\000M\0003\0004\0008\000:\000\040\000A\000S\000D\000R\000C\000\040\000L\000A\000\040\000B\000I\000G\000L\000I\000A}{}% 2714
\BOOKMARK [1][]{section.2715}{\376\377\000R\000M\0003\0004\0009\000:\000\040\000A\000S\000D\000\040\000W\000A\000R\000\040\000-\000\040\000W\000I\000N\000\040\000A\000L\000L\000\040\000R\000A\000C\000E\000S}{}% 2715
\BOOKMARK [1][]{section.2716}{\376\377\000R\000M\0003\0005\0002\000:\000\040\000A\000.\000S\000.\000D\000.\000\040\000C\000A\000F\000F\000A\000R\000E\000L\000L\000A\000\040\000R\000U\000N\000N\000E\000R\000S}{}% 2716
\BOOKMARK [1][]{section.2717}{\376\377\000R\000M\0003\0005\0004\000:\000\040\000A\000S\000D\000\040\000C\000I\000R\000C\000O\000L\000O\000\040\000T\000E\000N\000N\000I\000S\000\040\000E\000U\000R}{}% 2717
\BOOKMARK [1][]{section.2718}{\376\377\000R\000M\0003\0005\0005\000:\000\040\000A\000.\000S\000.\000D\000.\000\040\000G\000O\000\040\000R\000U\000N\000N\000I\000N\000G}{}% 2718
\BOOKMARK [1][]{section.2719}{\376\377\000R\000M\0003\0005\0007\000:\000\040\000C\000I\000N\000E\000C\000I\000T\000T\000A\000'\000\040\000P\000R\000O\000S\000P\000O\000R\000T\000\040\000S\000S\000D\000\040\000A\000\040\000R\000.\000L\000.}{}% 2719
\BOOKMARK [1][]{section.2720}{\376\377\000R\000M\0003\0005\0008\000:\000\040\000A\000S\000D\000\040\000A\000T\000L\000E\000T\000I\000C\000A\000\040\000F\000E\000N\000I\000X}{}% 2720
\BOOKMARK [1][]{section.2721}{\376\377\000R\000M\0003\0006\0001\000:\000\040\000A\000T\000L\000E\000T\000I\000C\000A\000\040\000L\000E\000G\000G\000E\000R\000A\000\040\000M\000E\000N\000T\000A\000N\000A\000\040\000A\000S\000D}{}% 2721
\BOOKMARK [1][]{section.2722}{\376\377\000R\000M\0003\0006\0002\000:\000\040\000A\000.\000S\000.\000D\000.\000\040\000A\000T\000L\000E\000T\000I\000C\000A\000\040\000T\000O\000R\000\040\000T\000R\000E\000\040\000T\000E\000S\000T\000E}{}% 2722
\BOOKMARK [1][]{section.2723}{\376\377\000R\000M\0003\0006\0003\000:\000\040\000S\000S\000D\000\040\000N\000I\000S\000S\000O\000L\000I\000N\000O\000\040\000S\000P\000O\000R\000T\000\040\000S\000R\000L\000\040\000A\000S\000U}{}% 2723
\BOOKMARK [1][]{section.2724}{\376\377\000R\000M\0003\0006\0004\000:\000\040\000A\000S\000D\000\040\000M\000O\000N\000T\000I\000\040\000A\000V\000E\000N\000T\000I\000N\000O}{}% 2724
\BOOKMARK [1][]{section.2725}{\376\377\000R\000M\0003\0006\0005\000:\000\040\000C\000S\000A\000I\000N\000\040\000V\000E\000L\000O\000C\000E\000M\000E\000N\000T\000E\000\040\000A\000C\000A\000D\000E\000M\000Y}{}% 2725
\BOOKMARK [1][]{section.2726}{\376\377\000R\000M\0003\0006\0007\000:\000\040\000A\000.\000S\000.\000D\000.\000\040\000P\000.\000\040\000A\000S\000T\000R\000A\000\040\000A\000T\000L\000E\000T\000I\000C\000A}{}% 2726
\BOOKMARK [1][]{section.2727}{\376\377\000R\000M\0003\0006\0008\000:\000\040\000A\000.\000S\000.\000D\000.\000\040\000P\000I\0008\000\040\000R\000U\000N\000N\000I\000N\000G}{}% 2727
\BOOKMARK [1][]{section.2728}{\376\377\000R\000M\0003\0006\0009\000:\000\040\000X\000-\000S\000O\000L\000I\000D\000\040\000S\000P\000O\000R\000T\000\040\000L\000A\000B\000\040\000A\000S\000D}{}% 2728
\BOOKMARK [1][]{section.2729}{\376\377\000R\000M\0003\0007\0000\000:\000\040\000I\000T\000A\000L\000I\000A\000N\000A\000\040\000R\000U\000N\000N\000I\000N\000G\000\040\000A\000.\000S\000.\000D\000.}{}% 2729
\BOOKMARK [1][]{section.2730}{\376\377\000R\000M\0003\0007\0001\000:\000\040\000A\000S\000D\000\040\000O\000S\000T\000I\000A\000\040\000T\000R\000A\000C\000K\000\040\000'\000N\000\040\000F\000I\000E\000L\000D}{}% 2730
\BOOKMARK [1][]{section.2731}{\376\377\000R\000M\0003\0007\0002\000:\000\040\000A\000S\000D\000\040\000T\000A\000L\000E\000N\000T\000I\000\040\000R\000U\000N\000N\000I\000N\000G\000\040\000T\000E\000A\000M\000\040\000R\000O\000M\000A}{}% 2731
\BOOKMARK [1][]{section.2732}{\376\377\000R\000M\0003\0007\0005\000:\000\040\000A\000.\000S\000.\000D\000.\000\040\000V\000E\000G\000A\000N\000\040\000P\000O\000W\000E\000R\000\040\000T\000E\000A\000M}{}% 2732
\BOOKMARK [1][]{section.2733}{\376\377\000R\000M\0003\0007\0007\000:\000\040\000A\000.\000S\000.\000D\000.\000\040\000P\000O\000D\000I\000S\000T\000I\000C\000A\000\040\000P\000R\000I\000M\000A\000V\000A\000L\000L\000E}{}% 2733
\BOOKMARK [1][]{section.2734}{\376\377\000R\000M\0003\0008\0005\000:\000\040\000R\000U\000N\000\040\000\046\000\040\000S\000M\000I\000L\000E\000\040\000A\000S\000D}{}% 2734
\BOOKMARK [1][]{section.2735}{\376\377\000R\000M\0003\0009\0000\000:\000\040\000A\000T\000H\000L\000E\000T\000I\000C\000A\000\040\000V\000A\000T\000I\000C\000A\000N\000A\000\040\000A\000.\000S\000.\000D\000.}{}% 2735
\BOOKMARK [1][]{section.2736}{\376\377\000R\000M\0003\0009\0001\000:\000\040\000P\000O\000L\000.\000\040\000B\000T\000F\000\040\000S\000P\000O\000R\000T\000I\000N\000G\000\040\000C\000L\000U\000B}{}% 2736
\BOOKMARK [1][]{section.2737}{\376\377\000R\000M\0003\0009\0009\000:\000\040\000S\000P\000O\000R\000T\000\040\000T\000E\000A\000M\000\040\000T\000R\000I\000G\000O\000R\000I\000A\000\040\000A\000S\000D}{}% 2737
\BOOKMARK [1][]{section.2738}{\376\377\000R\000M\0004\0000\0001\000:\000\040\000O\000U\000T\000D\000O\000O\000R\000\040\000T\000R\000A\000I\000N\000I\000N\000G\000\040\000S\000P\000O\000R\000T\000\040\000E\000\040\000B\000E\000N\000E\000S}{}% 2738
\BOOKMARK [1][]{section.2739}{\376\377\000R\000M\0004\0000\0002\000:\000\040\000R\000O\000M\000A\000\040\000T\000R\000E\000\040\000S\000P\000O\000R\000T\000\040\000A\000.\000S\000.\000D\000.\000C\000.}{}% 2739
\BOOKMARK [1][]{section.2740}{\376\377\000R\000M\0004\0000\0004\000:\000\040\000A\000.\000O\000.\000C\000.\000\040\000T\000E\000A\000M\000\040\000S\000T\000A\000D\000I\000O\000\040\000P\000A\000O\000L\000O\000\040\000R\000O\000S\000I}{}% 2740
\BOOKMARK [1][]{section.2741}{\376\377\000R\000M\0004\0000\0005\000:\000\040\0006\000\040\000I\000N\000\040\000M\000O\000V\000I\000M\000E\000N\000T\000O\000\040\000A\000.\000S\000.\000D\000.}{}% 2741
\BOOKMARK [1][]{section.2742}{\376\377\000R\000M\0004\0000\0007\000:\000\040\000E\000T\000R\000U\000S\000C\000A\000\040\000A\000S\000D}{}% 2742
\BOOKMARK [1][]{section.2743}{\376\377\000R\000M\0004\0000\0008\000:\000\040\000A\000M\000O\000\040\000E\000\040\000C\000O\000R\000R\000O\000\040\000A\000S\000D}{}% 2743
\BOOKMARK [1][]{section.2744}{\376\377\000R\000M\0004\0000\0009\000:\000\040\000A\000S\000D\000\040\000E\000L\000I\000T\000E\000\040\000A\000T\000H\000L\000E\000T\000E\000S}{}% 2744
\BOOKMARK [1][]{section.2745}{\376\377\000R\000M\0004\0001\0001\000:\000\040\000A\000S\000D\000\040\000V\000I\000S\000I\000O\000N\000\040\000S\000P\000O\000R\000T}{}% 2745
\BOOKMARK [1][]{section.2746}{\376\377\000R\000M\0004\0001\0004\000:\000\040\000A\000.\000S\000.\000D\000.\000\040\000F\000O\000R\000T\000Y\000R\000U\000N\000N\000E\000R\000S}{}% 2746
\BOOKMARK [1][]{section.2747}{\376\377\000R\000M\0004\0001\0005\000:\000\040\000A\000S\000D\000\040\000F\000O\000R\000R\000E\000S\000T\000E\000A\000M}{}% 2747
\BOOKMARK [1][]{section.2748}{\376\377\000R\000M\0004\0001\0006\000:\000\040\000A\000S\000D\000\040\000N\000I\000S\000S\000O\000L\000I\000N\000O\000\040\000O\000S\000T\000I\000A\000\040\000A\000T\000L\000E\000T\000I\000C\000A}{}% 2748
\BOOKMARK [1][]{section.2749}{\376\377\000R\000M\0004\0001\0008\000:\000\040\000A\000S\000D\000\040\000A\000T\000L\000E\000T\000I\000C\000A\000\040\000P\000A\000R\000I\000O\000L\000I}{}% 2749
\BOOKMARK [1][]{section.2750}{\376\377\000R\000M\0004\0002\0004\000:\000\040\000A\000S\000D\000\040\000V\000I\000S\000I\000O\000N\000\040\000P\000E\000R\000F\000O\000R\000M\000A\000N\000C\000E}{}% 2750
\BOOKMARK [1][]{section.2751}{\376\377\000R\000M\0004\0004\0004\000:\000\040\000A\000N\000T\000A\000R\000E\000S\000\040\000A\000T\000L\000E\000T\000I\000C\000A}{}% 2751
\BOOKMARK [1][]{section.2752}{\376\377\000R\000M\0005\0001\0007\000:\000\040\000C\000R\000A\000Z\000Y\000\040\000R\000U\000N\000N\000E\000R\000S\000\040\000C\000L\000U\000B}{}% 2752
\BOOKMARK [1][]{section.2753}{\376\377\000R\000M\0005\0005\0005\000:\000\040\000A\000.\000S\000.\000D\000.\000\040\000A\000T\000L\000E\000T\000I\000C\000A\000\040\000F\000U\000T\000U\000R\000A\000\040\000R\000O\000M\000A}{}% 2753
\BOOKMARK [1][]{section.2754}{\376\377\000R\000M\0005\0005\0007\000:\000\040\000V\000I\000L\000L\000A\000\040\000A\000U\000R\000E\000L\000I\000A\000\040\000S\000P\000O\000R\000T\000I\000N\000G\000\040\000C\000L\000U\000B}{}% 2754
\BOOKMARK [1][]{section.2755}{\376\377\000R\000M\0006\0000\0000\000:\000\040\000A\000.\000S\000.\000D\000.\000\040\000A\000T\000L\000.\000\040\000E\000N\000E\000R\000G\000I\000A\000\040\000R\000O\000M\000A}{}% 2755
\BOOKMARK [1][]{section.2756}{\376\377\000R\000M\0006\0001\0009\000:\000\040\000C\000R\000A\000L\000\040\000P\000O\000L\000I\000G\000R\000A\000F\000I\000C\000O\000\040\000D\000E\000L\000L\000O\000\040\000S\000T\000A\000T\000O}{}% 2756
\BOOKMARK [1][]{section.2757}{\376\377\000R\000M\0006\0006\0006\000:\000\040\000P\000I\000A\000N\000O\000\040\000M\000A\000\040\000A\000R\000R\000I\000V\000I\000A\000M\000O\000\040\000S\000S\000D\000\040\000A\000\040\000R\000L}{}% 2757
\BOOKMARK [1][]{section.2758}{\376\377\000R\000N\0000\0002\0009\000:\000\040\000A\000.\000R\000.\000C\000.\000U\000.\000S\000.}{}% 2758
\BOOKMARK [1][]{section.2759}{\376\377\000R\000N\0000\0003\0005\000:\000\040\000R\000I\000C\000C\000I\000O\000N\000E\000\040\000S\000E\000S\000S\000A\000N\000T\000A\000D\000U\000E}{}% 2759
\BOOKMARK [1][]{section.2760}{\376\377\000R\000N\0000\0003\0006\000:\000\040\000A\000T\000L\000.\000\040\000L\000I\000B\000.\000\040\000R\000I\000M\000I\000N\000I}{}% 2760
\BOOKMARK [1][]{section.2761}{\376\377\000R\000N\0000\0003\0007\000:\000\040\000G\000.\000S\000.\000\040\000A\000T\000L\000E\000T\000I\000C\000A\000\040\0007\0005\000\040\000C\000A\000T\000T\000O\000L\000I\000C\000A}{}% 2761
\BOOKMARK [1][]{section.2762}{\376\377\000R\000N\0000\0004\0005\000:\000\040\000P\000O\000L\000.\000\040\000A\000T\000L\000.\000\040\000A\000D\000O\000L\000F\000O\000\040\000C\000O\000N\000S\000O\000L\000I\000N\000I}{}% 2762
\BOOKMARK [1][]{section.2763}{\376\377\000R\000N\0002\0007\0003\000:\000\040\000A\000T\000L\000.\000\040\000R\000I\000M\000I\000N\000I\000\040\000N\000O\000R\000D\000\040\000S\000A\000N\000T\000A\000R\000C\000A\000N\000G\000E\000L\000O}{}% 2763
\BOOKMARK [1][]{section.2764}{\376\377\000R\000N\0003\0003\0003\000:\000\040\000G\000O\000L\000D\000E\000N\000\040\000C\000L\000U\000B\000\040\000R\000I\000M\000I\000N\000I\000\040\000I\000N\000T\000E\000R\000N\000A\000T\000.}{}% 2764
\BOOKMARK [1][]{section.2765}{\376\377\000R\000N\0003\0005\0007\000:\000\040\000O\000L\000I\000M\000P\000I\000A\000\040\000A\000M\000A\000T\000O\000R\000I\000\040\000R\000I\000M\000I\000N\000I}{}% 2765
\BOOKMARK [1][]{section.2766}{\376\377\000R\000N\0004\0001\0003\000:\000\040\000R\000I\000C\000C\000I\000O\000N\000E\000\040\000P\000O\000D\000I\000S\000M\000O}{}% 2766
\BOOKMARK [1][]{section.2767}{\376\377\000R\000N\0004\0006\0006\000:\000\040\000A\000T\000H\000L\000E\000T\000I\000C\000\040\000R\000I\000M\000I\000N\000I\000\040\000A\000S\000D}{}% 2767
\BOOKMARK [1][]{section.2768}{\376\377\000R\000N\0004\0007\0001\000:\000\040\000A\000T\000L\000E\000T\000I\000C\000A\000\040\000S\000A\000N\000T\000A\000M\000O\000N\000I\000C\000A\000\040\000M\000I\000S\000A\000N\000O}{}% 2768
\BOOKMARK [1][]{section.2769}{\376\377\000R\000N\0005\0000\0003\000:\000\040\000A\000.\000S\000.\000D\000.\000\040\000D\000I\000N\000A\000M\000O\000\040\000R\000U\000N\000N\000I\000N\000G}{}% 2769
\BOOKMARK [1][]{section.2770}{\376\377\000R\000N\0005\0001\0008\000:\000\040\000R\000I\000M\000I\000N\000I\000\040\000M\000A\000R\000A\000T\000H\000O\000N}{}% 2770
\BOOKMARK [1][]{section.2771}{\376\377\000R\000N\0005\0002\0001\000:\000\040\000O\000L\000I\000M\000P\000I\000A\000\040\000N\000U\000O\000V\000A\000\040\000R\000U\000N\000N\000I\000N\000G\000\040\000A\000.\000S\000.\000D\000.}{}% 2771
\BOOKMARK [1][]{section.2772}{\376\377\000R\000N\0005\0004\0009\000:\000\040\000A\000.\000S\000.\000D\000.\000\040\000T\000E\000A\000M\000\040\000M\000I\000S\000A\000N\000O}{}% 2772
\BOOKMARK [1][]{section.2773}{\376\377\000R\000N\0005\0005\0002\000:\000\040\000N\000U\000O\000V\000A\000\040\000P\000O\000L\000I\000S\000P\000O\000R\000T\000.\000\040\000A\000.\000\040\000C\000O\000N\000S\000O\000L\000I\000N\000I}{}% 2773
\BOOKMARK [1][]{section.2774}{\376\377\000R\000N\0005\0005\0008\000:\000\040\000A\000T\000L\000E\000T\000I\000C\000\040\000T\000E\000A\000M\000\040\000T\000A\000V\000E\000R\000N\000A\000\040\000A\000S\000D}{}% 2774
\BOOKMARK [1][]{section.2775}{\376\377\000R\000N\0005\0007\0006\000:\000\040\000A\000S\000D\000\040\000M\000I\000R\000A\000M\000A\000R\000E\000\040\000R\000U\000N\000N\000E\000R}{}% 2775
\BOOKMARK [1][]{section.2776}{\376\377\000R\000N\0005\0009\0003\000:\000\040\000M\000A\000C\000I\000A\000N\000O\000\040\000T\000E\000A\000M\000\040\000R\000U\000N\000N\000E\000R\000S\000\040\000A\000.\000S\000.\000D\000.}{}% 2776
\BOOKMARK [1][]{section.2777}{\376\377\000R\000O\0002\0008\0001\000:\000\040\000C\000O\000N\000F\000I\000N\000D\000U\000S\000T\000R\000I\000A\000\040\000A\000T\000L\000.\000\040\000R\000O\000V\000I\000G\000O}{}% 2777
\BOOKMARK [1][]{section.2778}{\376\377\000R\000O\0002\0008\0006\000:\000\040\000P\000O\000D\000I\000S\000T\000I\000\040\000A\000D\000R\000I\000A}{}% 2778
\BOOKMARK [1][]{section.2779}{\376\377\000R\000O\0002\0009\0002\000:\000\040\000A\000S\000D\000\040\000G\000R\000.\000P\000O\000D\000.\000\040\000A\000V\000I\000S\000\040\000T\000A\000G\000L\000I\000O\000\040\000D\000I\000\040\000P\000O}{}% 2779
\BOOKMARK [1][]{section.2780}{\376\377\000R\000O\0002\0009\0005\000:\000\040\000U\000N\000I\000\040\000S\000P\000O\000R\000T}{}% 2780
\BOOKMARK [1][]{section.2781}{\376\377\000R\000O\0002\0009\0007\000:\000\040\000S\000A\000L\000C\000U\000S}{}% 2781
\BOOKMARK [1][]{section.2782}{\376\377\000R\000O\0002\0009\0008\000:\000\040\000R\000H\000O\000D\000I\000G\000I\000U\000M\000\040\000T\000E\000A\000M\000\040\000A\000.\000S\000.\000D\000.}{}% 2782
\BOOKMARK [1][]{section.2783}{\376\377\000R\000O\0003\0001\0000\000:\000\040\000R\000O\000V\000I\000G\000O\000\040\000H\000A\000L\000F\000\040\000M\000A\000R\000A\000T\000H\000O\000N\000\040\000A\000.\000S\000.\000D\000.}{}% 2783
\BOOKMARK [1][]{section.2784}{\376\377\000R\000O\0003\0001\0001\000:\000\040\000R\000U\000N\000\040\000I\000T}{}% 2784
\BOOKMARK [1][]{section.2785}{\376\377\000R\000O\0003\0001\0002\000:\000\040\000R\000O\000V\000I\000G\000O\000H\000M}{}% 2785
\BOOKMARK [1][]{section.2786}{\376\377\000R\000O\0003\0001\0003\000:\000\040\000D\000I\000S\000C\000O\000B\000O\000L\000O\000\040\000A\000T\000L\000E\000T\000I\000C\000A\000\040\000R\000O\000V\000I\000G\000O\000\040\000A\000S\000D}{}% 2786
\BOOKMARK [1][]{section.2787}{\376\377\000R\000O\0003\0001\0004\000:\000\040\000A\000S\000D\000\040\000G\000R\000U\000P\000P\000O\000\040\000P\000O\000D\000I\000S\000T\000I\000\040\000P\000O\000R\000T\000O\000\040\000T\000O\000L\000L\000E}{}% 2787
\BOOKMARK [1][]{section.2788}{\376\377\000R\000O\0003\0001\0005\000:\000\040\000A\000S\000D\000\040\000R\000U\000N\000\040\000I\000T}{}% 2788
\BOOKMARK [1][]{section.2789}{\376\377\000R\000S\0000\0000\0001\000:\000\040\000A\000T\000L\000.\000\040\000T\000U\000S\000C\000U\000L\000U\000M}{}% 2789
\BOOKMARK [1][]{section.2790}{\376\377\000R\000S\0000\0000\0002\000:\000\040\000A\000T\000L\000.\000\040\000N\000E\000T\000T\000U\000N\000O}{}% 2790
\BOOKMARK [1][]{section.2791}{\376\377\000R\000S\0000\0000\0003\000:\000\040\000A\000T\000L\000.\000\040\000O\000L\000D\000\040\000D\000E\000V\000I\000L\000S}{}% 2791
\BOOKMARK [1][]{section.2792}{\376\377\000R\000S\0000\0000\0007\000:\000\040\000A\000T\000L\000.\000\040\000V\000A\000L\000M\000O\000N\000T\000O\000N\000E}{}% 2792
\BOOKMARK [1][]{section.2793}{\376\377\000R\000S\0000\0000\0009\000:\000\040\000P\000O\000L\000I\000S\000P\000O\000R\000T\000I\000V\000A\000\040\000R\000O\000C\000C\000A\000\040\000P\000R\000I\000O\000R\000A}{}% 2793
\BOOKMARK [1][]{section.2794}{\376\377\000R\000S\0000\0001\0000\000:\000\040\000L\000I\000B\000.\000A\000T\000L\000.\000\040\000C\000A\000S\000T\000E\000L\000G\000A\000N\000D\000O\000L\000F\000O\000-\000A\000L\000B\000A\000N\000O}{}% 2794
\BOOKMARK [1][]{section.2795}{\376\377\000R\000S\0000\0001\0002\000:\000\040\000C\000O\000L\000L\000E\000F\000E\000R\000R\000O\000\040\000A\000T\000L\000E\000T\000I\000C\000A}{}% 2795
\BOOKMARK [1][]{section.2796}{\376\377\000R\000S\0000\0001\0003\000:\000\040\000A\000T\000L\000.\000\040\000C\000O\000L\000L\000E\000F\000E\000R\000R\000O\000\040\000S\000E\000G\000N\000I}{}% 2796
\BOOKMARK [1][]{section.2797}{\376\377\000R\000S\0000\0001\0009\000:\000\040\000P\000O\000D\000I\000S\000T\000I\000\040\000V\000A\000L\000M\000O\000N\000T\000O\000N\000E}{}% 2797
\BOOKMARK [1][]{section.2798}{\376\377\000R\000S\0000\0002\0000\000:\000\040\000A\000M\000I\000C\000I\000\040\000P\000A\000R\000C\000O\000\040\000C\000A\000S\000T\000E\000L\000L\000I\000\040\000R\000O\000M\000A\000N\000I}{}% 2798
\BOOKMARK [1][]{section.2799}{\376\377\000R\000S\0000\0002\0002\000:\000\040\000A\000T\000L\000E\000T\000I\000C\000A\000\040\000C\000E\000C\000C\000H\000I\000N\000A\000\040\000A\000L\000.\000P\000A\000.\000\040\000A\000S\000D}{}% 2799
\BOOKMARK [1][]{section.2800}{\376\377\000R\000S\0000\0002\0004\000:\000\040\000A\000.\000S\000.\000D\000.\000\040\000R\000U\000N\000N\000E\000R\000S\000\040\000C\000I\000A\000M\000P\000I\000N\000O}{}% 2800
\BOOKMARK [1][]{section.2801}{\376\377\000R\000S\0000\0002\0005\000:\000\040\000A\000T\000L\000.\000\040\000G\000E\000N\000A\000Z\000Z\000A\000N\000O}{}% 2801
\BOOKMARK [1][]{section.2802}{\376\377\000R\000S\0000\0002\0006\000:\000\040\000A\000T\000L\000E\000T\000I\000C\000A\000\040\000A\000L\000B\000A\000N\000O}{}% 2802
\BOOKMARK [1][]{section.2803}{\376\377\000R\000S\0000\0002\0007\000:\000\040\000A\000.\000S\000.\000D\000.\000\040\000M\000E\000S\000\040\000C\000O\000L\000L\000E\000F\000E\000R\000R\000O}{}% 2803
\BOOKMARK [1][]{section.2804}{\376\377\000R\000S\0000\0003\0000\000:\000\040\000A\000.\000S\000.\000D\000.\000\040\000A\000T\000L\000E\000T\000I\000C\000A\000\040\000F\000R\000A\000S\000C\000A\000T\000I}{}% 2804
\BOOKMARK [1][]{section.2805}{\376\377\000R\000S\0000\0003\0001\000:\000\040\000A\000S\000D\000\040\000S\000P\000A\000R\000T\000A\000N\000\040\000S\000P\000O\000R\000T\000\040\000A\000C\000A\000D\000E\000M\000Y}{}% 2805
\BOOKMARK [1][]{section.2806}{\376\377\000R\000S\0000\0003\0003\000:\000\040\000A\000.\000S\000.\000D\000.\000\040\000R\000U\000N\000N\000I\000N\000G\000\040\000E\000V\000O\000L\000U\000T\000I\000O\000N}{}% 2806
\BOOKMARK [1][]{section.2807}{\376\377\000R\000S\0000\0003\0005\000:\000\040\000A\000T\000L\000.\000\040\000A\000N\000Z\000I\000O}{}% 2807
\BOOKMARK [1][]{section.2808}{\376\377\000R\000S\0000\0003\0006\000:\000\040\000A\000S\000D\000\040\000R\000U\000N\000N\000E\000R\000S\000\040\000T\000E\000A\000M\000\040\000C\000O\000L\000L\000E\000F\000E\000R\000R\000O}{}% 2808
\BOOKMARK [1][]{section.2809}{\376\377\000R\000S\0000\0003\0008\000:\000\040\000G\000S\000D\000\040\000L\000I\000B\000.\000A\000T\000L\000.\000\040\000S\000A\000N\000\040\000C\000E\000S\000A\000R\000E\000O}{}% 2809
\BOOKMARK [1][]{section.2810}{\376\377\000R\000S\0000\0004\0000\000:\000\040\000T\000H\000E\000S\000E\000I\000\040\000V\000I\000R\000T\000U\000S}{}% 2810
\BOOKMARK [1][]{section.2811}{\376\377\000R\000S\0000\0004\0001\000:\000\040\000P\000O\000D\000I\000S\000T\000I\000C\000A\000\040\000R\000O\000C\000C\000A\000\040\000D\000I\000\040\000P\000A\000P\000A}{}% 2811
\BOOKMARK [1][]{section.2812}{\376\377\000R\000S\0000\0004\0002\000:\000\040\000A\000.\000S\000.\000D\000.\000\040\000R\000U\000N\000\040\000F\000O\000R\000\040\000F\000U\000N}{}% 2812
\BOOKMARK [1][]{section.2813}{\376\377\000R\000S\0000\0004\0003\000:\000\040\000F\000I\000L\000I\000P\000P\000I\000D\000E\000\040\000R\000U\000N\000N\000E\000R\000S\000\040\000T\000E\000A\000M\000\040\000A\000S\000D}{}% 2813
\BOOKMARK [1][]{section.2814}{\376\377\000R\000S\0000\0004\0005\000:\000\040\000L\000U\000D\000U\000S\000\040\000A\000T\000L\000E\000T\000I\000C\000A\000\040\000L\000I\000B\000\040\000V\000A\000L\000M\000.\000\040\000Z\000A\000G\000A\000.}{}% 2814
\BOOKMARK [1][]{section.2815}{\376\377\000R\000S\0000\0004\0007\000:\000\040\000A\000.\000S\000.\000D\000.\000\040\000A\000T\000L\000E\000T\000I\000C\000A\000\040\000C\000A\000V\000E}{}% 2815
\BOOKMARK [1][]{section.2816}{\376\377\000R\000S\0000\0004\0008\000:\000\040\000T\000O\000P\000\040\000R\000U\000N\000N\000E\000R\000S\000\040\000C\000A\000S\000T\000E\000L\000L\000I\000\040\000R\000O\000M\000A\000N\000I}{}% 2816
\BOOKMARK [1][]{section.2817}{\376\377\000R\000S\0000\0004\0009\000:\000\040\000B\000I\000A\000N\000C\000O\000\040\000M\000O\000D\000A\000\040\000S\000P\000O\000R\000T\000\040\000C\000I\000A\000M\000P\000I\000N\000O\000\040\000A\000S\000D}{}% 2817
\BOOKMARK [1][]{section.2818}{\376\377\000R\000S\0000\0005\0000\000:\000\040\000A\000.\000S\000.\000D\000.\000\040\000O\000L\000I\000M\000P\000I\000A\000\040\000A\000T\000L\000E\000T\000I\000C\000A}{}% 2818
\BOOKMARK [1][]{section.2819}{\376\377\000R\000S\0000\0005\0002\000:\000\040\000A\000.\000S\000.\000D\000.\000\040\000A\000T\000L\000E\000T\000I\000C\000A\000\040\000Z\000A\000G\000A\000R\000O\000L\000O}{}% 2819
\BOOKMARK [1][]{section.2820}{\376\377\000R\000S\0000\0005\0003\000:\000\040\000O\000L\000I\000B\000A\000N\000U\000M\000\040\000O\000V\000E\000R\000R\000U\000N\000N\000E\000R\000S\000\040\000A\000S\000D}{}% 2820
\BOOKMARK [1][]{section.2821}{\376\377\000R\000S\0000\0006\0000\000:\000\040\000A\000S\000D\000\040\000C\000I\000R\000.\000\040\000R\000I\000C\000R\000.\000\040\000L\000I\000B\000.\000\040\000V\000A\000L\000M\000O\000N\000T\000O\000N\000E}{}% 2821
\BOOKMARK [1][]{section.2822}{\376\377\000R\000S\0000\0006\0004\000:\000\040\000A\000.\000S\000.\000\040\000R\000O\000M\000A\000\040\000G\000.\000C\000A\000S\000T\000E\000L\000L\000O}{}% 2822
\BOOKMARK [1][]{section.2823}{\376\377\000R\000S\0000\0006\0006\000:\000\040\000A\000S\000D\000\040\000P\000A\000L\000E\000S\000T\000R\000I\000N\000A\000\040\000R\000U\000N\000N\000I\000N\000G}{}% 2823
\BOOKMARK [1][]{section.2824}{\376\377\000R\000S\0000\0006\0007\000:\000\040\000A\000.\000S\000.\000D\000.\000\040\000A\000T\000L\000.\000\040\000P\000O\000M\000E\000Z\000I\000A}{}% 2824
\BOOKMARK [1][]{section.2825}{\376\377\000R\000S\0000\0006\0008\000:\000\040\000A\000T\000L\000.\000\040\000L\000I\000B\000.\000\040\000C\000A\000S\000T\000E\000L\000L\000I\000\040\000R\000O\000M\000A\000N\000I}{}% 2825
\BOOKMARK [1][]{section.2826}{\376\377\000R\000S\0000\0007\0000\000:\000\040\000A\000.\000S\000.\000D\000.\000\040\000F\000R\000E\000E\000\040\000R\000U\000N\000N\000E\000R\000S}{}% 2826
\BOOKMARK [1][]{section.2827}{\376\377\000R\000S\0000\0007\0005\000:\000\040\000P\000O\000L\000.\000\040\000L\000I\000B\000.\000\040\000L\000A\000N\000U\000V\000I\000O}{}% 2827
\BOOKMARK [1][]{section.2828}{\376\377\000R\000S\0000\0008\0000\000:\000\040\000G\000.\000S\000.\000\040\000L\000I\000B\000.\000\040\000S\000A\000N\000\040\000C\000E\000S\000A\000R\000E\000O}{}% 2828
\BOOKMARK [1][]{section.2829}{\376\377\000R\000S\0000\0008\0002\000:\000\040\000A\000T\000L\000E\000T\000I\000C\000A\000\040\000L\000A\000N\000U\000V\000I\000U\000M\000\040\000N\000E\000P\000T\000U\000N\000I\000A\000\040\000A\000S\000D}{}% 2829
\BOOKMARK [1][]{section.2830}{\376\377\000R\000S\0000\0008\0004\000:\000\040\000A\000S\000D\000\040\000A\000R\000E\000A\000\040\000A\000T\000L\000E\000T\000I\000C\000A\000\040\000S\000A\000N\000\040\000C\000E\000S\000A\000R\000E\000O}{}% 2830
\BOOKMARK [1][]{section.2831}{\376\377\000R\000S\0000\0008\0005\000:\000\040\000P\000O\000D\000I\000S\000T\000I\000C\000A\000\040\000C\000I\000A\000M\000P\000I\000N\000O}{}% 2831
\BOOKMARK [1][]{section.2832}{\376\377\000R\000S\0000\0008\0008\000:\000\040\000A\000.\000S\000.\000D\000.\000\040\000A\000T\000L\000E\000T\000I\000C\000A\000\040\000N\000E\000P\000T\000U\000N\000I\000A}{}% 2832
\BOOKMARK [1][]{section.2833}{\376\377\000R\000S\0000\0009\0000\000:\000\040\000A\000.\000S\000.\000D\000.\000\040\000R\000U\000N\000N\000E\000R\000'\000S\000\040\000A\000C\000A\000D\000E\000M\000Y}{}% 2833
\BOOKMARK [1][]{section.2834}{\376\377\000R\000S\0000\0009\0005\000:\000\040\000P\000O\000D\000I\000S\000T\000I\000C\000A\000\040\000P\000O\000M\000E\000Z\000I\000A\000\040\000A\000.\000S\000.\000D\000.}{}% 2834
\BOOKMARK [1][]{section.2835}{\376\377\000R\000S\0001\0000\0000\000:\000\040\000A\000D\000\040\000M\000A\000I\000O\000R\000A\000\040\000F\000R\000A\000S\000C\000A\000T\000I}{}% 2835
\BOOKMARK [1][]{section.2836}{\376\377\000R\000S\0001\0005\0002\000:\000\040\000A\000S\000D\000\040\000G\000I\000O\000V\000A\000N\000N\000I\000\040\000S\000C\000A\000V\000O}{}% 2836
\BOOKMARK [1][]{section.2837}{\376\377\000R\000S\0001\0009\0000\000:\000\040\000A\000.\000S\000.\000\040\000A\000T\000L\000.\000\040\000R\000O\000C\000C\000A\000\040\000D\000I\000\040\000P\000A\000P\000A}{}% 2837
\BOOKMARK [1][]{section.2838}{\376\377\000R\000S\0001\0009\0005\000:\000\040\000R\000C\000F\000\040\000R\000O\000M\000A\000\040\000S\000U\000D}{}% 2838
\BOOKMARK [1][]{section.2839}{\376\377\000R\000S\0002\0000\0001\000:\000\040\000P\000O\000L\000I\000S\000.\000\040\000A\000N\000Z\000I\000O\000\040\000A\000T\000L\000E\000T\000I\000C\000A\000\040\000A\000S\000D}{}% 2839
\BOOKMARK [1][]{section.2840}{\376\377\000R\000S\0005\0002\0001\000:\000\040\000A\000S\000D\000\040\000N\000I\000S\000S\000O\000L\000I\000N\000O\000\040\000A\000T\000L\000.\000\040\000V\000E\000L\000L\000E\000T\000R\000I}{}% 2840
\BOOKMARK [1][]{section.2841}{\376\377\000S\000A\0000\0002\0000\000:\000\040\000A\000.\000S\000.\000D\000.\000\040\000A\000T\000L\000E\000T\000I\000C\000A\000\040\000E\000R\000M\000E\000S}{}% 2841
\BOOKMARK [1][]{section.2842}{\376\377\000S\000A\0000\0002\0008\000:\000\040\000A\000.\000S\000.\000D\000.\000\040\000F\000R\000E\000E\000\040\000R\000U\000N\000N\000E\000R}{}% 2842
\BOOKMARK [1][]{section.2843}{\376\377\000S\000A\0000\0003\0001\000:\000\040\000A\000.\000S\000.\000D\000.\000\040\000U\000S\000\040\000A\000C\000L\000I\000\040\000A\000T\000L\000.\000\040\000S\000C\000A\000F\000A\000T\000I}{}% 2843
\BOOKMARK [1][]{section.2844}{\376\377\000S\000A\0000\0004\0001\000:\000\040\000A\000.\000S\000.\000D\000.\000P\000O\000L\000I\000S\000P\000O\000R\000T\000I\000V\000A\000\040\000F\000O\000L\000G\000O\000R\000E}{}% 2844
\BOOKMARK [1][]{section.2845}{\376\377\000S\000A\0000\0006\0000\000:\000\040\000A\000S\000D\000\040\000C\000S\000\040\000S\000C\000O\000L\000A\000S\000T\000I\000C\000O\000\040\000M\000.\000G\000A\000L\000D\000I\000\040\0001\0009\0009\0009}{}% 2845
\BOOKMARK [1][]{section.2846}{\376\377\000S\000A\0001\0001\0001\000:\000\040\000A\000S\000D\000\040\000A\000T\000L\000E\000T\000I\000C\000A\000\040\000C\000A\000S\000T\000E\000L\000L\000A\000B\000A\000T\000E}{}% 2846
\BOOKMARK [1][]{section.2847}{\376\377\000S\000A\0001\0002\0006\000:\000\040\000A\000S\000D\000\040\000A\000T\000L\000E\000T\000I\000C\000A\000\040\000V\000I\000S\000\040\000N\000O\000V\000A}{}% 2847
\BOOKMARK [1][]{section.2848}{\376\377\000S\000A\0001\0002\0007\000:\000\040\000I\000D\000E\000A\000T\000L\000E\000T\000I\000C\000A\000\040\000A\000U\000R\000O\000R\000A}{}% 2848
\BOOKMARK [1][]{section.2849}{\376\377\000S\000A\0001\0002\0008\000:\000\040\000A\000.\000S\000.\000D\000.\000\040\000A\000T\000L\000.\000\040\000A\000G\000R\000O\000P\000O\000L\000I}{}% 2849
\BOOKMARK [1][]{section.2850}{\376\377\000S\000A\0001\0002\0009\000:\000\040\000A\000S\000D\000\040\000S\000S\000\040\000S\000A\000L\000V\000A\000T\000O\000R\000E}{}% 2850
\BOOKMARK [1][]{section.2851}{\376\377\000S\000A\0001\0003\0000\000:\000\040\000A\000T\000L\000.\000\040\000E\000B\000O\000L\000I\000T\000A\000N\000A\000\040\000V\000A\000L\000L\000E\000\040\000D\000E\000L\000\040\000S\000E\000L\000E}{}% 2851
\BOOKMARK [1][]{section.2852}{\376\377\000S\000A\0001\0003\0001\000:\000\040\000P\000O\000L\000.\000\040\000C\000I\000T\000T\000A\000'\000\040\000M\000E\000R\000C\000A\000T\000O\000\040\000S\000.\000S\000E\000V\000E\000R\000I\000N\000O}{}% 2852
\BOOKMARK [1][]{section.2853}{\376\377\000S\000A\0001\0003\0008\000:\000\040\000A\000.\000S\000.\000D\000.\000\040\000C\000A\000R\000M\000A\000X\000\040\000C\000A\000M\000A\000L\000D\000O\000L\000E\000S\000E}{}% 2853
\BOOKMARK [1][]{section.2854}{\376\377\000S\000A\0001\0004\0006\000:\000\040\000A\000S\000D\000A\000T\000L\000.\000\040\000I\000S\000A\000U\000R\000A\000\040\000V\000A\000L\000L\000E\000\040\000D\000E\000L\000L\000'\000I\000R\000N\000O}{}% 2854
\BOOKMARK [1][]{section.2855}{\376\377\000S\000A\0001\0005\0004\000:\000\040\000A\000.\000S\000.\000D\000.\000\040\000A\000T\000L\000.\000\040\000L\000I\000B\000.\000\040\000A\000G\000R\000O\000P\000O\000L\000I}{}% 2855
\BOOKMARK [1][]{section.2856}{\376\377\000S\000A\0001\0005\0005\000:\000\040\000A\000.\000S\000.\000D\000.\000\040\000A\000T\000L\000.\000\040\000S\000P\000O\000R\000T\000I\000N\000G\000\040\000C\000A\000L\000O\000R\000E}{}% 2856
\BOOKMARK [1][]{section.2857}{\376\377\000S\000A\0002\0000\0000\000:\000\040\000A\000.\000S\000.\000D\000.\000\040\000A\000T\000L\000.\000\040\000V\000A\000L\000L\000O\000\040\000D\000I\000\040\000D\000I\000A\000N\000O}{}% 2857
\BOOKMARK [1][]{section.2858}{\376\377\000S\000A\0002\0005\0007\000:\000\040\000A\000S\000D\000\040\000C\000S\000U\000\040\000I\000D\000E\000A\000T\000L\000E\000T\000I\000C\000A\000\040\000A\000U\000R\000O\000R\000A\000\040\000F}{}% 2858
\BOOKMARK [1][]{section.2859}{\376\377\000S\000A\0002\0006\0005\000:\000\040\000A\000.\000S\000.\000D\000.\000\040\000C\000.\000U\000.\000S\000.\000\040\000S\000A\000L\000E\000R\000N\000O}{}% 2859
\BOOKMARK [1][]{section.2860}{\376\377\000S\000A\0002\0009\0008\000:\000\040\000A\000S\000D\000\040\000A\000T\000L\000.\000\040\000D\000E\000L\000T\000A\000\040\000E\000B\000O\000L\000I}{}% 2860
\BOOKMARK [1][]{section.2861}{\376\377\000S\000A\0005\0003\0000\000:\000\040\000A\000S\000D\000\040\000P\000O\000D\000.\000C\000A\000V\000A\000\040\000P\000I\000C\000.\000C\000O\000S\000T\000A\000\040\000A\000M\000A\000L\000F\000I}{}% 2861
\BOOKMARK [1][]{section.2862}{\376\377\000S\000A\0006\0000\0000\000:\000\040\000A\000.\000S\000.\000D\000.\000\040\000S\000A\000L\000E\000R\000N\000O\000\040\000R\000U\000N\000N\000I\000N\000G\000\040\000C\000L\000U\000B}{}% 2862
\BOOKMARK [1][]{section.2863}{\376\377\000S\000A\0006\0000\0001\000:\000\040\000C\000I\000L\000E\000N\000T\000O\000\040\000R\000U\000N}{}% 2863
\BOOKMARK [1][]{section.2864}{\376\377\000S\000A\0006\0000\0004\000:\000\040\000A\000P\000D\000\040\000A\000T\000L\000.\000\040\000S\000C\000A\000F\000A\000T\000I\000\040\000A\000N\000T\000O\000N\000I\000A\000N\000A\000\040\000R\000U\000N}{}% 2864
\BOOKMARK [1][]{section.2865}{\376\377\000S\000A\0006\0000\0006\000:\000\040\000A\000T\000L\000E\000T\000I\000C\000A\000\040\000M\000A\000G\000N\000A\000\040\000G\000R\000A\000E\000C\000I\000A}{}% 2865
\BOOKMARK [1][]{section.2866}{\376\377\000S\000A\0006\0000\0007\000:\000\040\000'\0003\000C\000\040\000C\000I\000L\000E\000N\000T\000O\000\040\000R\000U\000N\000N\000I\000N\000G\000\040\000A\000C\000A\000D\000E\000M\000Y\000'}{}% 2866
\BOOKMARK [1][]{section.2867}{\376\377\000S\000A\0006\0000\0008\000:\000\040\000A\000S\000D\000\040\000'\000N\000O\000C\000E\000R\000A\000\040\000R\000U\000N\000N\000E\000R\000S\000\040\000F\000O\000L\000G\000O\000R\000E\000'}{}% 2867
\BOOKMARK [1][]{section.2868}{\376\377\000S\000A\0006\0000\0009\000:\000\040\000A\000G\000R\000O\000P\000O\000L\000I\000\040\000R\000U\000N\000N\000I\000N\000G}{}% 2868
\BOOKMARK [1][]{section.2869}{\376\377\000S\000A\0006\0001\0000\000:\000\040\000A\000.\000S\000.\000D\000.\000\040\000A\000T\000L\000E\000T\000I\000C\000A\000\040\000S\000A\000L\000E\000R\000N\000O}{}% 2869
\BOOKMARK [1][]{section.2870}{\376\377\000S\000A\0006\0001\0001\000:\000\040\000A\000.\000S\000.\000D\000.\000\040\000P\000O\000D\000I\000S\000T\000I\000C\000A\000\040\000P\000O\000L\000L\000E\000S\000E}{}% 2870
\BOOKMARK [1][]{section.2871}{\376\377\000S\000A\0006\0001\0002\000:\000\040\000A\000S\000D\000\040\000P\000O\000D\000I\000S\000T\000I\000C\000A\000\040\000S\000E\000L\000E}{}% 2871
\BOOKMARK [1][]{section.2872}{\376\377\000S\000A\0006\0001\0004\000:\000\040\0004\0002\000K\000A\000P\000P\000A\000\040\000R\000U\000N\000N\000I\000N\000G\000\040\000T\000E\000A\000M\000\040\000S\000A\000L\000E\000R\000N\000O}{}% 2872
\BOOKMARK [1][]{section.2873}{\376\377\000S\000A\0006\0003\0000\000:\000\040\000A\000S\000D\000\040\000S\000E\000L\000E\000\040\000M\000A\000R\000A\000T\000H\000O\000N\000\040\000E\000B\000O\000L\000I}{}% 2873
\BOOKMARK [1][]{section.2874}{\376\377\000S\000A\0006\0003\0006\000:\000\040\000A\000S\000D\000\040\000M\000A\000N\000N\000A\000R\000A\000\040\000R\000U\000N\000N\000I\000N\000G}{}% 2874
\BOOKMARK [1][]{section.2875}{\376\377\000S\000A\0006\0004\0002\000:\000\040\000S\000A\000L\000E\000R\000N\000O\000\040\000M\000A\000R\000A\000T\000H\000O\000N}{}% 2875
\BOOKMARK [1][]{section.2876}{\376\377\000S\000A\0006\0004\0005\000:\000\040\000A\000S\000D\000\040\000D\000O\000N\000A\000T\000E\000L\000L\000A\000\040\000E\000B\000O\000L\000I\000\040\000A\000T\000L\000E\000T\000I\000C\000A}{}% 2876
\BOOKMARK [1][]{section.2877}{\376\377\000S\000A\0006\0004\0006\000:\000\040\000A\000S\000D\000\040\000M\000O\000V\000I\000C\000O\000A\000S\000T\000\040\000S\000P\000O\000R\000T\000\040\000E\000\040\000T\000U\000R\000I\000S\000M\000O}{}% 2877
\BOOKMARK [1][]{section.2878}{\376\377\000S\000A\0006\0005\0000\000:\000\040\000A\000.\000S\000.\000D\000.\000\040\000A\000T\000L\000E\000T\000I\000C\000A\000\040\000K\000A\000L\000I\000K\000A}{}% 2878
\BOOKMARK [1][]{section.2879}{\376\377\000S\000A\0006\0005\0001\000:\000\040\000C\000I\000R\000C\000O\000L\000O\000\040\000C\000A\000N\000O\000T\000T\000I\000E\000R\000I\000\040\000I\000R\000N\000O\000\040\000A\000S\000D}{}% 2879
\BOOKMARK [1][]{section.2880}{\376\377\000S\000A\0006\0008\0006\000:\000\040\000A\000.\000S\000.\000D\000.\000\040\000A\000T\000O\000M\000\040\000A\000T\000H\000L\000E\000T\000I\000C}{}% 2880
\BOOKMARK [1][]{section.2881}{\376\377\000S\000I\0000\0004\0003\000:\000\040\000U\000I\000S\000P\000\040\000A\000T\000L\000E\000T\000I\000C\000A\000\040\000S\000I\000E\000N\000A}{}% 2881
\BOOKMARK [1][]{section.2882}{\376\377\000S\000I\0000\0004\0007\000:\000\040\000P\000O\000L\000.\000O\000L\000I\000M\000P\000I\000A\000\040\000C\000O\000L\000L\000E\000\040\000V\000A\000L\000\040\000D\000'\000E\000L\000S\000A}{}% 2882
\BOOKMARK [1][]{section.2883}{\376\377\000S\000I\0000\0004\0008\000:\000\040\000U\000.\000P\000O\000L\000.\000P\000O\000G\000G\000I\000B\000O\000N\000S\000E\000S\000E}{}% 2883
\BOOKMARK [1][]{section.2884}{\376\377\000S\000I\0000\0008\0002\000:\000\040\000A\000P\000D\000\040\000S\000A\000N\000\040\000G\000I\000M\000I\000G\000N\000A\000N\000O\000\040\000S\000E\000Z\000.\000A\000T\000L\000E\000T\000I\000C\000A}{}% 2884
\BOOKMARK [1][]{section.2885}{\376\377\000S\000I\0001\0006\0005\000:\000\040\000A\000T\000L\000E\000T\000I\000C\000A\000\040\000S\000I\000N\000A\000L\000U\000N\000G\000A}{}% 2885
\BOOKMARK [1][]{section.2886}{\376\377\000S\000I\0002\0000\0003\000:\000\040\000L\000I\000B\000E\000R\000T\000A\000S\000\040\000A\000T\000L\000.\000V\000A\000L\000D\000E\000L\000S\000A}{}% 2886
\BOOKMARK [1][]{section.2887}{\376\377\000S\000I\0003\0004\0004\000:\000\040\000A\000S\000D\000\040\000A\000T\000L\000E\000T\000I\000C\000A\000\040\000V\000A\000L\000D\000O\000R\000C\000I\000A\000\040\0002\0000\0000\0003}{}% 2887
\BOOKMARK [1][]{section.2888}{\376\377\000S\000I\0003\0006\0001\000:\000\040\000A\000T\000L\000E\000T\000I\000C\000A\000\040\0002\0000\0000\0005}{}% 2888
\BOOKMARK [1][]{section.2889}{\376\377\000S\000I\0003\0007\0006\000:\000\040\000I\000L\000\040\000G\000R\000E\000G\000G\000E\000\040\000R\000I\000B\000E\000L\000L\000E}{}% 2889
\BOOKMARK [1][]{section.2890}{\376\377\000S\000I\0003\0007\0007\000:\000\040\000U\000I\000S\000P\000\040\000A\000B\000B\000A\000D\000I\000A\000\040\000S\000A\000N\000\040\000S\000A\000L\000V\000A\000T\000O\000R\000E}{}% 2890
\BOOKMARK [1][]{section.2891}{\376\377\000S\000I\0003\0008\0009\000:\000\040\000S\000.\000S\000.\000D\000.\000S\000.\000\040\000M\000E\000N\000S\000\040\000S\000A\000N\000A\000\040\0001\0008\0007\0001}{}% 2891
\BOOKMARK [1][]{section.2892}{\376\377\000S\000I\0004\0005\0002\000:\000\040\000U\000N\000I\000O\000N\000E\000\040\000P\000O\000L\000I\000S\000P\000O\000R\000T\000I\000V\000A\000\040\000P\000O\000L\000I\000Z\000I\000A\000N\000A}{}% 2892
\BOOKMARK [1][]{section.2893}{\376\377\000S\000I\0004\0005\0009\000:\000\040\000A\000S\000D\000\040\000P\000O\000L\000.\000\040\000C\000H\000I\000A\000N\000C\000I\000A\000N\000O}{}% 2893
\BOOKMARK [1][]{section.2894}{\376\377\000S\000I\0004\0006\0009\000:\000\040\000'\000'\000L\000A\000\040\000C\000H\000I\000A\000N\000I\000N\000A\000'\000'}{}% 2894
\BOOKMARK [1][]{section.2895}{\376\377\000S\000I\0004\0009\0002\000:\000\040\000G\000.\000S\000.\000\040\000V\000A\000L\000D\000E\000L\000S\000A\000\040\000R\000U\000N\000N\000E\000R\000S\000\040\000A\000.\000S\000.\000D\000.}{}% 2895
\BOOKMARK [1][]{section.2896}{\376\377\000S\000I\0005\0000\0008\000:\000\040\000A\000S\000D\000\040\000L\000U\000C\000I\000G\000N\000O\000L\000O\000\040\000R\000U\000N\000N\000E\000R\000S}{}% 2896
\BOOKMARK [1][]{section.2897}{\376\377\000S\000M\0001\0001\0008\000:\000\040\000C\000.\000A\000.\000\040\000T\000R\000A\000C\000K\000\040\000\046\000\040\000F\000I\000E\000L\000D\000\040\000S\000A\000N\000\040\000M\000A\000R\000I\000N\000O}{}% 2897
\BOOKMARK [1][]{section.2898}{\376\377\000S\000M\0002\0003\0001\000:\000\040\000G\000.\000P\000.\000A\000.\000\040\000S\000A\000N\000\040\000M\000A\000R\000I\000N\000O}{}% 2898
\BOOKMARK [1][]{section.2899}{\376\377\000S\000M\0002\0007\0008\000:\000\040\000O\000L\000I\000M\000P\000U\000S\000\040\000S\000A\000N\000\040\000M\000A\000R\000I\000N\000O\000\040\000A\000T\000L\000E\000T\000I\000C\000A}{}% 2899
\BOOKMARK [1][]{section.2900}{\376\377\000S\000M\0005\0003\0009\000:\000\040\000C\000.\000A\000.\000\040\000T\000R\000A\000C\000K\000\040\000\046\000\040\000F\000I\000E\000L\000D\000\040\000S\000A\000N\000\040\000M\000A\000R\000I\000N\000O}{}% 2900
\BOOKMARK [1][]{section.2901}{\376\377\000S\000M\0006\0000\0003\000:\000\040\000S\000A\000N\000\040\000M\000A\000R\000I\000N\000O\000\040\000A\000T\000H\000L\000E\000T\000I\000C\000S\000\040\000A\000C\000A\000D\000E\000M\000Y}{}% 2901
\BOOKMARK [1][]{section.2902}{\376\377\000S\000O\0000\0002\0007\000:\000\040\000M\000E\000R\000A\000\040\000A\000T\000H\000L\000E\000T\000I\000C\000\040\000C\000L\000U\000B}{}% 2902
\BOOKMARK [1][]{section.2903}{\376\377\000S\000O\0000\0002\0008\000:\000\040\000G\000R\000U\000P\000P\000O\000\040\000S\000P\000O\000R\000T\000I\000V\000O\000\040\000C\000S\000I\000\040\000T\000I\000R\000A\000N\000O}{}% 2903
\BOOKMARK [1][]{section.2904}{\376\377\000S\000O\0001\0001\0001\000:\000\040\000G\000.\000P\000.\000\040\000S\000A\000N\000T\000I\000\040\000N\000U\000O\000V\000A\000\040\000O\000L\000O\000N\000I\000O}{}% 2904
\BOOKMARK [1][]{section.2905}{\376\377\000S\000O\0001\0001\0002\000:\000\040\000A\000.\000D\000.\000M\000.\000\040\000P\000O\000N\000T\000E\000\040\000I\000N\000\040\000V\000A\000L\000T\000E\000L\000L\000I\000N\000A}{}% 2905
\BOOKMARK [1][]{section.2906}{\376\377\000S\000O\0001\0001\0004\000:\000\040\000G\000.\000S\000.\000\040\000C\000.\000S\000.\000I\000.\000\040\000M\000O\000R\000B\000E\000G\000N\000O}{}% 2906
\BOOKMARK [1][]{section.2907}{\376\377\000S\000O\0001\0001\0005\000:\000\040\000A\000T\000L\000.\000\040\000A\000L\000T\000A\000\040\000V\000A\000L\000T\000E\000L\000L\000I\000N\000A}{}% 2907
\BOOKMARK [1][]{section.2908}{\376\377\000S\000O\0002\0001\0009\000:\000\040\000G\000.\000P\000.\000\040\000V\000A\000L\000C\000H\000I\000A\000V\000E\000N\000N\000A}{}% 2908
\BOOKMARK [1][]{section.2909}{\376\377\000S\000O\0002\0005\0005\000:\000\040\000P\000O\000L\000.\000\040\000A\000L\000B\000O\000S\000A\000G\000G\000I\000A}{}% 2909
\BOOKMARK [1][]{section.2910}{\376\377\000S\000O\0002\0006\0007\000:\000\040\000G\000.\000S\000.\000\040\000V\000A\000L\000G\000E\000R\000O\000L\000A\000\040\000C\000I\000A\000P\000P\000A\000R\000E\000L\000L\000I}{}% 2910
\BOOKMARK [1][]{section.2911}{\376\377\000S\000O\0003\0004\0006\000:\000\040\000G\000.\000P\000.\000\040\000T\000A\000L\000A\000M\000O\000N\000A}{}% 2911
\BOOKMARK [1][]{section.2912}{\376\377\000S\000O\0003\0009\0001\000:\000\040\000G\000.\000S\000.\000\040\000C\000H\000I\000U\000R\000O}{}% 2912
\BOOKMARK [1][]{section.2913}{\376\377\000S\000O\0004\0000\0000\000:\000\040\000A\000.\000S\000.\000\040\000L\000A\000N\000Z\000A\000D\000A}{}% 2913
\BOOKMARK [1][]{section.2914}{\376\377\000S\000O\0004\0000\0008\000:\000\040\000P\000O\000L\000.\000\040\000P\000E\000N\000T\000A\000C\000O\000M}{}% 2914
\BOOKMARK [1][]{section.2915}{\376\377\000S\000O\0004\0001\0006\000:\000\040\0002\0000\0000\0002\000\040\000P\000O\000L\000I\000S\000\040\000C\000O\000L\000O\000R\000I\000N\000A\000\040\000S\000O\000N\000D\000R\000I\000O}{}% 2915
\BOOKMARK [1][]{section.2916}{\376\377\000S\000O\0004\0005\0005\000:\000\040\000M\000A\000R\000A\000T\000H\000O\000N\000\040\000C\000.\000-\000A\000L\000T\000A\000\040\000Q\000U\000O\000T\000A\000\040\000L\000I\000V\000I\000G\000N\000O}{}% 2916
\BOOKMARK [1][]{section.2917}{\376\377\000S\000O\0005\0002\0002\000:\000\040\000A\000T\000L\000.\000\040\000V\000A\000L\000L\000I\000\040\000D\000E\000L\000\040\000B\000I\000T\000T\000O}{}% 2917
\BOOKMARK [1][]{section.2918}{\376\377\000S\000O\0005\0003\0002\000:\000\040\000U\000.\000S\000.\000\040\000B\000O\000R\000M\000I\000E\000S\000E\000\040\000A\000T\000L\000.}{}% 2918
\BOOKMARK [1][]{section.2919}{\376\377\000S\000O\0005\0003\0003\000:\000\040\000V\000E\000T\000R\000E\000R\000I\000A\000\040\000F\000A\000N\000O\000N\000I\000\040\000S\000O\000N\000D\000R\000I\000O}{}% 2919
\BOOKMARK [1][]{section.2920}{\376\377\000S\000O\0005\0008\0003\000:\000\040\000G\000.\000P\000.\000\040\000'\000R\000U\000P\000E\000\040\000M\000A\000G\000N\000A\000'}{}% 2920
\BOOKMARK [1][]{section.2921}{\376\377\000S\000O\0005\0008\0005\000:\000\040\000C\000E\000N\000T\000R\000O\000\040\000O\000L\000I\000M\000P\000I\000A\000\040\000P\000I\000A\000T\000E\000D\000A}{}% 2921
\BOOKMARK [1][]{section.2922}{\376\377\000S\000O\0006\0004\0004\000:\000\040\000P\000T\000\040\000S\000K\000Y\000R\000U\000N\000N\000I\000N\000G}{}% 2922
\BOOKMARK [1][]{section.2923}{\376\377\000S\000O\0006\0005\0001\000:\000\040\000G\000.\000S\000.\000D\000.\000\040\000C\000A\000S\000T\000I\000O\000N\000E\000T\000T\000O}{}% 2923
\BOOKMARK [1][]{section.2924}{\376\377\000S\000O\0006\0007\0009\000:\000\040\000A\000S\000D\000\040\000C\000A\000S\000T\000E\000L\000R\000A\000I\000D\000E\000R}{}% 2924
\BOOKMARK [1][]{section.2925}{\376\377\000S\000O\0007\0009\0004\000:\000\040\000A\000M\000I\000C\000I\000\040\000M\000A\000D\000O\000N\000N\000A\000\040\000N\000E\000V\000E\000\040\000L\000A\000G\000U\000N\000C}{}% 2925
\BOOKMARK [1][]{section.2926}{\376\377\000S\000O\0008\0009\0000\000:\000\040\000T\000E\000A\000M\000\040\000V\000A\000L\000T\000E\000L\000L\000I\000N\000A}{}% 2926
\BOOKMARK [1][]{section.2927}{\376\377\000S\000O\0009\0000\0005\000:\000\040\000S\000P\000O\000R\000T\000I\000N\000G\000\040\000C\000L\000U\000B\000\040\000L\000I\000V\000I\000G\000N\000O}{}% 2927
\BOOKMARK [1][]{section.2928}{\376\377\000S\000P\0000\0001\0000\000:\000\040\000L\000'\000E\000C\000O\000L\000E\000\040\000S\000.\000S\000.\000D\000.\000\040\000S\000.\000R\000.\000L\000.}{}% 2928
\BOOKMARK [1][]{section.2929}{\376\377\000S\000P\0000\0002\0000\000:\000\040\000P\000O\000L\000I\000S\000P\000O\000R\000T\000I\000V\000A\000\040\000M\000A\000D\000O\000N\000N\000E\000T\000T\000A}{}% 2929
\BOOKMARK [1][]{section.2930}{\376\377\000S\000P\0000\0003\0000\000:\000\040\000A\000.\000S\000.\000D\000.\000\040\000G\000O\000L\000F\000O\000\040\000D\000E\000I\000\040\000P\000O\000E\000T\000I\000\040\000A\000R\000C\000I\000G\000N\000I}{}% 2930
\BOOKMARK [1][]{section.2931}{\376\377\000S\000P\0000\0004\0000\000:\000\040\000P\000R\000O\000\040\000A\000V\000I\000S\000\040\000C\000A\000S\000T\000E\000L\000N\000U\000O\000V\000O\000\040\000M\000A\000G\000R\000A}{}% 2931
\BOOKMARK [1][]{section.2932}{\376\377\000S\000P\0000\0004\0002\000:\000\040\000A\000.\000S\000.\000\040\000A\000T\000L\000E\000T\000I\000C\000A\000\040\000S\000A\000R\000Z\000A\000N\000A}{}% 2932
\BOOKMARK [1][]{section.2933}{\376\377\000S\000P\0000\0004\0004\000:\000\040\000A\000.\000S\000.\000\040\000S\000P\000O\000R\000T\000I\000N\000G\000\040\000C\000L\000U\000B}{}% 2933
\BOOKMARK [1][]{section.2934}{\376\377\000S\000P\0000\0004\0006\000:\000\040\000C\000.\000S\000.\000\040\000M\000A\000R\000I\000N\000A\000\040\000M\000I\000L\000I\000T\000A\000R\000E\000\040\000A\000T\000L\000.}{}% 2934
\BOOKMARK [1][]{section.2935}{\376\377\000S\000P\0000\0004\0007\000:\000\040\000G\000I\000N\000N\000A\000S\000T\000I\000C\000A\000\040\000L\000E\000V\000A\000N\000T\000O\000\040\0001\0009\0000\0007\000\040\000S\000S\000D\000A\000R\000L}{}% 2935
\BOOKMARK [1][]{section.2936}{\376\377\000S\000P\0000\0004\0009\000:\000\040\000A\000.\000S\000.\000\040\000O\000L\000I\000M\000P\000I\000A\000\040\000C\000A\000R\000I\000S\000P\000E}{}% 2936
\BOOKMARK [1][]{section.2937}{\376\377\000S\000P\0000\0006\0000\000:\000\040\000R\000U\000N\000N\000I\000N\000G\000\040\000S\000T\000A\000T\000I\000O\000N\000\040\000T\000E\000A\000M\000\040\000A\000S\000D}{}% 2937
\BOOKMARK [1][]{section.2938}{\376\377\000S\000P\0001\0003\0006\000:\000\040\000A\000T\000L\000E\000T\000I\000C\000A\000\040\000F\000A\000V\000A\000R\000O\000\040\000A\000S\000D}{}% 2938
\BOOKMARK [1][]{section.2939}{\376\377\000S\000P\0002\0003\0004\000:\000\040\000S\000P\000E\000Z\000I\000A\000\040\000M\000A\000R\000A\000T\000H\000O\000N\000\040\000D\000L\000F}{}% 2939
\BOOKMARK [1][]{section.2940}{\376\377\000S\000P\0003\0000\0000\000:\000\040\000S\000P\000O\000R\000T\000\040\000C\000L\000U\000B\000\040\000I\000N\000N}{}% 2940
\BOOKMARK [1][]{section.2941}{\376\377\000S\000P\0005\0007\0003\000:\000\040\000A\000S\000D\000\040\000A\000T\000L\000E\000T\000I\000C\000A\000\040\000S\000P\000E\000Z\000I\000A\000\040\000D\000U\000F\000E\000R\000C\000O}{}% 2941
\BOOKMARK [1][]{section.2942}{\376\377\000S\000R\0001\0000\0000\000:\000\040\000A\000.\000S\000.\000D\000.\000\040\000T\000R\000I\000N\000A\000C\000R\000I\000A\000\040\000S\000P\000O\000R\000T}{}% 2942
\BOOKMARK [1][]{section.2943}{\376\377\000S\000R\0001\0002\0001\000:\000\040\000A\000.\000S\000.\000D\000.\000\040\000P\000I\000E\000T\000R\000O\000\040\000G\000U\000A\000R\000I\000N\000O\000\040\000R\000O\000S\000O\000L\000.}{}% 2943
\BOOKMARK [1][]{section.2944}{\376\377\000S\000R\0001\0002\0008\000:\000\040\000A\000.\000S\000.\000\040\000D\000I\000L\000.\000\040\000M\000I\000L\000O\000N\000E}{}% 2944
\BOOKMARK [1][]{section.2945}{\376\377\000S\000R\0001\0002\0009\000:\000\040\000A\000.\000S\000.\000D\000.\000\040\000L\000I\000B\000E\000R\000T\000A\000S\000\040\000A\000T\000H\000L\000O\000N\000\040\000S\000R}{}% 2945
\BOOKMARK [1][]{section.2946}{\376\377\000S\000R\0001\0003\0000\000:\000\040\000A\000.\000S\000.\000D\000I\000L\000.\000\040\000A\000T\000L\000E\000T\000I\000C\000A\000\040\000S\000I\000R\000A\000C\000U\000S\000A}{}% 2946
\BOOKMARK [1][]{section.2947}{\376\377\000S\000R\0001\0003\0001\000:\000\040\000A\000.\000S\000.\000D\000.\000\040\000A\000T\000L\000.\000\040\000S\000C\000U\000O\000L\000A\000\040\000L\000E\000N\000T\000I\000N\000I}{}% 2947
\BOOKMARK [1][]{section.2948}{\376\377\000S\000R\0001\0003\0005\000:\000\040\000A\000.\000S\000.\000\040\000D\000I\000L\000.\000\040\000F\000E\000M\000M\000I\000N\000I\000L\000E\000\040\000D\000I\000A\000N\000A\000\040\000S\000R}{}% 2948
\BOOKMARK [1][]{section.2949}{\376\377\000S\000R\0001\0003\0006\000:\000\040\000A\000.\000S\000.\000\040\000D\000I\000L\000.\000\040\000S\000E\000L\000E\000N\000E\000\040\000S\000I\000R\000A\000C\000U\000S\000A}{}% 2949
\BOOKMARK [1][]{section.2950}{\376\377\000S\000R\0001\0003\0007\000:\000\040\000A\000.\000S\000.\000\040\000D\000I\000L\000.\000\040\000V\000I\000R\000T\000U\000S\000\040\000A\000T\000L\000.\000S\000I\000R\000A\000C\000U\000S\000A}{}% 2950
\BOOKMARK [1][]{section.2951}{\376\377\000S\000R\0001\0004\0000\000:\000\040\000A\000.\000S\000.\000D\000.\000\040\000L\000I\000B\000E\000R\000T\000A\000S\000\040\000S\000O\000L\000A\000R\000I\000N\000O}{}% 2951
\BOOKMARK [1][]{section.2952}{\376\377\000S\000R\0001\0004\0001\000:\000\040\000A\000.\000S\000.\000D\000.\000\040\000L\000I\000B\000E\000R\000T\000A\000S\000\040\000O\000R\000I\000O\000N}{}% 2952
\BOOKMARK [1][]{section.2953}{\376\377\000S\000R\0001\0007\0006\000:\000\040\000A\000.\000S\000.\000D\000.\000\040\000L\000I\000B\000E\000R\000T\000A\000S\000\040\000M\000A\000R\000T\000E}{}% 2953
\BOOKMARK [1][]{section.2954}{\376\377\000S\000R\0002\0004\0008\000:\000\040\000S\000I\000R\000A\000C\000U\000S\000A\000T\000L\000E\000T\000I\000C\000A}{}% 2954
\BOOKMARK [1][]{section.2955}{\376\377\000S\000R\0002\0005\0000\000:\000\040\000A\000.\000S\000.\000D\000.\000\040\000L\000I\000B\000E\000R\000T\000A\000S\000\040\000J\000O\000L\000L\000Y\000\040\000S\000P\000O\000R\000T\000S}{}% 2955
\BOOKMARK [1][]{section.2956}{\376\377\000S\000R\0002\0006\0005\000:\000\040\000A\000.\000S\000.\000D\000.\000\040\000F\000R\000E\000E\000C\000Y\000C\000L\000E\000S\000\040\000C\000R\000E\000W}{}% 2956
\BOOKMARK [1][]{section.2957}{\376\377\000S\000R\0003\0003\0004\000:\000\040\000A\000.\000S\000.\000D\000.\000\040\000L\000I\000B\000E\000R\000T\000A\000S\000\040\000T\000R\000I\000N\000A\000C\000R\000I\000A}{}% 2957
\BOOKMARK [1][]{section.2958}{\376\377\000S\000R\0003\0004\0000\000:\000\040\000A\000.\000S\000.\000D\000.\000\040\000L\000I\000B\000E\000R\000T\000A\000S\000\040\000A\000Z\000Z\000U\000R\000R\000A}{}% 2958
\BOOKMARK [1][]{section.2959}{\376\377\000S\000R\0003\0004\0006\000:\000\040\000P\000O\000L\000.\000\040\000D\000I\000L\000E\000T\000T\000.\000\040\000A\000I\000C\000S\000\040\000S\000O\000L\000A\000R\000I\000N\000O}{}% 2959
\BOOKMARK [1][]{section.2960}{\376\377\000S\000R\0004\0000\0000\000:\000\040\000A\000.\000S\000.\000D\000.\000\040\000A\000T\000L\000E\000T\000I\000C\000A\000\040\000P\000A\000L\000A\000Z\000Z\000O\000L\000O}{}% 2960
\BOOKMARK [1][]{section.2961}{\376\377\000S\000R\0004\0001\0009\000:\000\040\000A\000.\000S\000.\000D\000.\000\040\000A\000T\000L\000.\000\040\000L\000E\000N\000T\000I\000N\000I}{}% 2961
\BOOKMARK [1][]{section.2962}{\376\377\000S\000R\0004\0003\0002\000:\000\040\000A\000.\000S\000.\000\040\000D\000I\000L\000.\000\040\000A\000T\000L\000.\000A\000U\000G\000U\000S\000T\000A\000\040\000C\000L\000U\000B\000\040\000S\000.}{}% 2962
\BOOKMARK [1][]{section.2963}{\376\377\000S\000R\0005\0000\0006\000:\000\040\000A\000.\000S\000.\000D\000.\000\040\000O\000R\000T\000I\000G\000I\000A\000\040\000M\000A\000R\000C\000I\000A}{}% 2963
\BOOKMARK [1][]{section.2964}{\376\377\000S\000R\0005\0002\0002\000:\000\040\000A\000.\000S\000.\000D\000.\000\040\000P\000O\000D\000I\000S\000T\000I\000C\000A\000\040\000A\000M\000A\000T\000O\000R\000I\000\040\000S\000R}{}% 2964
\BOOKMARK [1][]{section.2965}{\376\377\000S\000R\0005\0008\0006\000:\000\040\000A\000.\000S\000.\000D\000.\000\040\000M\000A\000R\000A\000T\000H\000O\000N\000\040\000A\000T\000H\000L\000E\000T\000I\000C\000\040\000A\000V\000O\000L\000A}{}% 2965
\BOOKMARK [1][]{section.2966}{\376\377\000S\000R\0006\0003\0000\000:\000\040\000A\000.\000S\000.\000D\000.\000\040\000F\000L\000O\000R\000I\000D\000I\000A\000\040\000R\000U\000N\000N\000I\000N\000G}{}% 2966
\BOOKMARK [1][]{section.2967}{\376\377\000S\000R\0006\0003\0001\000:\000\040\000A\000.\000S\000.\000D\000.\000\040\000N\000O\000T\000O\000\040\000B\000A\000R\000O\000C\000C\000A}{}% 2967
\BOOKMARK [1][]{section.2968}{\376\377\000S\000R\0006\0003\0003\000:\000\040\000A\000S\000D\000\040\000K\000A\000P\000U\000H\000A\000L\000A\000\040\000T\000E\000A\000M}{}% 2968
\BOOKMARK [1][]{section.2969}{\376\377\000S\000R\0006\0003\0005\000:\000\040\000A\000T\000L\000E\000T\000I\000C\000A\000\040\000A\000V\000O\000L\000A}{}% 2969
\BOOKMARK [1][]{section.2970}{\376\377\000S\000R\0006\0003\0006\000:\000\040\000M\000E\000L\000I\000L\000L\000I\000A\000T\000L\000E\000T\000I\000C\000A}{}% 2970
\BOOKMARK [1][]{section.2971}{\376\377\000S\000R\0006\0004\0000\000:\000\040\000A\000.\000S\000.\000D\000.\000\040\000A\000R\000C\000H\000I\000M\000E\000D\000E}{}% 2971
\BOOKMARK [1][]{section.2972}{\376\377\000S\000R\0006\0007\0000\000:\000\040\000A\000.\000S\000.\000\040\000D\000I\000L\000.\000\040\000A\000T\000L\000E\000T\000I\000C\000A\000\040\000N\000O\000T\000O}{}% 2972
\BOOKMARK [1][]{section.2973}{\376\377\000S\000R\0006\0007\0001\000:\000\040\000A\000.\000S\000.\000D\000.\000\040\000A\000R\000E\000T\000U\000S\000A\000\040\000M\000A\000R\000C\000I\000A\000\040\000S\000I\000R\000A\000C\000U\000S\000A}{}% 2973
\BOOKMARK [1][]{section.2974}{\376\377\000S\000R\0006\0007\0009\000:\000\040\000A\000S\000S\000.\000\040\000P\000O\000L\000.\000\040\000D\000I\000L\000.\000\040\000P\000L\000A\000C\000E\000O\000L\000U\000M}{}% 2974
\BOOKMARK [1][]{section.2975}{\376\377\000S\000R\0006\0008\0007\000:\000\040\000A\000.\000S\000.\000D\000.\000O\000L\000I\000M\000P\000I\000A\000S\000P\000O\000R\000T}{}% 2975
\BOOKMARK [1][]{section.2976}{\376\377\000S\000R\0006\0009\0009\000:\000\040\000A\000.\000P\000.\000D\000.\000\040\000R\000O\000S\000O\000L\000I\000N\000I}{}% 2976
\BOOKMARK [1][]{section.2977}{\376\377\000S\000R\0007\0000\0005\000:\000\040\000A\000.\000S\000.\000D\000.\000\040\0005\000K\000\040\000F\000L\000O\000R\000I\000D\000I\000A\000\040\000M\000A\000R\000A\000T\000H\000O\000N}{}% 2977
\BOOKMARK [1][]{section.2978}{\376\377\000S\000R\0007\0001\0009\000:\000\040\000A\000.\000S\000.\000\040\000D\000I\000L\000.\000\040\000A\000M\000I\000C\000O\000\040\000C\000O\000R\000R\000I\000D\000O\000R\000E\000\040\000S\000R}{}% 2978
\BOOKMARK [1][]{section.2979}{\376\377\000S\000R\0007\0002\0000\000:\000\040\000A\000.\000S\000.\000D\000.\000\040\000M\000E\000G\000A\000R\000A\000\040\000R\000U\000N\000N\000I\000N\000G}{}% 2979
\BOOKMARK [1][]{section.2980}{\376\377\000S\000R\0007\0002\0003\000:\000\040\000A\000S\000D\000\040\000G\000R\000O\000U\000P\000\040\000R\000U\000N\000N\000I\000N\000G\000\040\000E\000X\000S\000C\000L\000U\000S\000I\000V\000E}{}% 2980
\BOOKMARK [1][]{section.2981}{\376\377\000S\000R\0007\0002\0006\000:\000\040\000A\000S\000D\000\040\000P\000A\000L\000O\000M\000B\000E\000L\000L\000A\000\040\000R\000U\000N\000N\000I\000N\000G}{}% 2981
\BOOKMARK [1][]{section.2982}{\376\377\000S\000R\0007\0002\0007\000:\000\040\000A\000.\000S\000.\000D\000.\000P\000O\000L\000.\000\040\000A\000T\000L\000E\000T\000I\000C\000A\000\040\000H\000Y\000B\000L\000A}{}% 2982
\BOOKMARK [1][]{section.2983}{\376\377\000S\000R\0007\0003\0006\000:\000\040\000A\000S\000D\000\040\000P\000O\000L\000I\000S\000P\000O\000R\000T\000I\000V\000A\000\040\000S\000.\000\040\000S\000E\000B\000A\000S\000T\000I\000A\000N\000O}{}% 2983
\BOOKMARK [1][]{section.2984}{\376\377\000S\000R\0007\0003\0008\000:\000\040\000A\000.\000S\000.\000D\000.\000\040\000O\000R\000A\000N\000G\000E\000\040\000A\000T\000H\000L\000E\000T\000I\000C\000S}{}% 2984
\BOOKMARK [1][]{section.2985}{\376\377\000S\000S\0000\0001\0006\000:\000\040\000S\000S\000\040\000A\000L\000A\000S\000P\000O\000R\000T}{}% 2985
\BOOKMARK [1][]{section.2986}{\376\377\000S\000S\0000\0001\0009\000:\000\040\000C\000.\000U\000.\000S\000.\000\040\000S\000A\000S\000S\000A\000R\000I}{}% 2986
\BOOKMARK [1][]{section.2987}{\376\377\000S\000S\0000\0002\0001\000:\000\040\000A\000S\000C\000\040\000A\000T\000L\000\040\000S\000A\000N\000\040\000G\000I\000O\000V\000A\000N\000N\000I}{}% 2987
\BOOKMARK [1][]{section.2988}{\376\377\000S\000S\0000\0002\0006\000:\000\040\000S\000T\000U\000D\000I\000U\000M\000\040\000E\000T\000\040\000S\000T\000A\000D\000I\000U\000M}{}% 2988
\BOOKMARK [1][]{section.2989}{\376\377\000S\000S\0000\0002\0008\000:\000\040\000P\000O\000L\000\040\000L\000I\000B\000\040\000A\000T\000L\000\040\000S\000A\000S\000S\000A\000R\000I}{}% 2989
\BOOKMARK [1][]{section.2990}{\376\377\000S\000S\0000\0003\0004\000:\000\040\000A\000T\000L\000E\000T\000I\000C\000A\000\040\000O\000Z\000I\000E\000R\000I}{}% 2990
\BOOKMARK [1][]{section.2991}{\376\377\000S\000S\0000\0004\0003\000:\000\040\000G\000.\000S\000.\000\040\000A\000T\000L\000\040\000O\000L\000B\000I\000A}{}% 2991
\BOOKMARK [1][]{section.2992}{\376\377\000S\000S\0000\0005\0007\000:\000\040\000D\000O\000P\000\040\000P\000E\000T\000R\000O\000L\000C\000H\000I\000M\000I\000C\000O\000\040\000P\000O\000R\000T\000O\000T\000O\000R\000R\000E\000S}{}% 2992
\BOOKMARK [1][]{section.2993}{\376\377\000S\000S\0000\0005\0009\000:\000\040\000A\000T\000L\000\040\000L\000E\000G\000G\000\040\000P\000O\000R\000T\000O\000\040\000T\000O\000R\000R\000E\000S}{}% 2993
\BOOKMARK [1][]{section.2994}{\376\377\000S\000S\0000\0006\0004\000:\000\040\000C\000C\000R\000S\000\040\000S\000O\000R\000S\000O}{}% 2994
\BOOKMARK [1][]{section.2995}{\376\377\000S\000S\0000\0006\0007\000:\000\040\000S\000S\000\040\000G\000Y\000M\000N\000A\000S\000I\000U\000M\000\040\000A\000T\000L\000\040\000A\000L\000G\000H\000E\000R\000O}{}% 2995
\BOOKMARK [1][]{section.2996}{\376\377\000S\000S\0000\0009\0003\000:\000\040\000P\000O\000D\000\040\000A\000M\000A\000T\000O\000R\000I\000\040\000O\000L\000B\000I\000A}{}% 2996
\BOOKMARK [1][]{section.2997}{\376\377\000S\000S\0001\0000\0003\000:\000\040\000A\000T\000L\000E\000T\000I\000C\000A\000\040\000A\000R\000Z\000A\000C\000H\000E\000N\000A}{}% 2997
\BOOKMARK [1][]{section.2998}{\376\377\000S\000S\0001\0001\0002\000:\000\040\000A\000T\000L\000\040\000B\000U\000D\000D\000U\000S\000O\000'}{}% 2998
\BOOKMARK [1][]{section.2999}{\376\377\000S\000S\0001\0002\0002\000:\000\040\000A\000T\000L\000\040\000L\000E\000G\000G\000\040\000L\000U\000R\000A\000S}{}% 2999
\BOOKMARK [1][]{section.3000}{\376\377\000S\000S\0001\0002\0005\000:\000\040\000A\000T\000L\000E\000T\000I\000C\000A\000\040\000P\000L\000O\000A\000G\000H\000E}{}% 3000
\BOOKMARK [1][]{section.3001}{\376\377\000S\000S\0001\0007\0003\000:\000\040\000S\000O\000C\000\040\000A\000T\000L\000\040\000T\000E\000M\000P\000I\000O\000\040\000P\000A\000U\000S\000A\000N\000I\000A}{}% 3001
\BOOKMARK [1][]{section.3002}{\376\377\000S\000S\0001\0008\0001\000:\000\040\000G\000S\000\040\000M\000O\000N\000T\000E\000\040\000A\000C\000U\000T\000O\000\040\000M\000A\000R\000A\000T\000H\000O\000N}{}% 3002
\BOOKMARK [1][]{section.3003}{\376\377\000S\000S\0001\0008\0002\000:\000\040\000I\000\040\000G\000U\000E\000R\000R\000I\000E\000R\000I\000\040\000D\000E\000L\000\040\000P\000A\000V\000O\000N\000E}{}% 3003
\BOOKMARK [1][]{section.3004}{\376\377\000S\000S\0001\0009\0001\000:\000\040\000T\000R\000I\000A\000T\000H\000L\000O\000N\000\040\000T\000E\000A\000M\000\040\000S\000A\000S\000S\000A\000R\000I}{}% 3004
\BOOKMARK [1][]{section.3005}{\376\377\000S\000S\0001\0009\0006\000:\000\040\000G\000S\000\040\000A\000T\000L\000E\000T\000I\000C\000A\000\040\000R\000U\000N\000N\000E\000R\000S\000\040\000O\000S\000C\000H\000I\000R\000I}{}% 3005
\BOOKMARK [1][]{section.3006}{\376\377\000S\000S\0001\0009\0007\000:\000\040\000A\000T\000L\000\040\000C\000I\000V\000I\000T\000A\000S\000\040\000O\000L\000B\000I\000A}{}% 3006
\BOOKMARK [1][]{section.3007}{\376\377\000S\000S\0002\0000\0000\000:\000\040\000A\000T\000L\000E\000T\000I\000C\000A\000\040\000G\000O\000C\000E\000A\000N\000O}{}% 3007
\BOOKMARK [1][]{section.3008}{\376\377\000S\000S\0002\0000\0006\000:\000\040\000A\000T\000L\000E\000T\000I\000C\000A\000\040\000A\000N\000G\000L\000O\000N\000A\000\040\000L\000A\000E\000R\000R\000U}{}% 3008
\BOOKMARK [1][]{section.3009}{\376\377\000S\000S\0002\0000\0007\000:\000\040\000A\000T\000L\000E\000T\000I\000C\000A\000\040\000S\000A\000S\000S\000A\000R\000I}{}% 3009
\BOOKMARK [1][]{section.3010}{\376\377\000S\000S\0002\0000\0008\000:\000\040\000A\000L\000G\000H\000E\000R\000O\000\040\000M\000A\000R\000A\000T\000H\000O\000N}{}% 3010
\BOOKMARK [1][]{section.3011}{\376\377\000S\000S\0002\0001\0005\000:\000\040\000R\000U\000N\000N\000E\000R\000\040\000S\000A\000S\000S\000A\000R\000I}{}% 3011
\BOOKMARK [1][]{section.3012}{\376\377\000S\000S\0002\0001\0007\000:\000\040\000P\000O\000D\000I\000S\000T\000I\000C\000A\000\040\000S\000A\000S\000S\000A\000R\000I}{}% 3012
\BOOKMARK [1][]{section.3013}{\376\377\000S\000S\0002\0002\0000\000:\000\040\000A\000.\000S\000.\000D\000.\000\040\000I\000C\000H\000N\000O\000S\000\040\000S\000A\000S\000S\000A\000R\000I}{}% 3013
\BOOKMARK [1][]{section.3014}{\376\377\000S\000S\0002\0002\0001\000:\000\040\000M\000A\000R\000A\000T\000H\000O\000N\000\040\000C\000L\000U\000B\000\040\000T\000E\000M\000P\000I\000O}{}% 3014
\BOOKMARK [1][]{section.3015}{\376\377\000S\000S\0002\0002\0008\000:\000\040\000S\000H\000A\000R\000D\000A\000N\000A\000\040\000A\000S\000D}{}% 3015
\BOOKMARK [1][]{section.3016}{\376\377\000S\000S\0002\0002\0009\000:\000\040\000A\000T\000L\000E\000T\000I\000C\000A\000\040\000S\000A\000N\000\040\000T\000E\000O\000D\000O\000R\000O}{}% 3016
\BOOKMARK [1][]{section.3017}{\376\377\000S\000S\0002\0004\0000\000:\000\040\000A\000S\000D\000\040\000S\000A\000R\000D\000A\000S\000P\000O\000R\000T}{}% 3017
\BOOKMARK [1][]{section.3018}{\376\377\000S\000S\0002\0004\0005\000:\000\040\000A\000T\000L\000E\000T\000I\000C\000A\000\040\000I\000T\000T\000I\000R\000I\000\040\000C\000A\000N\000N\000E\000D\000U\000\040\000A\000.\000S\000.\000D\000.}{}% 3018
\BOOKMARK [1][]{section.3019}{\376\377\000S\000S\0002\0004\0007\000:\000\040\000A\000L\000G\000U\000E\000R\000U\000N\000N\000E\000R\000S\000\040\000A\000S\000S\000O\000C\000I\000A\000Z\000I\000O\000N\000E\000\040\000S\000P\000O\000R}{}% 3019
\BOOKMARK [1][]{section.3020}{\376\377\000S\000S\0002\0005\0002\000:\000\040\000A\000.\000S\000.\000D\000.\000\040\000A\000C\000S\000I\000\040\000A\000T\000L\000E\000T\000I\000C\000A\000\040\000G\000A\000L\000L\000U\000R\000A}{}% 3020
\BOOKMARK [1][]{section.3021}{\376\377\000S\000S\0002\0005\0007\000:\000\040\000A\000S\000D\000\040\000S\000O\000S\000\040\000I\000D\000D\000A\000N\000O\000E\000S\000O\000S}{}% 3021
\BOOKMARK [1][]{section.3022}{\376\377\000S\000S\0002\0005\0008\000:\000\040\000A\000T\000L\000E\000T\000I\000C\000A\000\040\000S\000A\000S\000S\000A\000R\000I\000\040\000A\000S\000S\000O\000C\000I\000A\000Z\000I\000O\000N\000E}{}% 3022
\BOOKMARK [1][]{section.3023}{\376\377\000S\000S\0002\0007\0008\000:\000\040\000P\000O\000L\000.\000\040\000P\000O\000R\000T\000O\000\040\000R\000O\000T\000O\000N\000D\000O\000\040\000A\000.\000S\000.\000D\000.}{}% 3023
\BOOKMARK [1][]{section.3024}{\376\377\000S\000S\0002\0008\0003\000:\000\040\000R\000U\000N\000F\000A\000S\000T\000\040\000S\000A\000S\000S\000A\000R\000I\000\040\000A\000S\000D}{}% 3024
\BOOKMARK [1][]{section.3025}{\376\377\000S\000S\0002\0008\0004\000:\000\040\000A\000.\000S\000.\000D\000.\000\040\000A\000C\000A\000D\000E\000M\000Y\000\040\000O\000L\000B\000I\000A\000\040\000A\000T\000L\000E\000T\000I\000C\000A}{}% 3025
\BOOKMARK [1][]{section.3026}{\376\377\000S\000S\0002\0008\0007\000:\000\040\000A\000T\000L\000E\000T\000I\000C\000A\000M\000E\000N\000T\000E\000\040\000A\000.\000S\000.\000D\000.}{}% 3026
\BOOKMARK [1][]{section.3027}{\376\377\000S\000S\0002\0008\0008\000:\000\040\000A\000S\000D\000\040\000P\000O\000L\000I\000P\000O\000R\000T\000I\000V\000A\000\040\0003\000P}{}% 3027
\BOOKMARK [1][]{section.3028}{\376\377\000S\000S\0002\0009\0001\000:\000\040\000A\000S\000D\000\040\000T\000E\000M\000P\000L\000U\000M\000\040\000A\000T\000H\000L\000E\000T\000A\000E}{}% 3028
\BOOKMARK [1][]{section.3029}{\376\377\000S\000V\0000\0001\0000\000:\000\040\000A\000T\000L\000.\000\040\000G\000I\000L\000L\000A\000R\000D\000O\000\040\000R\000E\000N\000Z\000O\000\040\000M\000I\000L\000L\000E\000S\000I\000M\000O}{}% 3029
\BOOKMARK [1][]{section.3030}{\376\377\000S\000V\0000\0001\0009\000:\000\040\000A\000T\000L\000E\000T\000I\000C\000A\000\040\000V\000A\000R\000A\000Z\000Z\000E}{}% 3030
\BOOKMARK [1][]{section.3031}{\376\377\000S\000V\0000\0002\0001\000:\000\040\000A\000T\000L\000E\000T\000I\000C\000A\000\040\000C\000A\000I\000R\000O}{}% 3031
\BOOKMARK [1][]{section.3032}{\376\377\000S\000V\0000\0002\0002\000:\000\040\000C\000E\000N\000T\000R\000O\000\040\000A\000T\000L\000E\000T\000I\000C\000A\000\040\000C\000E\000L\000L\000E\000\040\000L\000I\000G\000U\000R\000E}{}% 3032
\BOOKMARK [1][]{section.3033}{\376\377\000S\000V\0000\0002\0003\000:\000\040\000A\000T\000L\000.\000\040\000R\000U\000N\000\040\000F\000I\000N\000A\000L\000E\000\040\000L\000I\000G\000U\000R\000E}{}% 3033
\BOOKMARK [1][]{section.3034}{\376\377\000S\000V\0000\0002\0006\000:\000\040\000A\000.\000S\000.\000D\000.\000\040\000A\000T\000L\000E\000T\000I\000C\000A\000\040\000A\000L\000B\000A\000\040\000D\000O\000C\000I\000L\000I\000A}{}% 3034
\BOOKMARK [1][]{section.3035}{\376\377\000S\000V\0000\0003\0000\000:\000\040\000A\000S\000D\000\040\000R\000U\000N\000R\000I\000V\000I\000E\000R\000A\000R\000U\000N}{}% 3035
\BOOKMARK [1][]{section.3036}{\376\377\000S\000V\0000\0003\0007\000:\000\040\000U\000N\000I\000V\000E\000R\000S\000A\000L\000E\000\040\000A\000L\000B\000A\000\040\000D\000O\000C\000I\000L\000I\000A}{}% 3036
\BOOKMARK [1][]{section.3037}{\376\377\000S\000V\0000\0004\0000\000:\000\040\000A\000S\000D\000\040\000T\000R\000I\000A\000T\000H\000L\000O\000N\000\040\000S\000A\000V\000O\000N\000A}{}% 3037
\BOOKMARK [1][]{section.3038}{\376\377\000S\000V\0000\0005\0000\000:\000\040\000M\000A\000R\000E\000M\000O\000N\000T\000A\000N\000A\000\040\000A\000.\000S\000.\000D\000.}{}% 3038
\BOOKMARK [1][]{section.3039}{\376\377\000S\000V\0000\0005\0008\000:\000\040\000A\000T\000L\000E\000T\000I\000C\000A\000\040\000C\000E\000R\000I\000A\000L\000E\000\040\000S\000A\000N\000\040\000G\000I\000O\000R\000G\000I\000O}{}% 3039
\BOOKMARK [1][]{section.3040}{\376\377\000S\000V\0000\0006\0000\000:\000\040\000R\000U\000N\000\046\000M\000O\000T\000I\000O\000N}{}% 3040
\BOOKMARK [1][]{section.3041}{\376\377\000S\000V\0000\0007\0000\000:\000\040\000A\000T\000L\000E\000T\000I\000C\000A\000\040\000A\000R\000C\000O\000B\000A\000L\000E\000N\000O\000\040\000S\000A\000V\000O\000N\000A}{}% 3041
\BOOKMARK [1][]{section.3042}{\376\377\000S\000V\0000\0009\0000\000:\000\040\000A\000T\000L\000E\000T\000I\000C\000A\000\040\000V\000A\000L\000\040\000L\000E\000R\000R\000O\000N\000E}{}% 3042
\BOOKMARK [1][]{section.3043}{\376\377\000S\000V\0002\0000\0002\000:\000\040\000A\000S\000D\000\040\000A\000L\000B\000E\000N\000G\000A\000\040\000R\000U\000N\000N\000E\000R\000S}{}% 3043
\BOOKMARK [1][]{section.3044}{\376\377\000S\000V\0003\0000\0000\000:\000\040\000B\000A\000R\000N\000E\000S\000\040\000T\000R\000A\000I\000L\000\040\000A\000N\000D\000\040\000R\000O\000A\000D\000\040\000A\000S\000D}{}% 3044
\BOOKMARK [1][]{section.3045}{\376\377\000S\000V\0005\0005\0001\000:\000\040\000S\000.\000S\000.\000\040\000R\000U\000N\000N\000E\000R\000S\000\040\000L\000O\000A\000N\000O}{}% 3045
\BOOKMARK [1][]{section.3046}{\376\377\000S\000V\0005\0006\0001\000:\000\040\000P\000O\000D\000I\000S\000T\000I\000C\000A\000\040\000S\000A\000V\000O\000N\000E\000S\000E}{}% 3046
\BOOKMARK [1][]{section.3047}{\376\377\000S\000V\0006\0000\0000\000:\000\040\000A\000.\000S\000.\000D\000.\000\040\000A\000T\000L\000E\000T\000I\000C\000A\000\040\000B\000O\000I\000S\000S\000A\000N\000O\000\040\000T\000E\000A\000M}{}% 3047
\BOOKMARK [1][]{section.3048}{\376\377\000S\000V\0009\0009\0009\000:\000\040\000A\000T\000L\000E\000T\000I\000C\000A\000\040\000S\000A\000V\000O\000N\000A}{}% 3048
\BOOKMARK [1][]{section.3049}{\376\377\000T\000A\0004\0000\0001\000:\000\040\000S\000.\000S\000.\000\040\000L\000'\000A\000M\000I\000C\000O\000\040\000T\000A\000R\000A\000N\000T\000O}{}% 3049
\BOOKMARK [1][]{section.3050}{\376\377\000T\000A\0004\0000\0002\000:\000\040\000A\000.\000S\000.\000D\000.\000\040\000P\000O\000D\000I\000S\000T\000I\000C\000A\000\040\000G\000R\000O\000T\000T\000A\000G\000L\000I\000E}{}% 3050
\BOOKMARK [1][]{section.3051}{\376\377\000T\000A\0004\0000\0008\000:\000\040\000A\000.\000S\000\040\000P\000O\000D\000I\000S\000T\000I\000C\000A\000\040\000T\000A\000R\000A\000S}{}% 3051
\BOOKMARK [1][]{section.3052}{\376\377\000T\000A\0004\0000\0009\000:\000\040\000U\000.\000S\000.\000A\000T\000L\000E\000T\000I\000C\000A\000\040\000T\000A\000R\000A\000N\000T\000O}{}% 3052
\BOOKMARK [1][]{section.3053}{\376\377\000T\000A\0004\0001\0003\000:\000\040\000A\000S\000D\000.\000\040\000A\000T\000L\000.\000\040\000L\000'\000A\000M\000I\000C\000O\000-\000C\000R\000A\000S\000\040\000T\000A\000R\000A\000N\000T\000O}{}% 3053
\BOOKMARK [1][]{section.3054}{\376\377\000T\000A\0004\0001\0004\000:\000\040\000A\000T\000L\000E\000T\000I\000C\000A\000\040\000J\000O\000N\000I\000C\000A}{}% 3054
\BOOKMARK [1][]{section.3055}{\376\377\000T\000A\0004\0001\0005\000:\000\040\000A\000.\000S\000.\000A\000M\000A\000T\000O\000R\000I\000\040\000P\000O\000D\000I\000S\000T\000I\000C\000A\000\040\000M\000A\000S\000S\000A\000F\000R\000A}{}% 3055
\BOOKMARK [1][]{section.3056}{\376\377\000T\000A\0004\0002\0000\000:\000\040\000P\000O\000L\000.\000\040\000N\000U\000O\000V\000A\000\040\000S\000.\000\040\000E\000L\000I\000A\000\040\000G\000R\000O\000T\000T\000A\000G\000L\000I\000E}{}% 3056
\BOOKMARK [1][]{section.3057}{\376\377\000T\000A\0004\0002\0003\000:\000\040\000C\000L\000U\000B\000\040\000R\000U\000N\000N\000E\000R\000\040\0008\0007\000\040\000C\000A\000S\000T\000E\000L\000L\000A\000N\000E\000T\000A}{}% 3057
\BOOKMARK [1][]{section.3058}{\376\377\000T\000A\0004\0002\0004\000:\000\040\000C\000O\000R\000R\000E\000R\000E\000\040\000E\000'\000\040\000S\000A\000L\000U\000T\000E\000\040\000M\000O\000T\000T\000O\000L\000A}{}% 3058
\BOOKMARK [1][]{section.3059}{\376\377\000T\000A\0004\0002\0005\000:\000\040\000A\000S\000D\000\040\000P\000O\000D\000.\000\040\000F\000A\000G\000G\000I\000A\000N\000O\000\040\000V\000.\000P\000.\000\040\000S\000E\000R\000V\000I\000C\000E}{}% 3059
\BOOKMARK [1][]{section.3060}{\376\377\000T\000A\0004\0002\0006\000:\000\040\000N\000U\000O\000V\000A\000\040\000A\000T\000L\000E\000T\000I\000C\000A\000\040\000L\000A\000T\000E\000R\000Z\000A}{}% 3060
\BOOKMARK [1][]{section.3061}{\376\377\000T\000A\0004\0003\0002\000:\000\040\000S\000.\000A\000T\000L\000.\000\040\000S\000.\000G\000.\000B\000O\000S\000C\000O\000\040\000P\000A\000L\000A\000G\000I\000A\000N\000E\000L\000L\000O}{}% 3061
\BOOKMARK [1][]{section.3062}{\376\377\000T\000A\0004\0003\0008\000:\000\040\000C\000R\000I\000S\000P\000I\000A\000N\000O\000\040\000M\000A\000R\000A\000T\000H\000O\000N\000\040\000C\000L\000U\000B\000\040\000O\000N\000L\000U\000S}{}% 3062
\BOOKMARK [1][]{section.3063}{\376\377\000T\000A\0004\0004\0000\000:\000\040\000A\000T\000H\000L\000E\000T\000I\000C\000\040\000T\000E\000A\000M\000\040\000P\000A\000L\000A\000G\000I\000A\000N\000O}{}% 3063
\BOOKMARK [1][]{section.3064}{\376\377\000T\000A\0004\0004\0001\000:\000\040\000G\000.\000S\000.\000\040\000P\000A\000O\000L\000O\000T\000T\000I\000\040\000-\000\040\000A\000T\000L\000\040\000M\000A\000R\000T\000I\000N\000A}{}% 3064
\BOOKMARK [1][]{section.3065}{\376\377\000T\000A\0004\0004\0002\000:\000\040\000R\000U\000N\000N\000E\000R\000S\000\040\000G\000I\000N\000O\000S\000A}{}% 3065
\BOOKMARK [1][]{section.3066}{\376\377\000T\000A\0004\0004\0003\000:\000\040\000P\000O\000L\000.\000\040\000D\000O\000N\000\040\000M\000I\000L\000A\000N\000I}{}% 3066
\BOOKMARK [1][]{section.3067}{\376\377\000T\000A\0004\0004\0005\000:\000\040\000A\000.\000S\000.\000D\000.\000\040\000P\000O\000D\000I\000S\000T\000I\000C\000A\000\040\000T\000A\000L\000S\000A\000N\000O}{}% 3067
\BOOKMARK [1][]{section.3068}{\376\377\000T\000A\0004\0004\0006\000:\000\040\000A\000.\000S\000.\000D\000.\000\040\000M\000A\000R\000A\000T\000H\000O\000N\000\040\000M\000A\000S\000S\000A\000F\000R\000A}{}% 3068
\BOOKMARK [1][]{section.3069}{\376\377\000T\000A\0004\0004\0008\000:\000\040\000I\000K\000K\000O\000S\000\040\000A\000T\000H\000L\000E\000T\000I\000C\000\040\000T\000E\000A\000M}{}% 3069
\BOOKMARK [1][]{section.3070}{\376\377\000T\000A\0004\0005\0000\000:\000\040\000G\000R\000U\000P\000P\000O\000\040\000M\000A\000R\000A\000T\000H\000O\000N\000\040\000M\000A\000R\000T\000I\000N\000A\000\040\000F\000R\000A\000N\000C\000A}{}% 3070
\BOOKMARK [1][]{section.3071}{\376\377\000T\000A\0004\0005\0001\000:\000\040\000A\000.\000S\000.\000D\000.\000\040\000A\000T\000L\000E\000T\000I\000C\000A\000\040\000D\000O\000N\000\040\000M\000I\000L\000A\000N\000I}{}% 3071
\BOOKMARK [1][]{section.3072}{\376\377\000T\000A\0004\0005\0002\000:\000\040\000A\000T\000L\000E\000T\000I\000C\000A\000\040\000G\000R\000O\000T\000T\000A\000G\000L\000I\000E}{}% 3072
\BOOKMARK [1][]{section.3073}{\376\377\000T\000A\0004\0005\0006\000:\000\040\000T\000A\000R\000A\000N\000T\000O\000\040\000S\000P\000O\000R\000T\000I\000V\000A}{}% 3073
\BOOKMARK [1][]{section.3074}{\376\377\000T\000A\0004\0005\0007\000:\000\040\000A\000.\000S\000.\000D\000\040\000A\000T\000L\000.\000\040\000P\000O\000D\000I\000S\000T\000I\000C\000A\000\040\000P\000A\000L\000A\000G\000I\000A\000N\000O}{}% 3074
\BOOKMARK [1][]{section.3075}{\376\377\000T\000A\0004\0005\0008\000:\000\040\000A\000T\000H\000L\000O\000N\000\040\000S\000P\000O\000R\000T\000\040\000P\000L\000A\000N\000E\000T}{}% 3075
\BOOKMARK [1][]{section.3076}{\376\377\000T\000A\0004\0005\0009\000:\000\040\000T\000O\000P\000\040\000R\000U\000N\000N\000E\000R\000S\000\040\000L\000A\000T\000E\000R\000Z\000A}{}% 3076
\BOOKMARK [1][]{section.3077}{\376\377\000T\000A\0004\0006\0000\000:\000\040\000B\000O\000D\000Y\000\040\000A\000N\000G\000E\000L}{}% 3077
\BOOKMARK [1][]{section.3078}{\376\377\000T\000A\0004\0006\0001\000:\000\040\000P\000O\000D\000.\000\040\000C\000A\000R\000O\000S\000I\000N\000O\000\040\000J\000O\000N\000I\000C\000A\000\046\000H\000I\000R\000I\000A\000\040\000M\000E\000S}{}% 3078
\BOOKMARK [1][]{section.3079}{\376\377\000T\000A\0004\0006\0002\000:\000\040\000A\000.\000S\000.\000D\000.\000\040\000T\000R\000I\000A\000T\000H\000L\000O\000N\000\040\000T\000A\000R\000A\000N\000T\000O}{}% 3079
\BOOKMARK [1][]{section.3080}{\376\377\000T\000A\0004\0006\0003\000:\000\040\000A\000.\000S\000.\000D\000.\000\040\000O\000L\000I\000M\000P\000I\000A\000\040\000G\000R\000O\000T\000T\000A\000G\000L\000I\000E}{}% 3080
\BOOKMARK [1][]{section.3081}{\376\377\000T\000A\0004\0006\0004\000:\000\040\000T\000E\000A\000M\000\040\000N\000U\000O\000V\000A\000\040\000P\000O\000D\000I\000S\000T\000I\000C\000A\000\040\000M\000A\000S\000S\000A\000F\000R\000A}{}% 3081
\BOOKMARK [1][]{section.3082}{\376\377\000T\000A\0004\0006\0005\000:\000\040\000A\000S\000D\000\040\000A\000T\000L\000E\000T\000I\000C\000A\000\040\000S\000A\000V\000A}{}% 3082
\BOOKMARK [1][]{section.3083}{\376\377\000T\000A\0004\0006\0006\000:\000\040\000M\000A\000R\000T\000I\000N\000A\000\040\000F\000R\000A\000N\000C\000A\000\040\000R\000U\000N\000N\000I\000N\000G\000\040\000A\000.\000S\000.\000D\000.}{}% 3083
\BOOKMARK [1][]{section.3084}{\376\377\000T\000A\0004\0006\0007\000:\000\040\000A\000T\000L\000E\000T\000I\000C\000A\000\040\000C\000R\000I\000S\000P\000I\000A\000N\000O}{}% 3084
\BOOKMARK [1][]{section.3085}{\376\377\000T\000A\0004\0006\0008\000:\000\040\000A\000T\000L\000E\000T\000I\000C\000A\000\040\000T\000A\000L\000S\000A\000N\000O}{}% 3085
\BOOKMARK [1][]{section.3086}{\376\377\000T\000A\0004\0006\0009\000:\000\040\000A\000T\000L\000E\000T\000I\000C\000A\000\040\000M\000A\000G\000N\000A\000\040\000G\000R\000E\000C\000I\000A}{}% 3086
\BOOKMARK [1][]{section.3087}{\376\377\000T\000A\0004\0007\0000\000:\000\040\000I\000K\000K\000O\000S\000\040\000A\000T\000L\000E\000T\000I\000\040\000T\000A\000R\000A\000N\000T\000O\000\040\000A\000.\000S\000.\000D\000.}{}% 3087
\BOOKMARK [1][]{section.3088}{\376\377\000T\000A\0004\0007\0001\000:\000\040\000A\000.\000S\000.\000D\000.\000\040\000R\000H\000B\000I\000K\000E\000\040\000T\000E\000A\000M}{}% 3088
\BOOKMARK [1][]{section.3089}{\376\377\000T\000A\0004\0007\0003\000:\000\040\000A\000C\000C\000A\000D\000E\000M\000I\000A\000\040\000D\000E\000L\000\040\000M\000O\000V\000I\000M\000E\000N\000T\000O\000\040\000A\000.\000S\000.\000D\000.}{}% 3089
\BOOKMARK [1][]{section.3090}{\376\377\000T\000A\0004\0007\0004\000:\000\040\000A\000.\000S\000.\000D\000.\000F\000I\000T\000N\000E\000S\000S\000\040\000E\000X\000E\000L\000L\000E\000N\000C\000E}{}% 3090
\BOOKMARK [1][]{section.3091}{\376\377\000T\000A\0004\0007\0007\000:\000\040\000A\000S\000D\000\040\000A\000T\000L\000E\000T\000I\000C\000A\000\040\000S\000T\000A\000T\000T\000E\000\040\000A\000.\000V\000.\000I\000.}{}% 3091
\BOOKMARK [1][]{section.3092}{\376\377\000T\000A\0004\0007\0009\000:\000\040\000A\000S\000D\000\040\000N\000U\000O\000V\000A\000\040\000A\000T\000L\000E\000T\000I\000C\000A\000\040\000T\000A\000R\000A\000N\000T\000O}{}% 3092
\BOOKMARK [1][]{section.3093}{\376\377\000T\000A\0004\0008\0001\000:\000\040\000A\000S\000D\000\040\000K\000R\000A\000T\000O\000S\000\040\000M\000A\000S\000S\000A\000F\000R\000A}{}% 3093
\BOOKMARK [1][]{section.3094}{\376\377\000T\000E\0000\0004\0003\000:\000\040\000A\000S\000D\000\040\000G\000.\000P\000.\000\040\000M\000O\000N\000T\000O\000R\000I\000O}{}% 3094
\BOOKMARK [1][]{section.3095}{\376\377\000T\000E\0000\0004\0008\000:\000\040\000A\000.\000P\000.\000D\000.\000\040\000E\000C\000O\000L\000O\000G\000I\000C\000A\000\040\000'\000G\000'}{}% 3095
\BOOKMARK [1][]{section.3096}{\376\377\000T\000E\0000\0004\0009\000:\000\040\000A\000S\000D\000\040\000A\000T\000L\000.\000\040\000V\000O\000M\000A\000N\000O}{}% 3096
\BOOKMARK [1][]{section.3097}{\376\377\000T\000E\0000\0006\0003\000:\000\040\000G\000R\000U\000P\000P\000O\000\040\000P\000O\000D\000.\000\040\000A\000M\000A\000T\000O\000R\000I\000\040\000T\000E\000R\000A\000M\000O\000\040\000S\000S\000D}{}% 3097
\BOOKMARK [1][]{section.3098}{\376\377\000T\000E\0000\0009\0001\000:\000\040\000A\000S\000D\000\040\000D\000I\000V\000.\000A\000T\000L\000.\000'\000T\000.\000\040\000C\000I\000A\000N\000C\000I\000O\000T\000T\000A\000'\000\040\000T\000E}{}% 3098
\BOOKMARK [1][]{section.3099}{\376\377\000T\000E\0001\0002\0001\000:\000\040\000A\000S\000D\000\040\000I\000N\000T\000E\000R\000A\000M\000N\000I\000A\000\040\000C\000L\000U\000B\000\040\000S\000R\000L}{}% 3099
\BOOKMARK [1][]{section.3100}{\376\377\000T\000E\0001\0003\0000\000:\000\040\000A\000S\000D\000\040\000D\000I\000V\000.\000\040\000A\000T\000L\000.\000'\000C\000.\000B\000E\000R\000N\000A\000R\000D\000I\000N\000I\000'\000T\000E}{}% 3100
\BOOKMARK [1][]{section.3101}{\376\377\000T\000E\0001\0003\0008\000:\000\040\000A\000S\000D\000\040\000A\000T\000L\000E\000T\000I\000C\000A\000\040\000G\000R\000A\000N\000\040\000S\000A\000S\000S\000O\000\040\000T\000E\000R\000A\000M\000O}{}% 3101
\BOOKMARK [1][]{section.3102}{\376\377\000T\000E\0001\0006\0000\000:\000\040\000A\000T\000L\000E\000T\000I\000C\000A\000\040\000T\000E\000R\000A\000M\000O}{}% 3102
\BOOKMARK [1][]{section.3103}{\376\377\000T\000E\0001\0006\0002\000:\000\040\000A\000D\000R\000I\000A\000T\000I\000C\000O\000\040\000T\000E\000A\000M\000\040\000P\000O\000L\000I\000S\000P\000O\000R\000T\000I\000V\000A}{}% 3103
\BOOKMARK [1][]{section.3104}{\376\377\000T\000E\0001\0006\0003\000:\000\040\000G\000.\000P\000.\000P\000R\000E\000T\000U\000Z\000I\000\040\000R\000U\000N\000N\000E\000R\000S\000\040\000T\000E\000R\000A\000M\000O\000\040\000A\000S\000D}{}% 3104
\BOOKMARK [1][]{section.3105}{\376\377\000T\000E\0002\0000\0000\000:\000\040\000T\000U\000R\000I\000S\000M\000O\000\040\000P\000O\000D\000I\000S\000M\000O}{}% 3105
\BOOKMARK [1][]{section.3106}{\376\377\000T\000E\0002\0000\0003\000:\000\040\000A\000S\000D\000\040\000I\000\040\000P\000O\000D\000I\000S\000T\000I\000\040\000D\000I\000\040\000N\000E\000M\000O}{}% 3106
\BOOKMARK [1][]{section.3107}{\376\377\000T\000E\0002\0000\0004\000:\000\040\000A\000.\000S\000.\000D\000.\000G\000.\000S\000.\000M\000A\000R\000T\000I\000N\000S\000I\000C\000U\000R\000O}{}% 3107
\BOOKMARK [1][]{section.3108}{\376\377\000T\000E\0002\0000\0007\000:\000\040\000A\000.\000S\000.\000D\000.\000\040\000R\000O\000S\000E\000T\000O\000\040\000E\000N\000D\000U\000R\000A\000N\000C\000E}{}% 3108
\BOOKMARK [1][]{section.3109}{\376\377\000T\000N\0001\0000\0001\000:\000\040\000A\000T\000L\000E\000T\000I\000C\000A\000\040\000T\000R\000E\000N\000T\000O}{}% 3109
\BOOKMARK [1][]{section.3110}{\376\377\000T\000N\0001\0000\0002\000:\000\040\000A\000T\000L\000.\000\040\000V\000A\000L\000L\000I\000\040\000D\000I\000\040\000N\000O\000N\000\040\000E\000\040\000S\000O\000L\000E}{}% 3110
\BOOKMARK [1][]{section.3111}{\376\377\000T\000N\0001\0000\0003\000:\000\040\000A\000T\000L\000E\000T\000I\000C\000A\000\040\000C\000L\000A\000R\000I\000N\000A\000\040\000T\000R\000E\000N\000T\000I\000N\000O}{}% 3111
\BOOKMARK [1][]{section.3112}{\376\377\000T\000N\0001\0000\0004\000:\000\040\000G\000S\000\040\000V\000A\000L\000S\000U\000G\000A\000N\000A\000\040\000T\000R\000E\000N\000T\000I\000N\000O}{}% 3112
\BOOKMARK [1][]{section.3113}{\376\377\000T\000N\0001\0000\0006\000:\000\040\000A\000S\000D\000\040\000C\000I\000T\000T\000A\000'\000\040\000D\000I\000\040\000T\000R\000E\000N\000T\000O}{}% 3113
\BOOKMARK [1][]{section.3114}{\376\377\000T\000N\0001\0000\0007\000:\000\040\000G\000.\000S\000.\000\040\000B\000O\000N\000D\000O}{}% 3114
\BOOKMARK [1][]{section.3115}{\376\377\000T\000N\0001\0000\0008\000:\000\040\000A\000T\000H\000L\000.\000\040\000T\000E\000A\000M\000\040\000R\000I\000V\000A}{}% 3115
\BOOKMARK [1][]{section.3116}{\376\377\000T\000N\0001\0000\0009\000:\000\040\000U\000.\000S\000.\000\040\000Q\000U\000E\000R\000C\000I\000A\000\040\000D\000A\000O\000\040\000C\000O\000N\000A\000D}{}% 3116
\BOOKMARK [1][]{section.3117}{\376\377\000T\000N\0001\0001\0001\000:\000\040\000A\000T\000L\000.\000\040\000M\000A\000I\000D\000A}{}% 3117
\BOOKMARK [1][]{section.3118}{\376\377\000T\000N\0001\0001\0003\000:\000\040\000U\000.\000S\000.\000D\000.\000\040\000C\000E\000R\000M\000I\000S}{}% 3118
\BOOKMARK [1][]{section.3119}{\376\377\000T\000N\0001\0001\0008\000:\000\040\000U\000S\000\040\000C\000O\000R\000N\000A\000C\000C\000I}{}% 3119
\BOOKMARK [1][]{section.3120}{\376\377\000T\000N\0001\0001\0009\000:\000\040\000S\000.\000A\000.\000\040\000V\000A\000L\000C\000H\000I\000E\000S\000E}{}% 3120
\BOOKMARK [1][]{section.3121}{\376\377\000T\000N\0001\0002\0000\000:\000\040\000U\000.\000S\000.\000\040\000D\000O\000L\000O\000M\000I\000T\000I\000C\000A\000\040\000A\000S\000D}{}% 3121
\BOOKMARK [1][]{section.3122}{\376\377\000T\000N\0001\0002\0006\000:\000\040\000U\000.\000S\000.\000\040\000S\000T\000E\000L\000L\000A\000\040\000A\000L\000P\000I\000N\000A\000\040\000C\000A\000R\000A\000N\000O}{}% 3122
\BOOKMARK [1][]{section.3123}{\376\377\000T\000N\0001\0002\0007\000:\000\040\000J\000U\000N\000I\000O\000R\000\040\000S\000P\000O\000R\000T\000\040\000A\000V\000I\000O}{}% 3123
\BOOKMARK [1][]{section.3124}{\376\377\000T\000N\0001\0002\0009\000:\000\040\000U\000.\000S\000.\000\040\000L\000A\000T\000E\000M\000A\000R}{}% 3124
\BOOKMARK [1][]{section.3125}{\376\377\000T\000N\0001\0003\0001\000:\000\040\000L\000A\000G\000A\000R\000I\000N\000A\000\040\000C\000R\000U\000S\000\040\000T\000E\000A\000M}{}% 3125
\BOOKMARK [1][]{section.3126}{\376\377\000T\000N\0001\0003\0004\000:\000\040\000G\000.\000A\000.\000\040\000P\000A\000L\000I\000O\000\040\000C\000I\000T\000T\000A\000\040\000D\000E\000L\000L\000A\000\040\000Q\000U\000E\000R\000C\000I\000A}{}% 3126
\BOOKMARK [1][]{section.3127}{\376\377\000T\000N\0001\0003\0005\000:\000\040\000A\000T\000L\000E\000T\000I\000C\000A\000\040\000A\000L\000T\000O\000\040\000G\000A\000R\000D\000A\000\040\000E\000\040\000L\000E\000D\000R\000O}{}% 3127
\BOOKMARK [1][]{section.3128}{\376\377\000T\000N\0001\0003\0006\000:\000\040\000U\000.\000S\000.\000\040\000P\000R\000I\000M\000I\000E\000R\000O\000\040\000A\000S\000D}{}% 3128
\BOOKMARK [1][]{section.3129}{\376\377\000T\000N\0001\0003\0009\000:\000\040\000S\000.\000S\000.\000\040\000T\000E\000N\000N\000O}{}% 3129
\BOOKMARK [1][]{section.3130}{\376\377\000T\000N\0001\0005\0001\000:\000\040\000M\000A\000R\000A\000T\000H\000O\000N\000\040\000C\000L\000U\000B\000\040\000T\000R\000E\000N\000T\000O}{}% 3130
\BOOKMARK [1][]{section.3131}{\376\377\000T\000N\0005\0000\0000\000:\000\040\000A\000T\000L\000E\000T\000I\000C\000A\000\040\000V\000A\000L\000L\000E\000\040\000D\000I\000\040\000C\000E\000M\000B\000R\000A}{}% 3131
\BOOKMARK [1][]{section.3132}{\376\377\000T\000N\0005\0000\0001\000:\000\040\000A\000T\000L\000E\000T\000I\000C\000A\000\040\000T\000I\000O\000N\000E}{}% 3132
\BOOKMARK [1][]{section.3133}{\376\377\000T\000N\0005\0000\0002\000:\000\040\000U\000.\000S\000.\000\040\000M\000O\000N\000T\000I\000\040\000P\000A\000L\000L\000I\000D\000I}{}% 3133
\BOOKMARK [1][]{section.3134}{\376\377\000T\000N\0005\0000\0009\000:\000\040\000A\000T\000L\000E\000T\000I\000C\000A\000\040\000T\000E\000A\000M\000\040\000L\000O\000P\000P\000I\000O}{}% 3134
\BOOKMARK [1][]{section.3135}{\376\377\000T\000N\0005\0001\0007\000:\000\040\000A\000T\000L\000.\000\040\000V\000I\000L\000L\000A\000Z\000Z\000A\000N\000O}{}% 3135
\BOOKMARK [1][]{section.3136}{\376\377\000T\000N\0005\0002\0002\000:\000\040\000G\000.\000S\000.\000\040\000F\000R\000A\000V\000E\000G\000G\000I\000O}{}% 3136
\BOOKMARK [1][]{section.3137}{\376\377\000T\000N\0005\0002\0004\000:\000\040\000G\000.\000S\000.\000\040\000T\000R\000I\000L\000A\000C\000U\000M}{}% 3137
\BOOKMARK [1][]{section.3138}{\376\377\000T\000N\0005\0002\0007\000:\000\040\000A\000T\000L\000E\000T\000I\000C\000A\000\040\000R\000O\000T\000A\000L\000I\000A\000N\000A}{}% 3138
\BOOKMARK [1][]{section.3139}{\376\377\000T\000N\0005\0003\0001\000:\000\040\000T\000R\000E\000N\000T\000I\000N\000O\000\040\000R\000U\000N\000N\000I\000N\000G\000\040\000T\000E\000A\000M}{}% 3139
\BOOKMARK [1][]{section.3140}{\376\377\000T\000N\0005\0003\0003\000:\000\040\000T\000R\000E\000N\000T\000I\000N\000O\000\040\000L\000A\000G\000O\000R\000A\000I\000\040\000T\000E\000A\000M}{}% 3140
\BOOKMARK [1][]{section.3141}{\376\377\000T\000N\0005\0004\0000\000:\000\040\000P\000O\000L\000.\000V\000A\000\040\000G\000I\000U\000D\000I\000C\000A\000R\000I\000E\000\040\000E\000S\000T\000E\000R\000I\000O\000R\000I}{}% 3141
\BOOKMARK [1][]{section.3142}{\376\377\000T\000N\0005\0004\0002\000:\000\040\000A\000T\000L\000E\000T\000I\000C\000A\000\040\000A\000M\000B\000I\000E\000Z}{}% 3142
\BOOKMARK [1][]{section.3143}{\376\377\000T\000N\0005\0005\0000\000:\000\040\000G\000A\000R\000D\000A\000S\000P\000O\000R\000T\000E\000V\000E\000N\000T\000S}{}% 3143
\BOOKMARK [1][]{section.3144}{\376\377\000T\000N\0005\0005\0002\000:\000\040\000A\000T\000L\000E\000T\000I\000C\000A\000\040\000F\000A\000S\000S\000A\000\040\0000\0008}{}% 3144
\BOOKMARK [1][]{section.3145}{\376\377\000T\000N\0005\0005\0005\000:\000\040\000U\000N\000I\000O\000N\000E\000\040\000S\000P\000O\000R\000T\000I\000V\000A\000\040\000M\000O\000N\000T\000I\000\040\000P\000A\000L\000L\000I\000D\000I}{}% 3145
\BOOKMARK [1][]{section.3146}{\376\377\000T\000N\0005\0006\0001\000:\000\040\000U\000S\000\040\000C\000O\000R\000N\000A\000C\000C\000I\000\040\000T\000E\000S\000E\000R\000O\000\040\000A\000S\000D}{}% 3146
\BOOKMARK [1][]{section.3147}{\376\377\000T\000N\0005\0006\0002\000:\000\040\000J\000U\000N\000I\000O\000R\000\040\000S\000P\000O\000R\000T\000\040\000A\000V\000I\000O}{}% 3147
\BOOKMARK [1][]{section.3148}{\376\377\000T\000N\0005\0006\0003\000:\000\040\000U\000.\000S\000.\000\040\0005\000\040\000S\000T\000E\000L\000L\000E\000\040\000S\000E\000R\000E\000G\000N\000A\000N\000O\000\040\000A\000.\000S\000.\000D\000.}{}% 3148
\BOOKMARK [1][]{section.3149}{\376\377\000T\000N\0005\0006\0004\000:\000\040\000P\000O\000L\000I\000S\000P\000O\000R\000T\000I\000V\000A\000\040\000O\000L\000T\000R\000E\000F\000E\000R\000S\000I\000N\000A\000\040\000A\000S\000D}{}% 3149
\BOOKMARK [1][]{section.3150}{\376\377\000T\000N\0005\0006\0007\000:\000\040\000U\000S\000D\000\040\000V\000I\000L\000L\000A\000Z\000Z\000A\000N\000O}{}% 3150
\BOOKMARK [1][]{section.3151}{\376\377\000T\000N\0005\0006\0009\000:\000\040\000U\000.\000S\000.\000\040\000C\000A\000R\000I\000S\000O\000L\000O}{}% 3151
\BOOKMARK [1][]{section.3152}{\376\377\000T\000N\0005\0007\0001\000:\000\040\000G\000A\000R\000D\000A\000\040\000T\000R\000E\000N\000T\000I\000N\000O\000\040\000T\000R\000A\000I\000L\000\040\000A\000S\000D}{}% 3152
\BOOKMARK [1][]{section.3153}{\376\377\000T\000N\0005\0007\0002\000:\000\040\000A\000.\000S\000.\000D\000.\000\040\000N\000E\000W\000\040\000L\000I\000F\000E}{}% 3153
\BOOKMARK [1][]{section.3154}{\376\377\000T\000N\0005\0007\0007\000:\000\040\000T\000R\000I\000-\000S\000W\000I\000M\000\040\000G\000A\000R\000D\000A\000T\000R\000E\000N\000T\000I\000N\000O\000\040\000A\000S\000D}{}% 3154
\BOOKMARK [1][]{section.3155}{\376\377\000T\000N\0005\0007\0008\000:\000\040\000O\000R\000I\000E\000N\000T\000E\000E\000R\000I\000N\000G\000\040\000P\000I\000N\000E\000'\000\040\000A\000.\000S\000.\000D\000.}{}% 3155
\BOOKMARK [1][]{section.3156}{\376\377\000T\000N\0005\0007\0009\000:\000\040\000S\000C\000A\000T\000T\000O\000M\000A\000T\000T\000O\000\040\000A\000\040\000T\000U\000T\000T\000O\000S\000P\000O\000R\000T\000\040\000A\000S\000D}{}% 3156
\BOOKMARK [1][]{section.3157}{\376\377\000T\000O\0000\0000\0001\000:\000\040\000B\000A\000T\000T\000A\000G\000L\000I\000O\000\040\000C\000.\000U\000.\000S\000.\000\040\000T\000O\000R\000I\000N\000O\000\040\000A\000T\000L}{}% 3157
\BOOKMARK [1][]{section.3158}{\376\377\000T\000O\0000\0000\0002\000:\000\040\000S\000I\000S\000P\000O\000R\000T\000\040\000S\000S\000D}{}% 3158
\BOOKMARK [1][]{section.3159}{\376\377\000T\000O\0000\0000\0003\000:\000\040\000A\000T\000L\000.\000\040\000S\000U\000S\000A\000\040\000A\000D\000R\000I\000A\000N\000O\000\040\000A\000S\000C\000H\000I\000E\000R\000I\000S}{}% 3159
\BOOKMARK [1][]{section.3160}{\376\377\000T\000O\0000\0000\0004\000:\000\040\000A\000T\000L\000E\000T\000I\000C\000A\000\040\000G\000I\000O\000'\000\040\0002\0002\000\040\000R\000I\000V\000E\000R\000A}{}% 3160
\BOOKMARK [1][]{section.3161}{\376\377\000T\000O\0000\0000\0005\000:\000\040\000A\000T\000L\000\040\000C\000U\000M\000I\000A\000N\000A\000\040\000S\000T\000I\000L\000C\000A\000R}{}% 3161
\BOOKMARK [1][]{section.3162}{\376\377\000T\000O\0000\0000\0006\000:\000\040\000U\000.\000S\000.\000\040\000L\000A\000\040\000S\000A\000L\000L\000E\000\040\000G\000I\000A\000V\000E\000N\000O}{}% 3162
\BOOKMARK [1][]{section.3163}{\376\377\000T\000O\0000\0001\0000\000:\000\040\000P\000O\000D\000I\000S\000T\000I\000C\000A\000\040\000R\000E\000B\000A}{}% 3163
\BOOKMARK [1][]{section.3164}{\376\377\000T\000O\0000\0001\0005\000:\000\040\000A\000T\000L\000E\000T\000I\000C\000A\000\040\000C\000A\000N\000A\000V\000E\000S\000A\000N\000A}{}% 3164
\BOOKMARK [1][]{section.3165}{\376\377\000T\000O\0000\0001\0006\000:\000\040\000A\000S\000D\000P\000\040\000A\000T\000L\000E\000T\000I\000C\000A\000\040\000P\000I\000N\000E\000R\000O\000L\000O}{}% 3165
\BOOKMARK [1][]{section.3166}{\376\377\000T\000O\0000\0001\0007\000:\000\040\000G\000.\000S\000.\000\040\000R\000I\000V\000-\000S\000K\000F\000\040\000E\000.\000\040\000A\000G\000N\000E\000L\000L\000I}{}% 3166
\BOOKMARK [1][]{section.3167}{\376\377\000T\000O\0000\0001\0009\000:\000\040\000A\000S\000D\000\040\000G\000.\000S\000.\000\040\000P\000O\000M\000A\000R\000E\000T\000T\000O\000\040\000'\0008\0000}{}% 3167
\BOOKMARK [1][]{section.3168}{\376\377\000T\000O\0000\0002\0000\000:\000\040\000A\000T\000L\000.\000\040\000C\000H\000I\000E\000R\000E\000S\000E\000\040\000\046\000\040\000L\000E\000O}{}% 3168
\BOOKMARK [1][]{section.3169}{\376\377\000T\000O\0000\0002\0001\000:\000\040\000A\000.\000S\000.\000D\000.\000\040\000T\000O\0000\0002\0001}{}% 3169
\BOOKMARK [1][]{section.3170}{\376\377\000T\000O\0000\0002\0005\000:\000\040\000C\000.\000C\000.\000R\000.\000S\000P\000O\000R\000T\000.\000\040\000A\000L\000P\000I\000N\000I\000\040\000T\000R\000O\000F\000A\000R\000E\000L\000L\000O}{}% 3170
\BOOKMARK [1][]{section.3171}{\376\377\000T\000O\0000\0002\0009\000:\000\040\000R\000U\000N\000N\000I\000N\000G\000\040\000C\000E\000N\000T\000E\000R\000\040\000C\000L\000U\000B\000\040\000T\000O\000R\000I\000N\000O}{}% 3171
\BOOKMARK [1][]{section.3172}{\376\377\000T\000O\0000\0003\0001\000:\000\040\000G\000R\000U\000P\000P\000O\000\040\000S\000P\000O\000R\000T\000.\000\040\000S\000O\000R\000D\000O\000P\000A\000R\000L\000A\000N\000T\000I\000\040\000T\000O}{}% 3172
\BOOKMARK [1][]{section.3173}{\376\377\000T\000O\0000\0003\0004\000:\000\040\000G\000R\000U\000P\000P\000O\000\040\000S\000P\000O\000R\000T\000I\000V\000I\000\040\000C\000H\000I\000V\000A\000S\000S\000E\000S\000I}{}% 3173
\BOOKMARK [1][]{section.3174}{\376\377\000T\000O\0000\0003\0006\000:\000\040\000G\000.\000S\000.\000\040\000A\000T\000L\000E\000T\000I\000C\000A\000\040\000R\000I\000V\000O\000L\000I\000\040\000A\000.\000S\000.\000D\000.}{}% 3174
\BOOKMARK [1][]{section.3175}{\376\377\000T\000O\0000\0003\0007\000:\000\040\000A\000T\000L\000E\000T\000I\000C\000A\000\040\000I\000V\000R\000E\000A}{}% 3175
\BOOKMARK [1][]{section.3176}{\376\377\000T\000O\0000\0004\0002\000:\000\040\000A\000T\000L\000E\000T\000I\000C\000A\000\040\000R\000I\000V\000A\000R\000O\000L\000O}{}% 3176
\BOOKMARK [1][]{section.3177}{\376\377\000T\000O\0000\0004\0003\000:\000\040\000P\000O\000L\000I\000S\000P\000O\000R\000T\000I\000V\000A\000\040\000A\000T\000L\000E\000T\000I\000C\000A\000\040\000'\0007\0001}{}% 3177
\BOOKMARK [1][]{section.3178}{\376\377\000T\000O\0000\0004\0004\000:\000\040\000B\000A\000L\000A\000N\000G\000E\000R\000O\000\040\000A\000T\000L\000E\000T\000I\000C\000A\000\040\000L\000E\000G\000G\000E\000R\000A}{}% 3178
\BOOKMARK [1][]{section.3179}{\376\377\000T\000O\0000\0004\0005\000:\000\040\000P\000O\000D\000.\000T\000R\000A\000N\000E\000S\000E\000\040\000U\000N\000I\000O\000N\000E\000\040\000I\000N\000D\000U\000S\000T\000R\000I\000A\000L\000E}{}% 3179
\BOOKMARK [1][]{section.3180}{\376\377\000T\000O\0000\0004\0006\000:\000\040\000G\000R\000U\000P\000P\000O\000\040\000S\000P\000O\000R\000T\000I\000V\000O\000\040\000B\000E\000R\000T\000O\000L\000O}{}% 3180
\BOOKMARK [1][]{section.3181}{\376\377\000T\000O\0000\0004\0007\000:\000\040\000A\000.\000S\000.\000D\000.\000\040\000B\000O\000R\000G\000A\000R\000E\000T\000T\000O\000\040\0007\0005}{}% 3181
\BOOKMARK [1][]{section.3182}{\376\377\000T\000O\0000\0004\0009\000:\000\040\000G\000R\000U\000P\000P\000O\000\040\000P\000O\000D\000I\000S\000T\000I\000C\000O\000\040\000A\000V\000I\000S\000\040\000T\000O\000R\000I\000N\000O}{}% 3182
\BOOKMARK [1][]{section.3183}{\376\377\000T\000O\0000\0005\0004\000:\000\040\000A\000S\000.\000S\000P\000O\000R\000T\000.\000D\000I\000L\000.\000A\000T\000L\000E\000T\000I\000C\000A\000\040\000V\000O\000L\000P\000I\000A\000N\000O}{}% 3183
\BOOKMARK [1][]{section.3184}{\376\377\000T\000O\0000\0005\0005\000:\000\040\000A\000S\000D\000\040\000C\000E\000D\000A\000S\000\040\000F\000I\000A\000T\000\040\000G\000R\000U\000P\000P\000O\000\040\000P\000O\000D\000I\000S\000M\000O}{}% 3184
\BOOKMARK [1][]{section.3185}{\376\377\000T\000O\0000\0005\0008\000:\000\040\000G\000.\000\040\000P\000.\000\040\000D\000I\000L\000E\000T\000T\000.\000\040\000T\000A\000P\000P\000O\000R\000O\000S\000S\000O}{}% 3185
\BOOKMARK [1][]{section.3186}{\376\377\000T\000O\0000\0006\0003\000:\000\040\000U\000N\000I\000O\000N\000E\000\040\000S\000P\000O\000R\000T\000.\000\040\000A\000T\000L\000E\000T\000I\000C\000A\000\040\000C\000A\000F\000A\000S\000S\000E}{}% 3186
\BOOKMARK [1][]{section.3187}{\376\377\000T\000O\0000\0007\0004\000:\000\040\000A\000.\000S\000.\000\040\000D\000I\000L\000E\000T\000T\000.\000\040\000S\000A\000F\000A\000T\000L\000E\000T\000I\000C\000A}{}% 3187
\BOOKMARK [1][]{section.3188}{\376\377\000T\000O\0000\0007\0006\000:\000\040\000P\000O\000L\000I\000S\000P\000O\000R\000T\000.\000\040\000N\000O\000V\000A\000T\000L\000E\000T\000I\000C\000A\000\040\000C\000H\000I\000E\000R\000I}{}% 3188
\BOOKMARK [1][]{section.3189}{\376\377\000T\000O\0000\0008\0005\000:\000\040\000G\000.\000S\000.\000\040\000A\000T\000L\000.\000\040\000N\000I\000C\000H\000E\000L\000I\000N\000O}{}% 3189
\BOOKMARK [1][]{section.3190}{\376\377\000T\000O\0000\0008\0006\000:\000\040\000C\000R\000A\000L\000\040\000T\000R\000A\000S\000P\000O\000R\000T\000I\000\040\000T\000O\000R\000I\000N\000E\000S\000I}{}% 3190
\BOOKMARK [1][]{section.3191}{\376\377\000T\000O\0000\0008\0007\000:\000\040\000P\000O\000L\000.\000\040\000D\000I\000L\000.\000\040\000B\000A\000I\000R\000E\000S\000E}{}% 3191
\BOOKMARK [1][]{section.3192}{\376\377\000T\000O\0000\0008\0008\000:\000\040\000A\000M\000I\000C\000I\000\040\000D\000E\000L\000\040\000M\000O\000M\000B\000A\000R\000O\000N\000E}{}% 3192
\BOOKMARK [1][]{section.3193}{\376\377\000T\000O\0000\0009\0000\000:\000\040\000A\000.\000\040\000S\000.\000\040\000D\000I\000L\000E\000T\000T\000.\000\040\000D\000O\000R\000A\000T\000L\000E\000T\000I\000C\000A}{}% 3193
\BOOKMARK [1][]{section.3194}{\376\377\000T\000O\0000\0009\0002\000:\000\040\000L\000I\000B\000.\000\040\000F\000O\000R\000N\000O\000\040\000S\000E\000R\000G\000I\000O\000\040\000B\000E\000N\000E\000T\000T\000I}{}% 3194
\BOOKMARK [1][]{section.3195}{\376\377\000T\000O\0000\0009\0004\000:\000\040\000A\000S\000D\000\040\000G\000I\000A\000N\000N\000O\000N\000E\000R\000U\000N\000N\000I\000N\000G\000\040\000C\000I\000R\000C\000U\000I\000T}{}% 3195
\BOOKMARK [1][]{section.3196}{\376\377\000T\000O\0000\0009\0005\000:\000\040\000G\000.\000\040\000P\000.\000\040\000R\000I\000V\000A\000R\000O\000L\000O\000\040\0001\0009\0007\0007}{}% 3196
\BOOKMARK [1][]{section.3197}{\376\377\000T\000O\0000\0009\0006\000:\000\040\000P\000O\000L\000I\000S\000P\000O\000R\000T\000I\000V\000A\000\040\000B\000O\000S\000C\000O\000N\000E\000R\000E\000S\000E}{}% 3197
\BOOKMARK [1][]{section.3198}{\376\377\000T\000O\0000\0009\0009\000:\000\040\000P\000O\000D\000I\000S\000T\000I\000C\000A\000\040\000N\000O\000N\000E}{}% 3198
\BOOKMARK [1][]{section.3199}{\376\377\000T\000O\0001\0000\0000\000:\000\040\000A\000T\000L\000E\000T\000I\000C\000A\000\040\000V\000E\000N\000T\000U\000R\000O\000L\000I}{}% 3199
\BOOKMARK [1][]{section.3200}{\376\377\000T\000O\0001\0000\0002\000:\000\040\000G\000.\000S\000.\000\040\000D\000E\000S\000\040\000A\000M\000I\000S}{}% 3200
\BOOKMARK [1][]{section.3201}{\376\377\000T\000O\0001\0001\0004\000:\000\040\000N\000U\000O\000V\000A\000\040\000A\000T\000L\000E\000T\000I\000C\000A\000\040\000C\000I\000R\000I\000E\000'}{}% 3201
\BOOKMARK [1][]{section.3202}{\376\377\000T\000O\0001\0001\0008\000:\000\040\000T\000U\000R\000I\000N\000\040\000M\000A\000R\000A\000T\000H\000O\000N}{}% 3202
\BOOKMARK [1][]{section.3203}{\376\377\000T\000O\0001\0003\0000\000:\000\040\000U\000N\000I\000O\000N\000E\000\040\000S\000P\000O\000R\000T\000I\000V\000A\000\040\000S\000A\000N\000\040\000M\000I\000C\000H\000E\000L\000E}{}% 3203
\BOOKMARK [1][]{section.3204}{\376\377\000T\000O\0001\0003\0003\000:\000\040\000A\000S\000D\000\040\000G\000.\000P\000.\000\040\000A\000.\000T\000.\000P\000.\000\040\000T\000O\000R\000I\000N\000O}{}% 3204
\BOOKMARK [1][]{section.3205}{\376\377\000T\000O\0001\0003\0004\000:\000\040\000P\000O\000D\000.\000D\000E\000G\000L\000I\000\040\000A\000M\000I\000C\000I\000\040\000P\000I\000A\000N\000E\000Z\000Z\000A\000\040\000T\000O}{}% 3205
\BOOKMARK [1][]{section.3206}{\376\377\000T\000O\0001\0003\0005\000:\000\040\000G\000E\000-\000S\000E\000.\000S\000P\000O\000R\000T\000\040\000A\000S\000S\000.\000I\000.\000O\000.\000M\000A\000.}{}% 3206
\BOOKMARK [1][]{section.3207}{\376\377\000T\000O\0001\0003\0007\000:\000\040\000P\000O\000D\000I\000S\000T\000I\000C\000A\000\040\000D\000I\000L\000E\000T\000T\000.\000\040\000V\000A\000L\000C\000H\000I\000U\000S\000E\000L\000L\000A}{}% 3207
\BOOKMARK [1][]{section.3208}{\376\377\000T\000O\0001\0004\0006\000:\000\040\000A\000T\000L\000E\000T\000I\000C\000A\000\040\000S\000A\000V\000O\000I\000A}{}% 3208
\BOOKMARK [1][]{section.3209}{\376\377\000T\000O\0001\0005\0005\000:\000\040\000A\000.\000S\000.\000D\000.\000\040\000B\000A\000U\000D\000E\000N\000A\000S\000C\000A}{}% 3209
\BOOKMARK [1][]{section.3210}{\376\377\000T\000O\0001\0006\0004\000:\000\040\000A\000.\000S\000.\000D\000.\000\040\000A\000T\000L\000E\000T\000I\000C\000A\000\040\000T\000E\000A\000M\000\040\000C\000A\000R\000I\000G\000N\000A\000N\000O}{}% 3210
\BOOKMARK [1][]{section.3211}{\376\377\000T\000O\0001\0006\0009\000:\000\040\000A\000S\000D\000\040\000G\000I\000O\000R\000D\000A\000N\000A\000\040\000L\000O\000M\000B\000A\000R\000D\000I}{}% 3211
\BOOKMARK [1][]{section.3212}{\376\377\000T\000O\0001\0007\0000\000:\000\040\000T\000I\000G\000E\000R\000\040\000S\000P\000O\000R\000T\000\040\000R\000U\000N\000N\000I\000N\000G\000\040\000T\000E\000A\000M\000\040\000A\000S\000D}{}% 3212
\BOOKMARK [1][]{section.3213}{\376\377\000T\000O\0001\0007\0007\000:\000\040\000A\000.\000S\000.\000\040\000A\000T\000L\000.\000\040\000S\000T\000R\000A\000M\000B\000I\000N\000O}{}% 3213
\BOOKMARK [1][]{section.3214}{\376\377\000T\000O\0001\0007\0008\000:\000\040\000P\000O\000L\000I\000S\000P\000O\000R\000T\000I\000V\000A\000\040\000A\000T\000L\000A\000V\000I\000R}{}% 3214
\BOOKMARK [1][]{section.3215}{\376\377\000T\000O\0001\0008\0003\000:\000\040\000A\000T\000L\000E\000T\000I\000C\000A\000\040\000V\000A\000L\000P\000E\000L\000L\000I\000C\000E}{}% 3215
\BOOKMARK [1][]{section.3216}{\376\377\000T\000O\0001\0008\0005\000:\000\040\000R\000U\000N\000N\000E\000R\000\040\000T\000E\000A\000M\000\040\0009\0009\000\040\000S\000B\000V}{}% 3216
\BOOKMARK [1][]{section.3217}{\376\377\000T\000O\0001\0008\0007\000:\000\040\000A\000T\000L\000E\000T\000I\000C\000A\000\040\000P\000E\000C}{}% 3217
\BOOKMARK [1][]{section.3218}{\376\377\000T\000O\0001\0009\0001\000:\000\040\000G\000.\000S\000.\000\040\000S\000C\000O\000L\000A\000S\000T\000I\000C\000O\000\040\000A\000.\000\040\000P\000A\000L\000A\000Z\000Z\000E\000S\000C\000H\000I}{}% 3218
\BOOKMARK [1][]{section.3219}{\376\377\000T\000O\0001\0009\0009\000:\000\040\000A\000S\000S\000.\000\040\000D\000I\000L\000E\000T\000.\000\040\000C\000A\000N\000A\000V\000E\000S\000E\000\040\0002\0000\0000\0005}{}% 3219
\BOOKMARK [1][]{section.3220}{\376\377\000T\000O\0002\0000\0000\000:\000\040\000B\000A\000S\000E\000\040\000R\000U\000N\000N\000I\000N\000G}{}% 3220
\BOOKMARK [1][]{section.3221}{\376\377\000T\000O\0002\0000\0002\000:\000\040\000C\000R\000A\000L\000\040\000S\000O\000C\000I\000E\000T\000A\000'\000\040\000R\000E\000A\000L\000E\000\040\000M\000U\000T\000U\000A\000\040\000A\000S\000S\000.}{}% 3221
\BOOKMARK [1][]{section.3222}{\376\377\000T\000O\0002\0000\0004\000:\000\040\000A\000T\000L\000E\000T\000I\000C\000A\000\040\000T\000O\000R\000I\000N\000O}{}% 3222
\BOOKMARK [1][]{section.3223}{\376\377\000T\000O\0002\0000\0005\000:\000\040\000C\000R\000A\000L\000\040\000R\000E\000G\000I\000O\000N\000E\000\040\000P\000I\000E\000M\000O\000N\000T\000E}{}% 3223
\BOOKMARK [1][]{section.3224}{\376\377\000T\000O\0002\0000\0007\000:\000\040\000A\000T\000L\000E\000T\000I\000C\000A\000\040\000C\000A\000S\000E\000L\000L\000E\000\040\000'\0009\0003}{}% 3224
\BOOKMARK [1][]{section.3225}{\376\377\000T\000O\0002\0001\0001\000:\000\040\000A\000T\000L\000E\000T\000I\000C\000A\000\040\000S\000E\000T\000T\000I\000M\000E\000S\000E}{}% 3225
\BOOKMARK [1][]{section.3226}{\376\377\000T\000O\0002\0001\0002\000:\000\040\000P\000O\000L\000I\000S\000P\000O\000R\000T\000I\000V\000A\000\040\000R\000O\000N\000C\000H\000I\000V\000E\000R\000D\000I}{}% 3226
\BOOKMARK [1][]{section.3227}{\376\377\000T\000O\0002\0001\0005\000:\000\040\000A\000.\000S\000.\000D\000.\000\040\000V\000O\000L\000A\000R\000E}{}% 3227
\BOOKMARK [1][]{section.3228}{\376\377\000T\000O\0002\0001\0006\000:\000\040\000A\000.\000M\000.\000E\000.\000C\000.\000E\000.\000'\000C\000L\000U\000B\000\040\000A\000J\000I\000A\000L\000'\000S\000\040\000S\000P\000O\000R\000T}{}% 3228
\BOOKMARK [1][]{section.3229}{\376\377\000T\000O\0002\0002\0001\000:\000\040\000G\000.\000S\000.\000\040\000I\000N\000T\000E\000R\000F\000O\000R\000Z\000E\000\040\000T\000O\000R\000I\000N\000O}{}% 3229
\BOOKMARK [1][]{section.3230}{\376\377\000T\000O\0002\0002\0003\000:\000\040\000A\000S\000D\000\040\000C\000.\000R\000.\000A\000.\000L\000.\000\040\000A\000.\000M\000.\000I\000.\000A\000.\000T\000.\000\040\000T\000O\000R\000I\000N\000O}{}% 3230
\BOOKMARK [1][]{section.3231}{\376\377\000T\000O\0002\0002\0004\000:\000\040\000A\000.\000S\000.\000D\000.\000\040\000P\000O\000D\000I\000S\000T\000I\000C\000A\000\040\000T\000O\000R\000I\000N\000O}{}% 3231
\BOOKMARK [1][]{section.3232}{\376\377\000T\000O\0002\0002\0006\000:\000\040\000S\000A\000F\000A\000T\000L\000E\000T\000I\000C\000A\000\040\000P\000I\000E\000M\000O\000N\000T\000E\000\040\000A\000S\000D}{}% 3232
\BOOKMARK [1][]{section.3233}{\376\377\000T\000O\0002\0003\0000\000:\000\040\000C\000A\000R\000I\000G\000N\000A\000N\000O\000\040\000R\000U\000N}{}% 3233
\BOOKMARK [1][]{section.3234}{\376\377\000T\000O\0002\0003\0001\000:\000\040\000A\000.\000S\000.\000D\000.\000\040\000V\000I\000G\000O\000N\000E\000C\000H\000E\000C\000O\000R\000R\000E}{}% 3234
\BOOKMARK [1][]{section.3235}{\376\377\000T\000O\0002\0003\0006\000:\000\040\000A\000S\000D\000\040\000P\000O\000L\000.\000\040\000P\000E\000D\000A\000G\000G\000I\000O\000\040\000C\000A\000S\000T\000I\000G\000L\000I\000O\000N\000E}{}% 3235
\BOOKMARK [1][]{section.3236}{\376\377\000T\000O\0002\0003\0008\000:\000\040\000A\000D\000M\000O\000\040\000P\000E\000P\000E\000R\000O\000N\000C\000I\000N\000O\000\040\000R\000U\000N\000N\000I\000N\000G}{}% 3236
\BOOKMARK [1][]{section.3237}{\376\377\000T\000O\0002\0004\0005\000:\000\040\000A\000S\000D\000\040\000A\000T\000L\000E\000T\000I\000C\000A\000\040\000M\000O\000R\000E\000N\000I\000C\000A}{}% 3237
\BOOKMARK [1][]{section.3238}{\376\377\000T\000O\0002\0004\0006\000:\000\040\000A\000P\000P\000L\000E\000R\000U\000N\000\040\000T\000E\000A\000M}{}% 3238
\BOOKMARK [1][]{section.3239}{\376\377\000T\000O\0002\0004\0007\000:\000\040\000S\000A\000F\000A\000T\000L\000E\000T\000I\000C\000A\000\040\000S\000S\000D\000\040\000A\000\040\000R\000L}{}% 3239
\BOOKMARK [1][]{section.3240}{\376\377\000T\000O\0002\0004\0008\000:\000\040\000A\000.\000S\000.\000D\000.\000\040\000W\000A\000L\000K\000I\000N\000G\000\040\000F\000O\000R\000\040\000W\000E\000L\000L\000N\000E\000S\000S\000\040\000I\000T}{}% 3240
\BOOKMARK [1][]{section.3241}{\376\377\000T\000O\0002\0005\0000\000:\000\040\000A\000T\000L\000E\000T\000I\000C\000A\000\040\000B\000A\000L\000O\000N}{}% 3241
\BOOKMARK [1][]{section.3242}{\376\377\000T\000O\0002\0005\0001\000:\000\040\000S\000P\000O\000R\000T\000\040\000M\000A\000G\000I\000C\000\040\000B\000O\000X}{}% 3242
\BOOKMARK [1][]{section.3243}{\376\377\000T\000O\0002\0005\0004\000:\000\040\000G\000L\000I\000\040\000O\000R\000C\000H\000I\000\040\000T\000R\000A\000I\000L\000E\000R\000S\000\040\000A\000S\000D}{}% 3243
\BOOKMARK [1][]{section.3244}{\376\377\000T\000O\0002\0005\0007\000:\000\040\000A\000S\000D\000\040\000F\000I\000L\000M\000A\000R\000\040\000R\000U\000N\000N\000I\000N\000G}{}% 3244
\BOOKMARK [1][]{section.3245}{\376\377\000T\000O\0002\0005\0008\000:\000\040\000A\000.\000S\000.\000D\000\040\000V\000A\000L\000L\000I\000\040\000D\000I\000\040\000L\000A\000N\000Z\000O}{}% 3245
\BOOKMARK [1][]{section.3246}{\376\377\000T\000O\0002\0005\0009\000:\000\040\000U\000.\000S\000.\000\040\000S\000A\000N\000\040\000S\000E\000C\000O\000N\000D\000O\000\040\000A\000.\000S\000.\000D}{}% 3246
\BOOKMARK [1][]{section.3247}{\376\377\000T\000O\0002\0006\0000\000:\000\040\000R\000U\000N\000\040\000A\000T\000H\000L\000E\000T\000I\000C\000\040\000T\000E\000A\000M\000\040\000A\000.\000S\000.\000D\000.}{}% 3247
\BOOKMARK [1][]{section.3248}{\376\377\000T\000O\0002\0006\0001\000:\000\040\000O\000L\000I\000M\000P\000I\000A\000T\000L\000E\000T\000I\000C\000A}{}% 3248
\BOOKMARK [1][]{section.3249}{\376\377\000T\000O\0002\0006\0002\000:\000\040\000D\000U\000R\000B\000A\000N\000O\000\040\000G\000A\000S\000\040\000E\000N\000E\000R\000G\000Y\000\040\000R\000I\000V\000A\000R\000O\000L\000O\000\040\0007\0007}{}% 3249
\BOOKMARK [1][]{section.3250}{\376\377\000T\000O\0002\0006\0004\000:\000\040\000G\000I\000R\000O\000\040\000D\000'\000I\000T\000A\000L\000I\000A\000\040\000R\000U\000N}{}% 3250
\BOOKMARK [1][]{section.3251}{\376\377\000T\000O\0002\0006\0005\000:\000\040\000A\000.\000S\000.\000D\000.\000\040\000E\000Q\000U\000I\000L\000I\000B\000R\000A\000\040\000R\000U\000N\000N\000I\000N\000G\000\040\000T\000E\000A\000M}{}% 3251
\BOOKMARK [1][]{section.3252}{\376\377\000T\000O\0002\0006\0006\000:\000\040\000V\000A\000L\000S\000U\000S\000A\000\040\000R\000U\000N\000N\000I\000N\000G\000\040\000T\000E\000A\000M}{}% 3252
\BOOKMARK [1][]{section.3253}{\376\377\000T\000O\0002\0006\0007\000:\000\040\000A\000.\000S\000.\000D\000.\000\040\000P\000O\000D\000I\000S\000T\000I\000C\000A\000\040\000L\000E\000I\000N\000I\000'}{}% 3253
\BOOKMARK [1][]{section.3254}{\376\377\000T\000O\0002\0006\0008\000:\000\040\000A\000T\000L\000E\000T\000I\000C\000A\000\040\000V\000E\000N\000A\000R\000I\000A\000\040\000R\000E\000A\000L\000E}{}% 3254
\BOOKMARK [1][]{section.3255}{\376\377\000T\000O\0002\0007\0000\000:\000\040\000A\000S\000D\000\040\000M\000A\000R\000C\000O\000\040\000L\000I\000N\000G\000U\000A\000\040\0004\000E\000V\000E\000R}{}% 3255
\BOOKMARK [1][]{section.3256}{\376\377\000T\000O\0002\0007\0001\000:\000\040\000T\000E\000A\000M\000\040\000M\000A\000R\000A\000T\000H\000O\000N\000\040\000S\000.\000S\000.\000D\000.}{}% 3256
\BOOKMARK [1][]{section.3257}{\376\377\000T\000O\0002\0007\0004\000:\000\040\000U\000L\000T\000R\000A\000\040\000T\000A\000A\000A\000A\000A\000C\000\040\000T\000E\000A\000M}{}% 3257
\BOOKMARK [1][]{section.3258}{\376\377\000T\000O\0002\0007\0005\000:\000\040\000A\000S\000D\000\040\000T\000E\000A\000M\000\040\000P\000E\000R\000E\000T\000T\000I}{}% 3258
\BOOKMARK [1][]{section.3259}{\376\377\000T\000O\0002\0007\0008\000:\000\040\000T\000R\000A\000I\000L\000\040\000R\000U\000N\000N\000I\000N\000G\000\040\000T\000O\000R\000I\000N\000O\000\040\000A\000.\000S\000.\000D\000.}{}% 3259
\BOOKMARK [1][]{section.3260}{\376\377\000T\000O\0002\0008\0000\000:\000\040\000T\000O\000R\000I\000N\000O\000\040\000R\000O\000A\000D\000\040\000R\000U\000N\000N\000E\000R\000S\000\040\000A\000.\000S\000.\000D\000.}{}% 3260
\BOOKMARK [1][]{section.3261}{\376\377\000T\000O\0002\0008\0001\000:\000\040\000T\000R\000I\000A\000T\000H\000L\000O\000N\000\040\000T\000E\000A\000M\000\040\000A\000L\000P\000I\000G\000N\000A\000N\000O}{}% 3261
\BOOKMARK [1][]{section.3262}{\376\377\000T\000O\0002\0008\0002\000:\000\040\000A\000S\000D\000\040\000C\000A\000R\000M\000A\000E\000V\000E\000N\000T\000I}{}% 3262
\BOOKMARK [1][]{section.3263}{\376\377\000T\000O\0002\0008\0003\000:\000\040\000R\000A\000R\000I\000\040\000N\000A\000N\000T\000E\000S\000\040\000T\000O\000R\000I\000N\000O\000\040\000S\000.\000S\000.\000D\000.\000A\000\040\000R\000.\000L}{}% 3263
\BOOKMARK [1][]{section.3264}{\376\377\000T\000O\0002\0008\0005\000:\000\040\000A\000S\000D\000\040\000O\000R\000T\000A\000\040\0001\0000\000\040\000I\000N\000\040\0001\0000}{}% 3264
\BOOKMARK [1][]{section.3265}{\376\377\000T\000O\0002\0008\0006\000:\000\040\000F\000O\000R\000\040\000F\000U\000N\000\040\000S\000P\000O\000R\000T\000S\000\040\000T\000E\000A\000M\000\040\000A\000.\000S\000.\000D\000.}{}% 3265
\BOOKMARK [1][]{section.3266}{\376\377\000T\000O\0002\0008\0007\000:\000\040\000A\000S\000D\000\040\000G\000R\000A\000N\000\040\000P\000A\000R\000A\000D\000I\000S\000O\000\040\000V\000A\000L\000L\000E\000\040\000O\000R\000C\000O}{}% 3266
\BOOKMARK [1][]{section.3267}{\376\377\000T\000O\0002\0008\0009\000:\000\040\000A\000S\000D\000\040\000G\000L\000I\000\040\000A\000M\000I\000C\000I\000\040\000D\000I\000\040\000M\000A\000R\000C\000E\000L\000L\000O}{}% 3267
\BOOKMARK [1][]{section.3268}{\376\377\000T\000O\0002\0009\0002\000:\000\040\000R\000O\000T\000O\000L\000A\000N\000D\000O\000\040\000S\000R\000L\000-\000S\000D}{}% 3268
\BOOKMARK [1][]{section.3269}{\376\377\000T\000O\0002\0009\0006\000:\000\040\000A\000T\000L\000E\000T\000I\000C\000A\000\040\000V\000A\000L\000\040\000S\000A\000N\000G\000O\000N\000E\000\040\0002\0000\0002\0003\000\040\000A\000S\000D}{}% 3269
\BOOKMARK [1][]{section.3270}{\376\377\000T\000O\0003\0000\0003\000:\000\040\000A\000.\000S\000.\000D\000.\000\040\000M\000A\000Z\000E\000\040\000R\000U\000N\000N\000E\000R\000S}{}% 3270
\BOOKMARK [1][]{section.3271}{\376\377\000T\000P\0001\0002\0008\000:\000\040\000A\000.\000S\000.\000\040\000D\000I\000L\000.\000\040\000T\000E\000A\000M\000\040\000S\000E\000L\000I\000C\000A}{}% 3271
\BOOKMARK [1][]{section.3272}{\376\377\000T\000P\0001\0004\0003\000:\000\040\000A\000.\000S\000.\000D\000.\000\040\000U\000.\000S\000.\000\040\000A\000C\000L\000I\000\040\000M\000A\000R\000S\000A\000L\000A}{}% 3272
\BOOKMARK [1][]{section.3273}{\376\377\000T\000P\0001\0004\0004\000:\000\040\000A\000.\000S\000.\000D\000I\000L\000.\000\040\000A\000T\000L\000.\000\040\000L\000E\000G\000G\000.\000\040\000T\000R\000A\000P\000A\000N\000I}{}% 3273
\BOOKMARK [1][]{section.3274}{\376\377\000T\000P\0001\0005\0002\000:\000\040\000A\000S\000D\000\040\000L\000.\000I\000.\000P\000.\000A\000.\000\040\000A\000T\000L\000E\000T\000I\000C\000A\000\040\000A\000L\000C\000A\000M\000O}{}% 3274
\BOOKMARK [1][]{section.3275}{\376\377\000T\000P\0001\0007\0003\000:\000\040\000G\000.\000S\000.\000D\000.\000\040\0005\000\040\000T\000O\000R\000R\000I\000\040\000F\000I\000A\000M\000M\000E\000\040\000C\000R\000E\000M\000I\000S\000I}{}% 3275
\BOOKMARK [1][]{section.3276}{\376\377\000T\000P\0001\0007\0004\000:\000\040\000A\000.\000S\000.\000D\000.\000\040\000P\000O\000L\000.\000G\000I\000O\000V\000A\000N\000N\000I\000\040\000F\000A\000L\000C\000O\000N\000E\000\040\000T\000P}{}% 3276
\BOOKMARK [1][]{section.3277}{\376\377\000T\000P\0001\0007\0006\000:\000\040\000A\000.\000S\000.\000\040\000D\000I\000L\000.\000\040\000F\000O\000R\000T\000I\000S\000\040\000T\000R\000A\000P\000A\000N\000I}{}% 3277
\BOOKMARK [1][]{section.3278}{\376\377\000T\000P\0001\0007\0008\000:\000\040\000A\000S\000S\000.\000\040\000P\000O\000L\000.\000\040\000D\000I\000L\000E\000T\000T\000.\000\040\000I\000\040\000M\000U\000L\000I\000N\000I}{}% 3278
\BOOKMARK [1][]{section.3279}{\376\377\000T\000P\0001\0008\0009\000:\000\040\000G\000.\000\040\000S\000.\000\040\000D\000I\000L\000E\000T\000.\000\040\000'\000L\000A\000\040\000V\000O\000L\000A\000T\000A\000'}{}% 3279
\BOOKMARK [1][]{section.3280}{\376\377\000T\000P\0003\0001\0000\000:\000\040\000A\000.\000S\000.\000\040\000C\000U\000L\000T\000.\000\040\000D\000I\000L\000E\000T\000T\000.\000\040\000N\000U\000M\000B\000E\000R\000\040\000O\000N\000E}{}% 3280
\BOOKMARK [1][]{section.3281}{\376\377\000T\000P\0003\0002\0005\000:\000\040\000N\000U\000M\000B\000E\000R\000\040\000O\000N\000E\000\040\000A\000S\000D\000-\000A\000P\000S}{}% 3281
\BOOKMARK [1][]{section.3282}{\376\377\000T\000P\0003\0006\0005\000:\000\040\000A\000.\000S\000.\000D\000.\000\040\000P\000O\000L\000.\000\040\000A\000T\000L\000.\000\040\000M\000A\000G\000I\000C\000\040\000T\000R\000A\000P\000A\000N\000I}{}% 3282
\BOOKMARK [1][]{section.3283}{\376\377\000T\000P\0003\0008\0000\000:\000\040\000A\000.\000\040\000P\000O\000L\000.\000\040\000D\000.\000\040\000D\000E\000L\000I\000A\000\040\0002\0000\0000\0000}{}% 3283
\BOOKMARK [1][]{section.3284}{\376\377\000T\000P\0004\0000\0000\000:\000\040\000A\000.\000S\000.\000\040\000D\000I\000L\000E\000T\000T\000.\000\040\000G\000.\000S\000.\000A\000T\000L\000.\000M\000A\000Z\000A\000R\000A}{}% 3284
\BOOKMARK [1][]{section.3285}{\376\377\000T\000P\0004\0002\0002\000:\000\040\000A\000S\000S\000.\000\040\000S\000P\000O\000R\000T\000.\000\040\000D\000I\000L\000.\000\040\000C\000.\000S\000.\000V\000A\000L\000D\000E\000R\000I\000C\000E}{}% 3285
\BOOKMARK [1][]{section.3286}{\376\377\000T\000P\0004\0005\0005\000:\000\040\000P\000O\000L\000.\000\040\000D\000I\000L\000E\000T\000T\000.\000\040\000E\000U\000R\000I\000A\000L\000O\000\040\000E\000R\000I\000C\000E}{}% 3286
\BOOKMARK [1][]{section.3287}{\376\377\000T\000P\0004\0005\0009\000:\000\040\000A\000.\000S\000.\000D\000.\000\040\000P\000O\000L\000.\000\040\000R\000E\000A\000L\000\040\000P\000A\000C\000E\000C\000O}{}% 3287
\BOOKMARK [1][]{section.3288}{\376\377\000T\000P\0004\0008\0001\000:\000\040\000G\000.\000S\000.\000\040\000D\000I\000L\000E\000T\000T\000.\000\040\000R\000A\000G\000A\000N\000Z\000I\000L\000I}{}% 3288
\BOOKMARK [1][]{section.3289}{\376\377\000T\000P\0004\0008\0003\000:\000\040\000A\000.\000S\000.\000D\000.\000\040\000T\000R\000I\000A\000T\000H\000L\000O\000N\000\040\000T\000E\000A\000M\000\040\000T\000R\000A\000P\000A\000N\000I}{}% 3289
\BOOKMARK [1][]{section.3290}{\376\377\000T\000P\0005\0001\0006\000:\000\040\000A\000.\000S\000.\000\040\000D\000I\000L\000E\000T\000T\000.\000\040\000P\000O\000L\000.\000\040\000M\000A\000R\000S\000A\000L\000A\000\040\000D\000O\000C}{}% 3290
\BOOKMARK [1][]{section.3291}{\376\377\000T\000P\0006\0000\0002\000:\000\040\000A\000.\000S\000.\000D\000.\000\040\000E\000\040\000C\000U\000L\000T\000.\000\040\000'\000A\000T\000H\000E\000N\000S\000\040\0002\0000\0000\0004\000'}{}% 3291
\BOOKMARK [1][]{section.3292}{\376\377\000T\000P\0006\0002\0003\000:\000\040\000P\000O\000L\000I\000S\000P\000O\000R\000T\000I\000V\000A\000\040\000A\000T\000L\000E\000T\000I\000C\000A\000\040\000M\000A\000Z\000A\000R\000A\000\040\000N}{}% 3292
\BOOKMARK [1][]{section.3293}{\376\377\000T\000P\0006\0002\0005\000:\000\040\000A\000.\000S\000.\000D\000.\000\040\000S\000A\000L\000I\000N\000A\000\040\000R\000U\000N\000N\000E\000R\000S}{}% 3293
\BOOKMARK [1][]{section.3294}{\376\377\000T\000P\0006\0004\0002\000:\000\040\000P\000O\000D\000I\000S\000T\000I\000C\000A\000\040\000S\000A\000L\000E\000M\000I\000T\000A\000N\000A}{}% 3294
\BOOKMARK [1][]{section.3295}{\376\377\000T\000P\0006\0005\0008\000:\000\040\000N\000A\000T\000I\000\040\000S\000T\000A\000N\000C\000H\000I\000\040\000R\000U\000N\000N\000E\000R\000S}{}% 3295
\BOOKMARK [1][]{section.3296}{\376\377\000T\000P\0006\0006\0005\000:\000\040\000A\000S\000D\000\040\000M\000A\000C\000A\000D\000A\000M\000\040\000A\000T\000L\000E\000T\000I\000C\000A\000\040\000B\000E\000L\000I\000C\000E}{}% 3296
\BOOKMARK [1][]{section.3297}{\376\377\000T\000P\0006\0007\0004\000:\000\040\000A\000S\000D\000\040\000B\000E\000E\000.\000R}{}% 3297
\BOOKMARK [1][]{section.3298}{\376\377\000T\000P\0006\0007\0008\000:\000\040\000A\000S\000D\000\040\000L\000A\000\040\000G\000E\000M\000M\000A}{}% 3298
\BOOKMARK [1][]{section.3299}{\376\377\000T\000P\0006\0008\0005\000:\000\040\000P\000O\000L\000.\000\040\000D\000I\000L\000E\000T\000T\000.\000\040\000C\000O\000N\000Q\000U\000I\000S\000T\000A}{}% 3299
\BOOKMARK [1][]{section.3300}{\376\377\000T\000P\0006\0009\0001\000:\000\040\000A\000T\000L\000E\000T\000I\000C\000A\000\040\000L\000E\000G\000G\000E\000R\000A\000\040\000S\000P\000R\000I\000N\000T}{}% 3300
\BOOKMARK [1][]{section.3301}{\376\377\000T\000P\0006\0009\0002\000:\000\040\000A\000.\000S\000.\000D\000.\000P\000O\000L\000.\000\040\000T\000E\000A\000M\000\040\000F\000.\000\040\000I\000N\000G\000A\000R\000G\000I\000O\000L\000A}{}% 3301
\BOOKMARK [1][]{section.3302}{\376\377\000T\000P\0006\0009\0005\000:\000\040\000A\000.\000S\000.\000D\000.\000\040\000T\000R\000Y\000P\000A\000N\000U\000M}{}% 3302
\BOOKMARK [1][]{section.3303}{\376\377\000T\000P\0007\0001\0000\000:\000\040\000A\000S\000D\000\040\000C\000O\000C\000O\000O\000N\000\040\000C\000L\000U\000B\000\040\000M\000A\000Z\000A\000R\000A}{}% 3303
\BOOKMARK [1][]{section.3304}{\376\377\000T\000R\0000\0000\0002\000:\000\040\000T\000E\000R\000N\000A\000N\000A\000\040\000M\000A\000R\000A\000T\000H\000O\000N\000\040\000C\000L\000U\000B\000\040\000A\000.\000S\000.\000D\000.}{}% 3304
\BOOKMARK [1][]{section.3305}{\376\377\000T\000R\0000\0000\0009\000:\000\040\000G\000.\000S\000.\000\040\000A\000M\000L\000E\000T\000O\000\040\000M\000O\000N\000T\000I}{}% 3305
\BOOKMARK [1][]{section.3306}{\376\377\000T\000R\0000\0002\0003\000:\000\040\000A\000.\000S\000.\000D\000.\000\040\000A\000V\000I\000S\000\040\000N\000A\000R\000N\000I}{}% 3306
\BOOKMARK [1][]{section.3307}{\376\377\000T\000R\0000\0002\0004\000:\000\040\000A\000S\000S\000.\000A\000T\000L\000.\000L\000I\000B\000E\000R\000T\000A\000S\000\040\000O\000R\000V\000I\000E\000T\000O}{}% 3307
\BOOKMARK [1][]{section.3308}{\376\377\000T\000R\0000\0004\0000\000:\000\040\000\043\000I\000L\000O\000V\000E\000R\000U\000N\000\040\000A\000T\000H\000L\000E\000T\000I\000C\000\040\000T\000E\000R\000N\000I}{}% 3308
\BOOKMARK [1][]{section.3309}{\376\377\000T\000R\0000\0004\0001\000:\000\040\000A\000M\000A\000T\000O\000R\000I\000\040\000P\000O\000D\000I\000S\000T\000I\000C\000A\000\040\000T\000E\000R\000N\000I}{}% 3309
\BOOKMARK [1][]{section.3310}{\376\377\000T\000R\0000\0004\0005\000:\000\040\000T\000E\000R\000N\000A\000N\000A\000\040\000M\000A\000R\000A\000T\000H\000O\000N\000\040\000C\000L\000U\000B}{}% 3310
\BOOKMARK [1][]{section.3311}{\376\377\000T\000R\0000\0004\0007\000:\000\040\000A\000.\000S\000.\000D\000.\000\040\000R\000U\000N\000N\000E\000R\000S\000\040\000S\000A\000N\000\040\000G\000E\000M\000I\000N\000I}{}% 3311
\BOOKMARK [1][]{section.3312}{\376\377\000T\000R\0000\0004\0008\000:\000\040\000A\000S\000D\000\040\000A\000T\000H\000\040\000L\000A\000B\000\040\000A\000M\000E\000L\000I\000A\000\040\000V\000E\000L\000O\000C\000I\000S\000S\000I\000M\000I}{}% 3312
\BOOKMARK [1][]{section.3313}{\376\377\000T\000R\0000\0004\0009\000:\000\040\000A\000.\000S\000.\000D\000.\000\040\000A\000T\000H\000L\000E\000T\000I\000C\000\040\000L\000A\000B\000\040\000A\000M\000E\000L\000I\000A}{}% 3313
\BOOKMARK [1][]{section.3314}{\376\377\000T\000R\0000\0005\0000\000:\000\040\000T\000E\000R\000N\000I\000\040\000T\000R\000I\000A\000T\000H\000L\000O\000N\000\040\000A\000.\000S\000.\000D\000.}{}% 3314
\BOOKMARK [1][]{section.3315}{\376\377\000T\000R\0000\0005\0001\000:\000\040\000A\000S\000D\000\040\000L\000A\000N\000C\000I\000A\000T\000O\000R\000I\000\040\000T\000E\000R\000N\000I}{}% 3315
\BOOKMARK [1][]{section.3316}{\376\377\000T\000R\0000\0005\0002\000:\000\040\000A\000S\000D\000\040\000A\000T\000H\000L\000E\000T\000I\000C\000\040\000A\000M\000E\000L\000I\000A}{}% 3316
\BOOKMARK [1][]{section.3317}{\376\377\000T\000R\0000\0005\0004\000:\000\040\000T\000E\000R\000N\000I\000\040\000T\000R\000I\000A\000T\000H\000L\000O\000N\000\040\000A\000.\000S\000.\000D}{}% 3317
\BOOKMARK [1][]{section.3318}{\376\377\000T\000S\0000\0000\0003\000:\000\040\000C\000R\000A\000L\000\040\000T\000R\000I\000E\000S\000T\000E\000\040\000T\000R\000A\000S\000P\000O\000R\000T\000I}{}% 3318
\BOOKMARK [1][]{section.3319}{\376\377\000T\000S\0000\0000\0006\000:\000\040\000B\000O\000R}{}% 3319
\BOOKMARK [1][]{section.3320}{\376\377\000T\000S\0000\0000\0007\000:\000\040\000G\000.\000S\000.\000\040\000S\000A\000N\000\040\000G\000I\000A\000C\000O\000M\000O}{}% 3320
\BOOKMARK [1][]{section.3321}{\376\377\000T\000S\0000\0001\0000\000:\000\040\000C\000.\000U\000.\000S\000.\000\040\000T\000R\000I\000E\000S\000T\000E}{}% 3321
\BOOKMARK [1][]{section.3322}{\376\377\000T\000S\0000\0004\0003\000:\000\040\000S\000O\000C\000I\000E\000T\000A\000'\000\040\000G\000I\000N\000N\000A\000S\000T\000I\000C\000A\000\040\000T\000R\000I\000E\000S\000T\000I\000N\000A}{}% 3322
\BOOKMARK [1][]{section.3323}{\376\377\000T\000S\0000\0004\0004\000:\000\040\000T\000R\000I\000E\000S\000T\000E\000\040\000A\000T\000L\000E\000T\000I\000C\000A}{}% 3323
\BOOKMARK [1][]{section.3324}{\376\377\000T\000S\0000\0008\0007\000:\000\040\000C\000.\000A\000.\000\040\000F\000I\000N\000C\000A\000N\000T\000.\000\040\000W\000A\000R\000T\000S\000I\000L\000A\000\040\000I\000T\000\040\000A\000P\000S}{}% 3324
\BOOKMARK [1][]{section.3325}{\376\377\000T\000S\0000\0009\0005\000:\000\040\000P\000E\000N\000T\000A\000\040\000S\000P\000O\000R\000T\000\040\000T\000R\000I\000E\000S\000T\000E}{}% 3325
\BOOKMARK [1][]{section.3326}{\376\377\000T\000S\0000\0009\0007\000:\000\040\000T\000E\000R\000G\000E\000S\000T\000I\000N\000A}{}% 3326
\BOOKMARK [1][]{section.3327}{\376\377\000T\000S\0000\0009\0008\000:\000\040\000A\000T\000L\000E\000T\000I\000C\000A\000\040\000G\000I\000U\000L\000I\000A\000N\000A}{}% 3327
\BOOKMARK [1][]{section.3328}{\376\377\000T\000S\0000\0009\0009\000:\000\040\000P\000O\000L\000I\000S\000P\000O\000R\000T\000I\000V\000A\000\040\000T\000R\000I\000V\000E\000N\000E\000T\000O\000\040\000T\000R\000I\000E\000S\000T\000E}{}% 3328
\BOOKMARK [1][]{section.3329}{\376\377\000T\000S\0001\0000\0000\000:\000\040\000T\000R\000I\000E\000S\000T\000E\000\040\000T\000R\000A\000S\000P\000O\000R\000T\000I\000\040\000A\000T\000L\000.\000\040\000G\000I\000O\000V\000.}{}% 3329
\BOOKMARK [1][]{section.3330}{\376\377\000T\000S\0001\0000\0001\000:\000\040\000A\000T\000L\000E\000T\000I\000C\000A\000\040\000J\000U\000L\000I\000A}{}% 3330
\BOOKMARK [1][]{section.3331}{\376\377\000T\000S\0005\0000\0002\000:\000\040\000A\000.\000S\000.\000D\000.\000\040\000V\000A\000L\000\040\000R\000O\000S\000A\000N\000D\000R\000A\000\040\000T\000R\000I\000E\000S\000T\000E}{}% 3331
\BOOKMARK [1][]{section.3332}{\376\377\000T\000S\0005\0000\0003\000:\000\040\000A\000.\000R\000.\000A\000.\000C\000.}{}% 3332
\BOOKMARK [1][]{section.3333}{\376\377\000T\000S\0005\0000\0008\000:\000\040\000A\000.\000S\000.\000D\000.\000\040\000C\000T\000L\000\040\000A\000C\000E\000G\000A}{}% 3333
\BOOKMARK [1][]{section.3334}{\376\377\000T\000S\0005\0000\0009\000:\000\040\000A\000T\000L\000E\000T\000I\000C\000A\000\040\000A\000L\000T\000O\000P\000I\000A\000N\000O\000\040\000T\000R\000I\000E\000S\000T\000E}{}% 3334
\BOOKMARK [1][]{section.3335}{\376\377\000T\000S\0005\0001\0000\000:\000\040\000G\000.\000S\000.\000\040\000A\000M\000I\000C\000I\000\040\000D\000E\000L\000\040\000T\000R\000A\000M\000\040\000D\000E\000\040\000O\000P\000C\000I\000N\000A}{}% 3335
\BOOKMARK [1][]{section.3336}{\376\377\000T\000S\0005\0001\0001\000:\000\040\000A\000.\000S\000.\000D\000.\000\040\000G\000R\000U\000P\000P\000O\000\040\000G\000E\000N\000E\000R\000A\000L\000I\000\040\000T\000R\000I\000E\000S\000T\000E}{}% 3336
\BOOKMARK [1][]{section.3337}{\376\377\000T\000S\0005\0002\0003\000:\000\040\000A\000M\000I\000C\000I\000\040\000D\000E\000L\000\040\000P\000O\000R\000T\000O\000\040\000D\000I\000\040\000T\000R\000I\000E\000S\000T\000E}{}% 3337
\BOOKMARK [1][]{section.3338}{\376\377\000T\000S\0005\0002\0006\000:\000\040\000A\000T\000L\000E\000T\000I\000C\000A\000\040\000I\000N\000S\000I\000E\000L\000\040\000T\000R\000I\000E\000S\000T\000E}{}% 3338
\BOOKMARK [1][]{section.3339}{\376\377\000T\000S\0005\0003\0003\000:\000\040\000B\000A\000V\000I\000S\000E\000L\000A}{}% 3339
\BOOKMARK [1][]{section.3340}{\376\377\000T\000S\0005\0003\0004\000:\000\040\000C\000R\000A\000L\000\040\000P\000O\000S\000T\000E\000\040\000I\000T\000A\000L\000I\000A\000N\000E\000\040\000T\000R\000I\000E\000S\000T\000E}{}% 3340
\BOOKMARK [1][]{section.3341}{\376\377\000T\000S\0005\0003\0006\000:\000\040\000E\000V\000I\000N\000R\000U\000D\000E}{}% 3341
\BOOKMARK [1][]{section.3342}{\376\377\000T\000S\0005\0003\0008\000:\000\040\000C\000.\000R\000.\000S\000.\000\040\000V\000I\000G\000I\000L\000I\000\040\000D\000E\000L\000\040\000F\000U\000O\000C\000O\000\040\000T\000S}{}% 3342
\BOOKMARK [1][]{section.3343}{\376\377\000T\000S\0005\0004\0000\000:\000\040\000R\000U\000N\000N\000I\000N\000G\000\040\000W\000O\000R\000L\000D\000\040\000T\000R\000I\000E\000S\000T\000E}{}% 3343
\BOOKMARK [1][]{section.3344}{\376\377\000T\000S\0005\0004\0001\000:\000\040\000P\000O\000D\000I\000S\000T\000I\000C\000A\000\040\000F\000I\000A\000M\000M\000A\000\040\000T\000R\000I\000E\000S\000T\000E}{}% 3344
\BOOKMARK [1][]{section.3345}{\376\377\000T\000S\0005\0004\0002\000:\000\040\000P\000R\000O\000M\000O\000\040\000R\000U\000N\000\040\000T\000R\000I\000E\000S\000T\000E}{}% 3345
\BOOKMARK [1][]{section.3346}{\376\377\000T\000S\0005\0004\0003\000:\000\040\000P\000O\000O\000L\000\040\000S\000P\000O\000R\000T\000\040\000T\000R\000I\000E\000S\000T\000E}{}% 3346
\BOOKMARK [1][]{section.3347}{\376\377\000T\000S\0005\0004\0004\000:\000\040\000S\000P\000O\000R\000T\000I\000A\000M\000O}{}% 3347
\BOOKMARK [1][]{section.3348}{\376\377\000T\000S\0005\0004\0005\000:\000\040\000A\000T\000H\000L\000E\000T\000I\000C\000\040\000C\000L\000U\000B}{}% 3348
\BOOKMARK [1][]{section.3349}{\376\377\000T\000S\0005\0004\0006\000:\000\040\000A\000.\000S\000.\000D\000.\000\040\000A\000T\000L\000E\000T\000I\000C\000A\000\040\000M\000A\000S\000T\000E\000R\000\040\000T\000R\000I\000E\000S\000T\000E}{}% 3349
\BOOKMARK [1][]{section.3350}{\376\377\000T\000S\0005\0004\0007\000:\000\040\000M\000I\000R\000A\000M\000A\000R}{}% 3350
\BOOKMARK [1][]{section.3351}{\376\377\000T\000S\0005\0004\0008\000:\000\040\000A\000S\000D\000\040\000F\000R\000E\000E\000\040\000R\000U\000N\000N\000E\000R\000S\000\040\000T\000R\000I\000E\000S\000T\000E}{}% 3351
\BOOKMARK [1][]{section.3352}{\376\377\000T\000S\0005\0004\0009\000:\000\040\000A\000.\000S\000.\000D\000.\000\040\000A\000D\000\040\000M\000A\000I\000O\000R\000A\000\040\000T\000R\000I\000E\000S\000T\000E}{}% 3352
\BOOKMARK [1][]{section.3353}{\376\377\000T\000S\0005\0005\0000\000:\000\040\000D\000A\000Y\000T\000O\000N\000A\000\040\000A\000T\000H\000L\000E\000T\000I\000C\000S\000\040\000S\000S\000D\000R\000L}{}% 3353
\BOOKMARK [1][]{section.3354}{\376\377\000T\000S\0005\0005\0002\000:\000\040\000G\000A\000J\000A}{}% 3354
\BOOKMARK [1][]{section.3355}{\376\377\000T\000V\0003\0003\0002\000:\000\040\000A\000T\000L\000E\000T\000I\000C\000A\000\040\000M\000A\000R\000E\000N\000O}{}% 3355
\BOOKMARK [1][]{section.3356}{\376\377\000T\000V\0003\0003\0003\000:\000\040\000L\000I\000B\000E\000R\000T\000A\000S\000\040\000A\000T\000L\000E\000T\000I\000C\000A\000\040\000T\000R\000E\000V\000I\000S\000O}{}% 3356
\BOOKMARK [1][]{section.3357}{\376\377\000T\000V\0003\0003\0005\000:\000\040\000A\000T\000L\000.\000M\000O\000N\000T\000E\000B\000E\000L\000L\000U\000N\000A}{}% 3357
\BOOKMARK [1][]{section.3358}{\376\377\000T\000V\0003\0003\0008\000:\000\040\000A\000S\000D\000\040\000A\000T\000L\000E\000T\000I\000C\000A\000\040\000M\000O\000G\000L\000I\000A\000N\000O}{}% 3358
\BOOKMARK [1][]{section.3359}{\376\377\000T\000V\0003\0003\0009\000:\000\040\000A\000T\000L\000E\000T\000I\000C\000A\000\040\000P\000O\000N\000Z\000A\000N\000O}{}% 3359
\BOOKMARK [1][]{section.3360}{\376\377\000T\000V\0003\0004\0000\000:\000\040\000A\000T\000L\000E\000T\000I\000C\000A\000\040\000V\000I\000L\000L\000O\000R\000B\000A}{}% 3360
\BOOKMARK [1][]{section.3361}{\376\377\000T\000V\0003\0004\0001\000:\000\040\000A\000T\000L\000E\000T\000I\000C\000A\000\040\000S\000I\000L\000C\000A\000\040\000C\000O\000N\000E\000G\000L\000I\000A\000N\000O}{}% 3361
\BOOKMARK [1][]{section.3362}{\376\377\000T\000V\0003\0004\0002\000:\000\040\000A\000T\000L\000E\000T\000I\000C\000A\000\040\000S\000T\000I\000O\000R\000E\000\040\000T\000R\000E\000V\000I\000S\000O}{}% 3362
\BOOKMARK [1][]{section.3363}{\376\377\000T\000V\0003\0004\0003\000:\000\040\000A\000S\000D\000\040\000A\000T\000L\000.\000V\000A\000L\000D\000O\000B\000B\000I\000A\000D\000E\000N\000E\000\040\000G\000.\000S\000.\000A\000.}{}% 3363
\BOOKMARK [1][]{section.3364}{\376\377\000T\000V\0003\0004\0004\000:\000\040\000A\000T\000L\000E\000T\000I\000C\000A\000\040\000I\000N\000D\000U\000S\000T\000R\000I\000A\000L\000I\000\040\000C\000O\000N\000E\000G\000L\000I\000A\000N}{}% 3364
\BOOKMARK [1][]{section.3365}{\376\377\000T\000V\0003\0004\0005\000:\000\040\000A\000S\000\040\000A\000T\000L\000\040\000C\000A\000S\000T\000E\000L\000F\000R\000A\000N\000C\000O\000\040\000V\000E\000N\000E\000T\000O}{}% 3365
\BOOKMARK [1][]{section.3366}{\376\377\000T\000V\0003\0004\0007\000:\000\040\000A\000T\000L\000.\000L\000I\000B\000.\000\040\000V\000I\000T\000T\000O\000R\000I\000O\000\040\000V\000E\000N\000E\000T\000O}{}% 3366
\BOOKMARK [1][]{section.3367}{\376\377\000T\000V\0003\0004\0008\000:\000\040\000S\000I\000L\000C\000A\000\040\000U\000L\000T\000R\000A\000L\000I\000T\000E\000\040\000V\000I\000T\000T\000O\000R\000I\000O\000\040\000V\000.\000T\000O}{}% 3367
\BOOKMARK [1][]{section.3368}{\376\377\000T\000V\0003\0004\0009\000:\000\040\000A\000S\000D\000\040\000A\000T\000L\000E\000T\000I\000C\000A\000\040\000Q\000U\000I\000N\000T\000O}{}% 3368
\BOOKMARK [1][]{section.3369}{\376\377\000T\000V\0003\0005\0002\000:\000\040\000A\000.\000S\000.\000D\000.\000\040\000A\000T\000L\000E\000T\000I\000C\000A\000\040\000S\000A\000N\000\040\000B\000I\000A\000G\000I\000O}{}% 3369
\BOOKMARK [1][]{section.3370}{\376\377\000T\000V\0003\0005\0003\000:\000\040\000A\000S\000D\000\040\000T\000R\000I\000\040\000V\000E\000N\000E\000T\000O\000\040\000R\000U\000N}{}% 3370
\BOOKMARK [1][]{section.3371}{\376\377\000T\000V\0003\0005\0004\000:\000\040\000T\000R\000E\000V\000I\000S\000A\000T\000L\000E\000T\000I\000C\000A}{}% 3371
\BOOKMARK [1][]{section.3372}{\376\377\000T\000V\0003\0005\0009\000:\000\040\000G\000R\000U\000P\000P\000O\000\040\000A\000T\000L\000E\000T\000I\000C\000A\000\040\000V\000E\000D\000E\000L\000A\000G\000O\000\040\000A\000S\000D}{}% 3372
\BOOKMARK [1][]{section.3373}{\376\377\000T\000V\0003\0006\0000\000:\000\040\000N\000U\000O\000V\000A\000\040\000A\000T\000L\000E\000T\000I\000C\000A\000\040\000R\000O\000N\000C\000A\000D\000E}{}% 3373
\BOOKMARK [1][]{section.3374}{\376\377\000T\000V\0003\0006\0001\000:\000\040\000J\000A\000G\000E\000R\000\040\000A\000T\000L\000E\000T\000I\000C\000A\000\040\000V\000I\000T\000T\000O\000R\000I\000O\000\040\000V\000.\000T\000O}{}% 3374
\BOOKMARK [1][]{section.3375}{\376\377\000T\000V\0003\0006\0004\000:\000\040\000A\000T\000L\000E\000T\000I\000C\000A\000\040\000S\000P\000R\000E\000S\000I\000A\000N\000O}{}% 3375
\BOOKMARK [1][]{section.3376}{\376\377\000T\000V\0003\0007\0000\000:\000\040\000N\000U\000O\000V\000A\000\040\000A\000T\000L\000.\000R\000I\000E\000S\000E\000\040\000P\000I\000O\000\040\000X}{}% 3376
\BOOKMARK [1][]{section.3377}{\376\377\000T\000V\0003\0007\0001\000:\000\040\000A\000S\000D\000\040\000N\000U\000O\000V\000A\000\040\000A\000T\000L\000E\000T\000I\000C\000A\000\040\0003\000\040\000C\000O\000M\000U\000N\000I}{}% 3377
\BOOKMARK [1][]{section.3378}{\376\377\000T\000V\0003\0007\0003\000:\000\040\000A\000T\000L\000E\000T\000I\000C\000A\000\040\000M\000O\000T\000T\000E\000N\000S\000E}{}% 3378
\BOOKMARK [1][]{section.3379}{\376\377\000T\000V\0003\0007\0004\000:\000\040\000A\000T\000L\000E\000T\000I\000C\000A\000\040\000V\000I\000T\000T\000O\000R\000I\000O\000\040\000V\000E\000N\000E\000T\000O}{}% 3379
\BOOKMARK [1][]{section.3380}{\376\377\000T\000V\0003\0007\0007\000:\000\040\000N\000.\000A\000T\000L\000.\000S\000.\000G\000I\000A\000C\000O\000M\000O\000\040\000B\000A\000N\000C\000A\000\040\000D\000/\000M\000A\000R\000C\000A}{}% 3380
\BOOKMARK [1][]{section.3381}{\376\377\000T\000V\0003\0007\0009\000:\000\040\000A\000T\000L\000.\000\040\000S\000E\000R\000N\000A\000G\000L\000I\000A}{}% 3381
\BOOKMARK [1][]{section.3382}{\376\377\000T\000V\0003\0008\0001\000:\000\040\000A\000T\000L\000E\000T\000I\000C\000A\000\040\000P\000E\000D\000E\000R\000O\000B\000B\000A}{}% 3382
\BOOKMARK [1][]{section.3383}{\376\377\000T\000V\0003\0008\0003\000:\000\040\000M\000O\000N\000T\000E\000L\000L\000O\000\040\000R\000U\000N\000N\000E\000R\000S\000\040\000C\000L\000U\000B}{}% 3383
\BOOKMARK [1][]{section.3384}{\376\377\000T\000V\0003\0008\0005\000:\000\040\000G\000R\000U\000P\000P\000O\000\040\000S\000P\000O\000R\000T\000I\000V\000O\000\040\000M\000E\000R\000C\000U\000R\000Y\000U\000S}{}% 3384
\BOOKMARK [1][]{section.3385}{\376\377\000T\000V\0003\0008\0007\000:\000\040\000S\000C\000U\000O\000L\000A\000\040\000D\000I\000\040\000M\000A\000R\000A\000T\000O\000N\000A\000\040\000V\000I\000T\000T\000O\000R\000I\000O\000\040\000V}{}% 3385
\BOOKMARK [1][]{section.3386}{\376\377\000T\000V\0003\0008\0008\000:\000\040\000R\000U\000N\000N\000I\000N\000G\000\040\000T\000E\000A\000M\000\040\000C\000O\000N\000E\000G\000L\000I\000A\000N\000O}{}% 3386
\BOOKMARK [1][]{section.3387}{\376\377\000T\000V\0003\0008\0009\000:\000\040\000P\000O\000L\000I\000S\000P\000O\000R\000T\000I\000V\000A\000\040\000P\000A\000D\000A\000N\000A\000\040\000L\000A\000\040\000M\000A\000R\000C\000A\000\040\000T}{}% 3387
\BOOKMARK [1][]{section.3388}{\376\377\000T\000V\0003\0009\0000\000:\000\040\000A\000T\000L\000E\000T\000I\000C\000A\000\040\000D\000I\000\040\000M\000A\000R\000C\000A}{}% 3388
\BOOKMARK [1][]{section.3389}{\376\377\000T\000V\0003\0009\0001\000:\000\040\000A\000.\000S\000.\000D\000.\000\040\000P\000A\000V\000A\000N\000E\000L\000L\000O}{}% 3389
\BOOKMARK [1][]{section.3390}{\376\377\000T\000V\0003\0009\0002\000:\000\040\000A\000S\000D\000\040\000S\000C\000A\000R\000P\000E\000\040\000B\000I\000A\000N\000C\000H\000E}{}% 3390
\BOOKMARK [1][]{section.3391}{\376\377\000T\000V\0003\0009\0003\000:\000\040\000V\000F\000G\000R\000O\000U\000P\000\040\000A\000T\000L\000E\000T\000I\000C\000A\000\040\000S\000A\000N\000T\000A\000\040\000L\000U\000C\000I\000A}{}% 3391
\BOOKMARK [1][]{section.3392}{\376\377\000T\000V\0003\0009\0004\000:\000\040\000N\000U\000O\000V\000A\000\040\000A\000T\000L\000E\000T\000I\000C\000A\000\040\000S\000A\000N\000\040\000L\000A\000Z\000Z\000A\000R\000O}{}% 3392
\BOOKMARK [1][]{section.3393}{\376\377\000T\000V\0003\0009\0005\000:\000\040\000C\000I\000M\000A\000V\000I\000L\000L\000A\000\040\000R\000U\000N\000N\000I\000N\000G\000\040\000T\000E\000A\000M}{}% 3393
\BOOKMARK [1][]{section.3394}{\376\377\000T\000V\0003\0009\0006\000:\000\040\000A\000T\000L\000E\000T\000I\000C\000A\000\040\000M\000O\000N\000T\000E\000G\000R\000A\000P\000P\000A}{}% 3394
\BOOKMARK [1][]{section.3395}{\376\377\000T\000V\0003\0009\0007\000:\000\040\000M\000I\000O\000\040\000M\000I\000O\000\040\000R\000U\000N\000\040\000T\000E\000A\000M\000\040\000B\000O\000D\000Y\000\040\000E\000V\000I\000D\000E\000N\000C\000E}{}% 3395
\BOOKMARK [1][]{section.3396}{\376\377\000T\000V\0003\0009\0008\000:\000\040\000A\000.\000S\000.\000D\000.\000\040\000T\000E\000A\000M\000\040\000T\000R\000E\000V\000I\000S\000O}{}% 3396
\BOOKMARK [1][]{section.3397}{\376\377\000T\000V\0003\0009\0009\000:\000\040\000A\000.\000S\000.\000D\000.\000\040\000C\000O\000R\000R\000I\000T\000R\000E\000V\000I\000S\000O}{}% 3397
\BOOKMARK [1][]{section.3398}{\376\377\000T\000V\0004\0000\0000\000:\000\040\000P\000O\000L\000.\000\040\000J\000O\000Y\000\040\000C\000L\000U\000B\000\040\000F\000U\000E\000L\000\040\000T\000O\000\040\000R\000U\000N}{}% 3398
\BOOKMARK [1][]{section.3399}{\376\377\000T\000V\0004\0000\0001\000:\000\040\000P\000E\000R\000C\000O\000R\000R\000E\000R\000E\000\040\000I\000L\000\040\000S\000I\000L\000E}{}% 3399
\BOOKMARK [1][]{section.3400}{\376\377\000T\000V\0004\0000\0002\000:\000\040\000A\000M\000I\000C\000I\000\040\000D\000I\000\040\000L\000U\000T\000R\000A\000N\000O}{}% 3400
\BOOKMARK [1][]{section.3401}{\376\377\000T\000V\0004\0000\0003\000:\000\040\000P\000L\000A\000Y\000L\000I\000F\000E\000\040\000P\000O\000N\000Z\000A\000N\000O}{}% 3401
\BOOKMARK [1][]{section.3402}{\376\377\000T\000V\0004\0000\0006\000:\000\040\000A\000T\000L\000-\000E\000T\000I\000C\000A\000\040\000I\000M\000P\000R\000E\000S\000A\000\040\000S\000O\000C\000I\000A\000L\000E\000\040\000S\000S\000D}{}% 3402
\BOOKMARK [1][]{section.3403}{\376\377\000T\000V\0004\0000\0007\000:\000\040\000E\0002\0000\000R\000U\000N}{}% 3403
\BOOKMARK [1][]{section.3404}{\376\377\000T\000V\0004\0000\0008\000:\000\040\000A\000.\000S\000.\000D\000.\000\040\000H\000R\000O\000B\000E\000R\000T\000\040\000R\000U\000N\000N\000I\000N\000G\000\040\000T\000E\000A\000M}{}% 3404
\BOOKMARK [1][]{section.3405}{\376\377\000T\000V\0004\0000\0009\000:\000\040\000V\000I\000T\000T\000O\000R\000I\000O\000\040\000A\000T\000L\000E\000T\000I\000C\000A\000\040\000A\000S\000D\000\040\000A\000P\000S}{}% 3405
\BOOKMARK [1][]{section.3406}{\376\377\000T\000V\0004\0001\0002\000:\000\040\000E\000U\000R\000O\000V\000O\000\040\000A\000T\000L\000.\000\040\000P\000I\000E\000V\000E\000\040\000D\000I\000\040\000S\000O\000L\000I\000G\000O}{}% 3406
\BOOKMARK [1][]{section.3407}{\376\377\000T\000V\0004\0001\0003\000:\000\040\000R\000I\000D\000E\000\040\000Y\000O\000U\000R\000\040\000D\000R\000E\000A\000M\000S\000\040\000T\000R\000E\000V\000I\000S\000O}{}% 3407
\BOOKMARK [1][]{section.3408}{\376\377\000U\000D\0000\0000\0004\000:\000\040\000C\000.\000U\000.\000S\000.\000\040\000U\000D\000I\000N\000E}{}% 3408
\BOOKMARK [1][]{section.3409}{\376\377\000U\000D\0000\0000\0008\000:\000\040\000M\000A\000R\000I\000O\000\040\000T\000O\000S\000I\000\040\000T\000A\000R\000V\000I\000S\000I\000O}{}% 3409
\BOOKMARK [1][]{section.3410}{\376\377\000U\000D\0000\0001\0003\000:\000\040\000G\000E\000M\000O\000N\000A\000T\000L\000E\000T\000I\000C\000A}{}% 3410
\BOOKMARK [1][]{section.3411}{\376\377\000U\000D\0000\0001\0004\000:\000\040\000N\000U\000O\000V\000A\000\040\000A\000T\000L\000E\000T\000I\000C\000A\000\040\000T\000A\000V\000A\000G\000N\000A\000C\000C\000O}{}% 3411
\BOOKMARK [1][]{section.3412}{\376\377\000U\000D\0000\0001\0005\000:\000\040\000N\000U\000O\000V\000A\000\040\000A\000T\000L\000E\000T\000I\000C\000A\000\040\000D\000A\000L\000\040\000F\000R\000I\000U\000L\000I}{}% 3412
\BOOKMARK [1][]{section.3413}{\376\377\000U\000D\0000\0001\0008\000:\000\040\000L\000I\000B\000E\000R\000T\000A\000S\000\040\000F\000R\000I\000U\000L\000\040\000P\000A\000L\000M\000A\000N\000O\000V\000A}{}% 3413
\BOOKMARK [1][]{section.3414}{\376\377\000U\000D\0000\0002\0006\000:\000\040\000P\000O\000L\000.\000\040\000L\000I\000B\000.\000\040\000M\000E\000R\000E\000T\000O\000\040\000D\000I\000\040\000T\000O\000M\000B\000A}{}% 3414
\BOOKMARK [1][]{section.3415}{\376\377\000U\000D\0000\0003\0000\000:\000\040\000A\000T\000L\000E\000T\000I\000C\000A\000\040\000M\000A\000L\000I\000G\000N\000A\000N\000I\000\040\000L\000I\000B\000E\000R\000T\000A\000S\000\040\000U\000D}{}% 3415
\BOOKMARK [1][]{section.3416}{\376\377\000U\000D\0000\0003\0001\000:\000\040\000P\000O\000L\000.\000\040\000L\000I\000B\000.\000\040\000G\000R\000I\000O\000N\000S\000\040\000E\000\040\000R\000E\000M\000A\000N\000Z\000A\000C\000C\000O}{}% 3416
\BOOKMARK [1][]{section.3417}{\376\377\000U\000D\0000\0003\0004\000:\000\040\000P\000O\000L\000.\000\040\000L\000I\000B\000E\000R\000T\000A\000S\000\040\000T\000O\000L\000M\000E\000Z\000Z\000O}{}% 3417
\BOOKMARK [1][]{section.3418}{\376\377\000U\000D\0000\0005\0001\000:\000\040\000A\000S\000D\000\040\000G\000R\000.\000\040\000A\000T\000L\000.\000\040\000M\000O\000G\000G\000E\000S\000E\000\040\000E\000R\000M\000O\000L\000L\000I}{}% 3418
\BOOKMARK [1][]{section.3419}{\376\377\000U\000D\0000\0006\0005\000:\000\040\000P\000O\000L\000I\000S\000P\000O\000R\000T\000I\000V\000A\000\040\000T\000I\000M\000A\000U\000C\000L\000E\000U\000L\000I\000S}{}% 3419
\BOOKMARK [1][]{section.3420}{\376\377\000U\000D\0000\0006\0006\000:\000\040\000U\000N\000I\000O\000N\000E\000\040\000S\000P\000O\000R\000T\000I\000V\000A\000\040\000A\000L\000D\000O\000\040\000M\000O\000R\000O}{}% 3420
\BOOKMARK [1][]{section.3421}{\376\377\000U\000D\0000\0007\0001\000:\000\040\000A\000T\000L\000E\000T\000I\000C\000A\000\040\000B\000U\000J\000A}{}% 3421
\BOOKMARK [1][]{section.3422}{\376\377\000U\000D\0000\0007\0004\000:\000\040\000L\000I\000B\000E\000R\000T\000A\000S\000\040\000M\000A\000J\000A\000N\000O}{}% 3422
\BOOKMARK [1][]{section.3423}{\376\377\000U\000D\0000\0009\0003\000:\000\040\000C\000A\000R\000N\000I\000A\000T\000L\000E\000T\000I\000C\000A}{}% 3423
\BOOKMARK [1][]{section.3424}{\376\377\000U\000D\0000\0009\0006\000:\000\040\000P\000O\000L\000.\000\040\000D\000O\000P\000O\000L\000A\000V\000O\000R\000O\000\040\000F\000E\000R\000R\000O\000V\000I\000A\000R\000I\000O\000\040\000U\000D}{}% 3424
\BOOKMARK [1][]{section.3425}{\376\377\000U\000D\0001\0000\0000\000:\000\040\000U\000N\000I\000O\000N\000E\000\040\000S\000P\000O\000R\000T\000I\000V\000A\000\040\000L\000A\000V\000A\000R\000I\000A\000N\000E\000S\000E}{}% 3425
\BOOKMARK [1][]{section.3426}{\376\377\000U\000D\0001\0000\0002\000:\000\040\000A\000T\000H\000L\000E\000T\000I\000C\000\040\000C\000L\000U\000B\000\040\000A\000P\000I\000C\000I\000L\000I\000A}{}% 3426
\BOOKMARK [1][]{section.3427}{\376\377\000U\000D\0001\0001\0000\000:\000\040\000A\000T\000L\000E\000T\000I\000C\000A\000\040\0002\0000\0000\0000}{}% 3427
\BOOKMARK [1][]{section.3428}{\376\377\000U\000D\0001\0001\0001\000:\000\040\000A\000T\000L\000E\000T\000I\000C\000A\000\040\000C\000I\000V\000I\000D\000A\000L\000E\000\040\000D\000E\000L\000\040\000F\000R\000I\000U\000L\000I}{}% 3428
\BOOKMARK [1][]{section.3429}{\376\377\000U\000D\0001\0001\0002\000:\000\040\000P\000O\000L\000I\000S\000P\000O\000R\000T\000I\000V\000A\000\040\000D\000E\000L\000\040\000T\000A\000R\000V\000I\000S\000I\000A\000N\000O}{}% 3429
\BOOKMARK [1][]{section.3430}{\376\377\000U\000D\0001\0001\0005\000:\000\040\000A\000T\000L\000E\000T\000I\000C\000A\000\040\000A\000L\000T\000O\000\040\000F\000R\000I\000U\000L\000I}{}% 3430
\BOOKMARK [1][]{section.3431}{\376\377\000U\000D\0001\0001\0006\000:\000\040\000L\000I\000B\000E\000R\000T\000A\000S\000\040\000U\000D\000I\000N\000E}{}% 3431
\BOOKMARK [1][]{section.3432}{\376\377\000U\000D\0001\0001\0008\000:\000\040\000A\000T\000L\000E\000T\000I\000C\000A\000\040\000S\000A\000N\000\040\000D\000A\000N\000I\000E\000L\000E}{}% 3432
\BOOKMARK [1][]{section.3433}{\376\377\000U\000D\0001\0002\0001\000:\000\040\000L\000U\000P\000I\000G\000N\000A\000N\000U\000M\000\040\000T\000R\000A\000C\000K\000\046\000F\000I\000E\000L\000D}{}% 3433
\BOOKMARK [1][]{section.3434}{\376\377\000U\000D\0001\0002\0002\000:\000\040\000A\000S\000D\000\040\000P\000R\000E\000A\000L\000P\000I\000\040\000G\000I\000U\000L\000I\000E}{}% 3434
\BOOKMARK [1][]{section.3435}{\376\377\000U\000D\0005\0000\0000\000:\000\040\000G\000.\000\040\000M\000.\000\040\000U\000D\000I\000N\000E\000S\000I\000\040\000U\000O\000E\000I}{}% 3435
\BOOKMARK [1][]{section.3436}{\376\377\000U\000D\0005\0000\0002\000:\000\040\000G\000.\000M\000.\000\040\000G\000.\000S\000.\000\040\000A\000Q\000U\000I\000L\000E\000\040\000F\000R\000I\000U\000L\000A\000N\000E}{}% 3436
\BOOKMARK [1][]{section.3437}{\376\377\000U\000D\0005\0000\0003\000:\000\040\000G\000E\000M\000O\000N\000A\000T\000L\000E\000T\000I\000C\000A\000\040\000S\000.\000R\000.\000L\000.\000\040\000D\000I\000L\000.}{}% 3437
\BOOKMARK [1][]{section.3438}{\376\377\000U\000D\0005\0001\0001\000:\000\040\000G\000.\000S\000.\000\040\000A\000L\000P\000I\000N\000I\000\040\000N\000U\000C\000L\000E\000O\000\040\000D\000I\000\040\000P\000U\000L\000F\000E\000R\000O}{}% 3438
\BOOKMARK [1][]{section.3439}{\376\377\000U\000D\0005\0001\0006\000:\000\040\000M\000A\000R\000A\000T\000O\000N\000A\000\040\000M\000A\000G\000N\000A\000N\000O}{}% 3439
\BOOKMARK [1][]{section.3440}{\376\377\000U\000D\0005\0001\0008\000:\000\040\000P\000I\000A\000N\000I\000\040\000D\000I\000\040\000V\000A\000S}{}% 3440
\BOOKMARK [1][]{section.3441}{\376\377\000U\000D\0005\0002\0000\000:\000\040\000M\000A\000R\000A\000T\000O\000N\000I\000N\000A\000\040\000U\000D\000I\000N\000E\000S\000E}{}% 3441
\BOOKMARK [1][]{section.3442}{\376\377\000U\000D\0005\0002\0005\000:\000\040\000P\000O\000D\000I\000S\000M\000O\000\040\000B\000U\000T\000T\000R\000I\000O}{}% 3442
\BOOKMARK [1][]{section.3443}{\376\377\000U\000D\0005\0002\0006\000:\000\040\000G\000R\000U\000P\000P\000O\000\040\000S\000P\000O\000R\000T\000I\000V\000O\000\040\000N\000A\000T\000I\000S\000O\000N\000E}{}% 3443
\BOOKMARK [1][]{section.3444}{\376\377\000U\000D\0005\0002\0007\000:\000\040\000A\000T\000L\000E\000T\000I\000C\000A\000\040\000D\000O\000L\000C\000E\000\040\000N\000O\000R\000D\000-\000E\000S\000T}{}% 3444
\BOOKMARK [1][]{section.3445}{\376\377\000U\000D\0005\0002\0008\000:\000\040\000N\000I\000U\000'\000\040\000T\000E\000A\000M}{}% 3445
\BOOKMARK [1][]{section.3446}{\376\377\000U\000D\0005\0002\0009\000:\000\040\000K\000E\000E\000P\000\040\000M\000O\000V\000I\000N\000G}{}% 3446
\BOOKMARK [1][]{section.3447}{\376\377\000U\000D\0005\0003\0000\000:\000\040\000J\000A\000L\000M\000I\000C\000C\000O\000\040\000C\000O\000R\000S\000E\000\040\000A\000S\000S\000O\000C\000I\000A\000Z\000I\000O\000N\000E\000\040\000S\000P}{}% 3447
\BOOKMARK [1][]{section.3448}{\376\377\000U\000D\0005\0003\0001\000:\000\040\000M\000A\000R\000A\000T\000O\000N\000A\000\040\000D\000E\000L\000L\000E\000\040\000C\000I\000T\000T\000A\000'\000\040\000D\000E\000L\000\040\000V\000I\000N\000O}{}% 3448
\BOOKMARK [1][]{section.3449}{\376\377\000U\000D\0005\0004\0001\000:\000\040\000M\000O\000S\000T\000R\000O\000R\000U\000N\000\040\000A\000.\000S\000.\000D\000.}{}% 3449
\BOOKMARK [1][]{section.3450}{\376\377\000U\000D\0005\0004\0004\000:\000\040\000P\000A\000L\000E\000S\000T\000R\000A\000\040\000C\000I\000E\000L\000O\000\040\000A\000P\000E\000R\000T\000O\000\040\000S\000S\000D}{}% 3450
\BOOKMARK [1][]{section.3451}{\376\377\000V\000A\0000\0005\0000\000:\000\040\000A\000T\000L\000.\000\040\000C\000A\000I\000R\000A\000T\000E\000S\000E}{}% 3451
\BOOKMARK [1][]{section.3452}{\376\377\000V\000A\0000\0005\0001\000:\000\040\000G\000.\000S\000.\000\040\000M\000A\000R\000A\000T\000O\000N\000E\000T\000I\000\040\000C\000A\000S\000S\000A\000N\000O\000\040\000M\000.\000G\000O}{}% 3452
\BOOKMARK [1][]{section.3453}{\376\377\000V\000A\0000\0006\0009\000:\000\040\000V\000I\000R\000T\000U\000S\000\040\000S\000O\000M\000M\000A\000\040\000L\000O\000M\000B\000A\000R\000D\000O}{}% 3453
\BOOKMARK [1][]{section.3454}{\376\377\000V\000A\0000\0007\0008\000:\000\040\000M\000A\000R\000A\000T\000O\000N\000E\000T\000I\000\040\000T\000R\000A\000D\000A\000T\000E}{}% 3454
\BOOKMARK [1][]{section.3455}{\376\377\000V\000A\0001\0001\0007\000:\000\040\000A\000T\000L\000.\000\040\000M\000A\000L\000N\000A\000T\000E}{}% 3455
\BOOKMARK [1][]{section.3456}{\376\377\000V\000A\0001\0001\0009\000:\000\040\000A\000T\000L\000.\000\040\000O\000.\000S\000.\000A\000.\000\040\000S\000A\000R\000O\000N\000N\000O\000\040\000L\000I\000B\000.}{}% 3456
\BOOKMARK [1][]{section.3457}{\376\377\000V\000A\0001\0002\0001\000:\000\040\000P\000R\000O\000\040\000P\000A\000T\000R\000I\000A\000\040\000A\000.\000R\000.\000C\000.\000\040\000B\000U\000S\000T\000O\000\040\000A\000.}{}% 3457
\BOOKMARK [1][]{section.3458}{\376\377\000V\000A\0001\0002\0003\000:\000\040\000C\000U\000S\000\040\000I\000N\000S\000U\000B\000R\000I\000A\000\040\000V\000A\000R\000E\000S\000E\000\040\000C\000O\000M\000O}{}% 3458
\BOOKMARK [1][]{section.3459}{\376\377\000V\000A\0001\0002\0004\000:\000\040\000A\000T\000L\000.\000\040\000L\000I\000B\000.\000\040\000U\000B\000O\000L\000D\000O}{}% 3459
\BOOKMARK [1][]{section.3460}{\376\377\000V\000A\0001\0002\0006\000:\000\040\000S\000.\000G\000.\000\040\000G\000A\000L\000L\000A\000R\000A\000T\000E\000S\000E}{}% 3460
\BOOKMARK [1][]{section.3461}{\376\377\000V\000A\0001\0002\0008\000:\000\040\000A\000T\000L\000.\000\040\000S\000A\000N\000\040\000M\000A\000R\000C\000O\000\040\000U\000.\000S\000.\000\040\000A\000C\000L\000I}{}% 3461
\BOOKMARK [1][]{section.3462}{\376\377\000V\000A\0001\0002\0009\000:\000\040\000P\000O\000L\000.\000\040\000O\000L\000O\000N\000I\000A}{}% 3462
\BOOKMARK [1][]{section.3463}{\376\377\000V\000A\0001\0003\0000\000:\000\040\000N\000.\000\040\000A\000T\000L\000.\000\040\000V\000A\000R\000E\000S\000E}{}% 3463
\BOOKMARK [1][]{section.3464}{\376\377\000V\000A\0001\0003\0001\000:\000\040\000U\000.\000S\000.\000\040\000V\000I\000R\000T\000U\000S\000\040\000A\000T\000L\000.}{}% 3464
\BOOKMARK [1][]{section.3465}{\376\377\000V\000A\0001\0003\0003\000:\000\040\000S\000E\000S\000T\000O\000\040\0007\0006}{}% 3465
\BOOKMARK [1][]{section.3466}{\376\377\000V\000A\0001\0006\0008\000:\000\040\000A\000M\000A\000T\000O\000R\000I\000\040\000A\000T\000L\000.\000\040\000C\000A\000S\000O\000R\000A\000T\000E\000\040\000S\000.}{}% 3466
\BOOKMARK [1][]{section.3467}{\376\377\000V\000A\0001\0009\0003\000:\000\040\000G\000.\000A\000.\000P\000.\000\040\000S\000A\000R\000O\000N\000N\000O}{}% 3467
\BOOKMARK [1][]{section.3468}{\376\377\000V\000A\0002\0002\0000\000:\000\040\000S\000P\000O\000R\000T\000\040\000C\000L\000U\000B\000\040\000I\000T\000A\000L\000I\000A\000\040\000L\000U\000I\000N\000O}{}% 3468
\BOOKMARK [1][]{section.3469}{\376\377\000V\000A\0002\0005\0001\000:\000\040\000G\000.\000S\000.\000\040\000M\000A\000R\000A\000T\000H\000O\000N\000\040\000M\000A\000X}{}% 3469
\BOOKMARK [1][]{section.3470}{\376\377\000V\000A\0002\0006\0003\000:\000\040\000G\000.\000A\000.\000M\000.\000\040\000W\000H\000I\000R\000L\000P\000O\000O\000L}{}% 3470
\BOOKMARK [1][]{section.3471}{\376\377\000V\000A\0002\0008\0007\000:\000\040\000P\000O\000D\000I\000S\000T\000I\000\040\000V\000A\000L\000L\000E\000\040\000O\000L\000O\000N\000A}{}% 3471
\BOOKMARK [1][]{section.3472}{\376\377\000V\000A\0003\0007\0003\000:\000\040\000P\000O\000L\000.\000\040\000A\000I\000R\000O\000L\000D\000I\000\040\000O\000R\000I\000G\000G\000I\000O}{}% 3472
\BOOKMARK [1][]{section.3473}{\376\377\000V\000A\0003\0009\0004\000:\000\040\000A\000T\000L\000.\000\040\000A\000R\000C\000I\000S\000A\000T\000E}{}% 3473
\BOOKMARK [1][]{section.3474}{\376\377\000V\000A\0004\0005\0001\000:\000\040\000A\000T\000L\000.\000\040\000V\000E\000R\000B\000A\000N\000O}{}% 3474
\BOOKMARK [1][]{section.3475}{\376\377\000V\000A\0004\0006\0000\000:\000\040\000N\000.\000A\000T\000L\000.\000\040\000A\000R\000C\000O\000N\000A\000T\000E}{}% 3475
\BOOKMARK [1][]{section.3476}{\376\377\000V\000A\0004\0007\0006\000:\000\040\000A\000T\000L\000.\000\040\000T\000R\000A\000D\000A\000T\000E}{}% 3476
\BOOKMARK [1][]{section.3477}{\376\377\000V\000A\0005\0000\0009\000:\000\040\000A\000T\000L\000E\000T\000I\000C\000A\000\040\0003\000V}{}% 3477
\BOOKMARK [1][]{section.3478}{\376\377\000V\000A\0005\0002\0005\000:\000\040\000P\000O\000D\000I\000S\000T\000I\000C\000A\000\040\000M\000E\000Z\000Z\000A\000N\000E\000S\000E}{}% 3478
\BOOKMARK [1][]{section.3479}{\376\377\000V\000A\0005\0004\0009\000:\000\040\000A\000T\000H\000.\000R\000U\000N\000N\000E\000R\000\040\000\046\000\040\000C\000L\000I\000M\000B\000E\000R\000\040\000B\000U\000S\000T\000O\000\040\000A\000.}{}% 3479
\BOOKMARK [1][]{section.3480}{\376\377\000V\000A\0005\0005\0000\000:\000\040\000A\000T\000L\000.\000\040\000G\000A\000V\000I\000R\000A\000T\000E}{}% 3480
\BOOKMARK [1][]{section.3481}{\376\377\000V\000A\0005\0006\0003\000:\000\040\000R\000U\000N\000N\000E\000R\000S\000\040\000V\000A\000L\000B\000O\000S\000S\000A\000-\000A\000Z\000Z\000A\000T\000E}{}% 3481
\BOOKMARK [1][]{section.3482}{\376\377\000V\000A\0005\0009\0008\000:\000\040\000R\000U\000N\000N\000I\000N\000G\000\040\000S\000A\000R\000O\000N\000N\000O}{}% 3482
\BOOKMARK [1][]{section.3483}{\376\377\000V\000A\0006\0000\0008\000:\000\040\000R\000U\000N\000N\000E\000R\000\040\000V\000A\000R\000E\000S\000E}{}% 3483
\BOOKMARK [1][]{section.3484}{\376\377\000V\000A\0006\0002\0001\000:\000\040\000A\000T\000L\000.\000\040\000L\000A\000G\000O\000\040\000M\000A\000G\000G\000I\000O\000R\000E}{}% 3484
\BOOKMARK [1][]{section.3485}{\376\377\000V\000A\0006\0003\0006\000:\000\040\000P\000\046\000C\000\040\000P\000O\000D\000I\000S\000M\000O\000E\000C\000A\000Z\000Z\000E\000G\000G\000I\000O}{}% 3485
\BOOKMARK [1][]{section.3486}{\376\377\000V\000A\0006\0006\0001\000:\000\040\000S\000E\000T\000T\000E\000\040\000L\000A\000G\000H\000I\000\040\000R\000U\000N\000N\000E\000R\000S}{}% 3486
\BOOKMARK [1][]{section.3487}{\376\377\000V\000A\0006\0009\0007\000:\000\040\000P\000O\000L\000I\000S\000P\000O\000R\000T\000I\000V\000A\000\040\000S\000A\000L\000U\000S\000\040\000G\000E\000R\000E\000N\000Z\000A\000N\000O}{}% 3487
\BOOKMARK [1][]{section.3488}{\376\377\000V\000A\0007\0003\0001\000:\000\040\000A\000T\000L\000.\000\040\000G\000A\000L\000L\000A\000R\000A\000T\000E\000S\000E}{}% 3488
\BOOKMARK [1][]{section.3489}{\376\377\000V\000A\0007\0004\0000\000:\000\040\000A\000T\000L\000.\000\040\000M\000A\000C\000C\000A\000G\000N\000O}{}% 3489
\BOOKMARK [1][]{section.3490}{\376\377\000V\000A\0007\0004\0003\000:\000\040\000S\000C\000I\000\040\000N\000O\000R\000D\000I\000C\000O\000\040\000V\000A\000R\000E\000S\000E}{}% 3490
\BOOKMARK [1][]{section.3491}{\376\377\000V\000A\0007\0005\0000\000:\000\040\000C\000A\000R\000D\000A\000T\000L\000E\000T\000I\000C\000A}{}% 3491
\BOOKMARK [1][]{section.3492}{\376\377\000V\000A\0007\0006\0006\000:\000\040\000A\000T\000L\000.\000\040\000L\000A\000\040\000F\000O\000R\000N\000A\000C\000E}{}% 3492
\BOOKMARK [1][]{section.3493}{\376\377\000V\000A\0007\0009\0006\000:\000\040\000A\000T\000H\000L\000O\000N\000\040\000R\000U\000N\000N\000E\000R\000S}{}% 3493
\BOOKMARK [1][]{section.3494}{\376\377\000V\000A\0008\0003\0004\000:\000\040\000N\000U\000O\000V\000A\000\040\000A\000T\000L\000E\000T\000I\000C\000A\000\040\000S\000A\000M\000V\000E\000R\000G\000A\000\040\000A\000S\000D}{}% 3494
\BOOKMARK [1][]{section.3495}{\376\377\000V\000A\0008\0004\0003\000:\000\040\000N\000R\000D\000C\000-\000I\000T\000A\000\040\000R\000U\000N\000N\000I\000N\000G\000\040\000C\000L\000U\000B}{}% 3495
\BOOKMARK [1][]{section.3496}{\376\377\000V\000A\0008\0006\0004\000:\000\040\000A\000T\000L\000.\000\040\000V\000A\000R\000E\000S\000I\000N\000A\000\040\000M\000A\000L\000P\000E\000N\000S\000A}{}% 3496
\BOOKMARK [1][]{section.3497}{\376\377\000V\000A\0009\0001\0004\000:\000\040\000C\000A\000M\000P\000U\000S\000\040\000V\000A\000R\000E\000S\000E\000\040\000R\000U\000N\000N\000E\000R\000S}{}% 3497
\BOOKMARK [1][]{section.3498}{\376\377\000V\000A\0009\0001\0008\000:\000\040\000V\000A\000R\000E\000S\000E\000\040\000A\000T\000L\000E\000T\000I\000C\000A\000\040\000A\000.\000S\000.\000D\000.}{}% 3498
\BOOKMARK [1][]{section.3499}{\376\377\000V\000A\0009\0004\0003\000:\000\040\000A\000S\000D\000\040\000B\000U\000M\000B\000A\000S\000I\000N\000A\000\040\000R\000U\000N}{}% 3499
\BOOKMARK [1][]{section.3500}{\376\377\000V\000A\0009\0008\0000\000:\000\040\000A\000T\000L\000E\000T\000I\000C\000A\000\040\000T\000I\000G\000E\000R\000S}{}% 3500
\BOOKMARK [1][]{section.3501}{\376\377\000V\000A\0009\0008\0001\000:\000\040\000T\000E\000A\000M\000\040\000A\000T\000T\000I\000V\000A\000S\000A\000L\000U\000T\000E\000\040\000A\000S\000D}{}% 3501
\BOOKMARK [1][]{section.3502}{\376\377\000V\000A\0009\0008\0002\000:\000\040\000A\000.\000S\000.\000D\000.\000\040\000F\000R\000E\000E\000\040\000R\000U\000N\000N\000E\000R\000S\000\040\000T\000E\000A\000M}{}% 3502
\BOOKMARK [1][]{section.3503}{\376\377\000V\000A\0009\0009\0000\000:\000\040\000M\000A\000L\000P\000E\000N\000S\000A\000\040\000A\000T\000L\000E\000T\000I\000C\000A}{}% 3503
\BOOKMARK [1][]{section.3504}{\376\377\000V\000B\0000\0000\0005\000:\000\040\000A\000.\000\040\000S\000.\000\040\000D\000.\000\040\000B\000O\000G\000N\000A\000N\000C\000O}{}% 3504
\BOOKMARK [1][]{section.3505}{\376\377\000V\000B\0000\0001\0002\000:\000\040\000A\000.\000S\000.\000D\000.\000\040\000C\000A\000D\000D\000E\000S\000E}{}% 3505
\BOOKMARK [1][]{section.3506}{\376\377\000V\000B\0000\0001\0003\000:\000\040\000G\000.\000\040\000S\000.\000\040\000D\000.\000\040\000V\000A\000L\000D\000I\000V\000E\000D\000R\000O}{}% 3506
\BOOKMARK [1][]{section.3507}{\376\377\000V\000B\0000\0001\0004\000:\000\040\000C\000O\000-\000V\000E\000R\000\040\000S\000P\000O\000R\000T\000I\000V\000A\000\040\000M\000A\000P\000E\000I}{}% 3507
\BOOKMARK [1][]{section.3508}{\376\377\000V\000B\0000\0001\0009\000:\000\040\000A\000T\000L\000E\000T\000I\000C\000A\000\040\000C\000I\000S\000T\000E\000L\000L\000A}{}% 3508
\BOOKMARK [1][]{section.3509}{\376\377\000V\000B\0000\0002\0005\000:\000\040\000G\000.\000\040\000S\000.\000\040\000D\000.\000\040\000G\000E\000N\000Z\000I\000A\000N\000E\000L\000L\000A}{}% 3509
\BOOKMARK [1][]{section.3510}{\376\377\000V\000B\0000\0002\0008\000:\000\040\000A\000.\000\040\000S\000.\000\040\000D\000.\000\040\000C\000A\000S\000T\000I\000G\000L\000I\000O\000N\000E\000\040\000O\000S\000S\000O\000L\000A}{}% 3510
\BOOKMARK [1][]{section.3511}{\376\377\000V\000B\0000\0003\0004\000:\000\040\000A\000.\000S\000.\000D\000.\000\040\000G\000R\000A\000V\000E\000L\000L\000O\000N\000A\000\040\000V\000C\000O}{}% 3511
\BOOKMARK [1][]{section.3512}{\376\377\000V\000B\0000\0004\0000\000:\000\040\000A\000V\000I\000S\000\040\000M\000A\000R\000A\000T\000H\000O\000N\000\040\000V\000E\000R\000B\000A\000N\000I\000A}{}% 3512
\BOOKMARK [1][]{section.3513}{\376\377\000V\000B\0000\0004\0001\000:\000\040\000S\000P\000O\000R\000T\000\040\000\046\000\040\000S\000P\000O\000R\000T\000I\000V\000I}{}% 3513
\BOOKMARK [1][]{section.3514}{\376\377\000V\000B\0000\0004\0009\000:\000\040\000A\000T\000L\000.\000\040\000O\000S\000S\000O\000L\000A\000N\000A\000\040\000V\000I\000G\000E\000Z\000Z\000O}{}% 3514
\BOOKMARK [1][]{section.3515}{\376\377\000V\000B\0000\0005\0000\000:\000\040\000M\000A\000R\000A\000T\000O\000L\000A\000N\000D\000I\000A}{}% 3515
\BOOKMARK [1][]{section.3516}{\376\377\000V\000B\0000\0005\0002\000:\000\040\000A\000T\000L\000E\000T\000I\000C\000A\000\040\000A\000V\000I\000S\000\040\000O\000S\000S\000O\000L\000A\000N\000A}{}% 3516
\BOOKMARK [1][]{section.3517}{\376\377\000V\000B\0000\0005\0004\000:\000\040\000S\000P\000O\000R\000T\000\040\000P\000R\000O\000-\000M\000O\000T\000I\000O\000N}{}% 3517
\BOOKMARK [1][]{section.3518}{\376\377\000V\000B\0000\0005\0005\000:\000\040\000G\000A\000V\000\040\000G\000R\000U\000P\000P\000O\000\040\000A\000T\000L\000E\000T\000I\000C\000A\000\040\000V\000E\000R\000B\000A\000N\000I\000A\000\040\000A}{}% 3518
\BOOKMARK [1][]{section.3519}{\376\377\000V\000B\0000\0005\0008\000:\000\040\000S\000P\000O\000R\000T\000\040\000P\000R\000O\000J\000E\000C\000T\000\040\000V\000C\000O}{}% 3519
\BOOKMARK [1][]{section.3520}{\376\377\000V\000C\0000\0000\0001\000:\000\040\000A\000T\000L\000.\000\040\000S\000A\000N\000T\000H\000I\000A\000'}{}% 3520
\BOOKMARK [1][]{section.3521}{\376\377\000V\000C\0000\0000\0002\000:\000\040\000U\000N\000I\000O\000N\000E\000\040\000G\000I\000O\000V\000A\000N\000E\000\040\000B\000I\000E\000L\000L\000A}{}% 3521
\BOOKMARK [1][]{section.3522}{\376\377\000V\000C\0000\0000\0004\000:\000\040\000A\000T\000L\000E\000T\000I\000C\000A\000\040\000V\000E\000R\000C\000E\000L\000L\000I\000\040\0007\0008}{}% 3522
\BOOKMARK [1][]{section.3523}{\376\377\000V\000C\0000\0000\0006\000:\000\040\000G\000.\000P\000.\000\040\000T\000R\000I\000N\000E\000S\000E}{}% 3523
\BOOKMARK [1][]{section.3524}{\376\377\000V\000C\0000\0000\0008\000:\000\040\000A\000.\000S\000.\000G\000A\000G\000L\000I\000A\000N\000I\000C\000O\000\040\0001\0009\0007\0004}{}% 3524
\BOOKMARK [1][]{section.3525}{\376\377\000V\000C\0000\0001\0002\000:\000\040\000A\000.\000A\000T\000L\000.\000\040\000C\000A\000N\000D\000E\000L\000O}{}% 3525
\BOOKMARK [1][]{section.3526}{\376\377\000V\000C\0000\0001\0004\000:\000\040\000G\000.\000S\000.\000A\000.\000\040\000V\000A\000L\000S\000E\000S\000I\000A}{}% 3526
\BOOKMARK [1][]{section.3527}{\376\377\000V\000C\0000\0001\0007\000:\000\040\000G\000.\000S\000.\000\040\000S\000P\000L\000E\000N\000D\000O\000R\000\040\000C\000O\000S\000S\000A\000T\000O}{}% 3527
\BOOKMARK [1][]{section.3528}{\376\377\000V\000C\0000\0001\0009\000:\000\040\000A\000T\000L\000.\000\040\000S\000T\000R\000O\000N\000E\000S\000E\000-\000N\000U\000O\000V\000A\000\040\000N\000O\000R\000D\000A\000F\000F\000A\000R\000I}{}% 3528
\BOOKMARK [1][]{section.3529}{\376\377\000V\000C\0000\0002\0000\000:\000\040\000G\000.\000S\000.\000\040\000E\000R\000M\000E\000N\000E\000G\000I\000L\000D\000O\000\040\000Z\000E\000G\000N\000A}{}% 3529
\BOOKMARK [1][]{section.3530}{\376\377\000V\000C\0000\0002\0001\000:\000\040\000A\000T\000L\000.\000L\000E\000S\000S\000O\000N\000A}{}% 3530
\BOOKMARK [1][]{section.3531}{\376\377\000V\000C\0000\0002\0004\000:\000\040\000C\000E\000D\000A\000S\000\040\000L\000A\000N\000C\000I\000A\000\040\000V\000E\000R\000R\000O\000N\000E}{}% 3531
\BOOKMARK [1][]{section.3532}{\376\377\000V\000C\0000\0002\0005\000:\000\040\000A\000.\000S\000.\000\040\000A\000M\000A\000T\000O\000R\000I\000\040\000S\000P\000O\000R\000T}{}% 3532
\BOOKMARK [1][]{section.3533}{\376\377\000V\000C\0000\0002\0008\000:\000\040\000G\000R\000U\000P\000P\000O\000\040\000A\000M\000I\000C\000I\000\040\000C\000O\000R\000S\000A\000\040\000P\000E\000T\000T\000I\000N\000E\000N\000G\000O}{}% 3533
\BOOKMARK [1][]{section.3534}{\376\377\000V\000C\0000\0003\0007\000:\000\040\000G\000S\000A\000\040\000P\000O\000L\000L\000O\000N\000E}{}% 3534
\BOOKMARK [1][]{section.3535}{\376\377\000V\000C\0000\0003\0008\000:\000\040\000C\000.\000S\000.\000R\000O\000A\000S\000I\000O}{}% 3535
\BOOKMARK [1][]{section.3536}{\376\377\000V\000C\0000\0004\0002\000:\000\040\000M\000U\000L\000T\000I\000S\000P\000O\000R\000T\000\040\000S\000A\000L\000U\000G\000G\000I\000A}{}% 3536
\BOOKMARK [1][]{section.3537}{\376\377\000V\000C\0000\0004\0003\000:\000\040\000A\000T\000L\000.\000G\000A\000G\000L\000I\000A\000N\000I\000C\000O}{}% 3537
\BOOKMARK [1][]{section.3538}{\376\377\000V\000C\0000\0004\0005\000:\000\040\000A\000T\000L\000E\000T\000I\000C\000A\000\040\000V\000A\000L\000S\000E\000S\000I\000A}{}% 3538
\BOOKMARK [1][]{section.3539}{\376\377\000V\000C\0000\0004\0006\000:\000\040\000A\000T\000L\000.\000\040\000T\000R\000I\000V\000E\000R\000O\000\040\0002\0000\0000\0001}{}% 3539
\BOOKMARK [1][]{section.3540}{\376\377\000V\000C\0000\0004\0007\000:\000\040\000P\000O\000D\000I\000S\000T\000I\000C\000A\000\040\000V\000I\000G\000L\000I\000A\000N\000O\000\040\000A\000S\000D}{}% 3540
\BOOKMARK [1][]{section.3541}{\376\377\000V\000C\0000\0004\0008\000:\000\040\000P\000I\000E\000T\000R\000O\000\040\000M\000I\000C\000C\000A\000\040\000B\000I\000E\000L\000L\000A\000\040\000R\000U\000N\000N\000I\000N\000G}{}% 3541
\BOOKMARK [1][]{section.3542}{\376\377\000V\000C\0000\0004\0009\000:\000\040\000B\000U\000G\000E\000L\000L\000A\000\040\000S\000P\000O\000R\000T}{}% 3542
\BOOKMARK [1][]{section.3543}{\376\377\000V\000C\0000\0005\0003\000:\000\040\000L\000A\000\040\000V\000E\000T\000T\000A\000\040\000R\000U\000N\000N\000I\000N\000G}{}% 3543
\BOOKMARK [1][]{section.3544}{\376\377\000V\000C\0000\0005\0004\000:\000\040\000A\000T\000L\000E\000T\000I\000C\000A\000\040\000S\000E\000R\000R\000A\000\040\000C\000R\000E\000S\000C\000E\000N\000T\000I\000N\000O}{}% 3544
\BOOKMARK [1][]{section.3545}{\376\377\000V\000C\0000\0005\0005\000:\000\040\000P\000G\000S\000\040\000D\000E\000C\000A\000T\000H\000L\000O\000N\000\040\000V\000E\000R\000C\000E\000L\000L\000I}{}% 3545
\BOOKMARK [1][]{section.3546}{\376\377\000V\000C\0000\0005\0006\000:\000\040\000A\000.\000S\000.\000D\000.\000\040\000P\000O\000D\000I\000S\000M\000O\000\040\000D\000I\000\040\000S\000E\000R\000A}{}% 3546
\BOOKMARK [1][]{section.3547}{\376\377\000V\000C\0000\0005\0007\000:\000\040\000A\000T\000L\000E\000T\000I\000C\000A\000M\000I\000C\000A}{}% 3547
\BOOKMARK [1][]{section.3548}{\376\377\000V\000C\0000\0005\0008\000:\000\040\000M\000A\000S\000T\000E\000R\000\040\000A\000T\000H\000L\000E\000T\000I\000C\000S\000\040\000T\000E\000A\000M\000\040\000B\000I\000E\000L\000L\000A}{}% 3548
\BOOKMARK [1][]{section.3549}{\376\377\000V\000C\0000\0006\0000\000:\000\040\000A\000.\000S\000.\000D\000.\000\040\000O\000L\000I\000M\000P\000I\000A\000\040\000R\000U\000N\000N\000E\000R\000S}{}% 3549
\BOOKMARK [1][]{section.3550}{\376\377\000V\000C\0000\0006\0001\000:\000\040\000B\000I\000E\000L\000L\000A\000\040\000R\000U\000N\000N\000I\000N\000G}{}% 3550
\BOOKMARK [1][]{section.3551}{\376\377\000V\000C\0000\0006\0002\000:\000\040\000C\000A\000L\000I\000F\000O\000R\000N\000I\000A\000\040\000S\000P\000O\000R\000T\000\040\000\046\000\040\000F\000I\000T\000N\000E\000S\000S}{}% 3551
\BOOKMARK [1][]{section.3552}{\376\377\000V\000C\0000\0006\0004\000:\000\040\000R\000E\000A\000D\000Y\000\040\000T\000O\000\040\000R\000U\000N\000\040\000S\000.\000R\000.\000L\000.}{}% 3552
\BOOKMARK [1][]{section.3553}{\376\377\000V\000C\0000\0006\0005\000:\000\040\000A\000.\000S\000.\000D\000.\000C\000L\000I\000M\000B\000\040\000R\000U\000N\000N\000E\000R\000S}{}% 3553
\BOOKMARK [1][]{section.3554}{\376\377\000V\000C\0000\0006\0006\000:\000\040\000S\000P\000L\000E\000N\000D\000O\000R\000\040\0001\0009\0002\0002}{}% 3554
\BOOKMARK [1][]{section.3555}{\376\377\000V\000C\0000\0006\0008\000:\000\040\000A\000S\000D\000\040\000T\000R\000A\000I\000L\000\040\000M\000O\000N\000T\000E\000\040\000C\000A\000S\000T\000O}{}% 3555
\BOOKMARK [1][]{section.3556}{\376\377\000V\000C\0000\0007\0001\000:\000\040\000A\000M\000A\000T\000O\000R\000I\000\040\000S\000P\000O\000R\000T\000\040\000A\000S\000D}{}% 3556
\BOOKMARK [1][]{section.3557}{\376\377\000V\000C\0000\0007\0003\000:\000\040\000A\000S\000D\000\040\000F\000U\000T\000U\000R\000A\000T\000L\000E\000T\000I\000C\000A\000\040\000P\000I\000E\000M\000O\000N\000T\000E}{}% 3557
\BOOKMARK [1][]{section.3558}{\376\377\000V\000E\0004\0006\0001\000:\000\040\000O\000L\000I\000M\000P\000I\000C\000A\000O\000R\000L\000E}{}% 3558
\BOOKMARK [1][]{section.3559}{\376\377\000V\000E\0004\0006\0002\000:\000\040\000C\000.\000U\000.\000S\000.\000\040\000V\000E\000N\000E\000Z\000I\000A}{}% 3559
\BOOKMARK [1][]{section.3560}{\376\377\000V\000E\0004\0006\0004\000:\000\040\000A\000T\000L\000E\000T\000I\000C\000A\000\040\000A\000U\000D\000A\000C\000E\000\040\000N\000O\000A\000L\000E\000\040\000A\000S\000D}{}% 3560
\BOOKMARK [1][]{section.3561}{\376\377\000V\000E\0004\0006\0006\000:\000\040\000A\000.\000D\000.\000C\000.\000S\000.\000\040\000L\000I\000B\000E\000R\000T\000A\000S\000\040\000S\000C\000O\000R\000Z\000E\000'}{}% 3561
\BOOKMARK [1][]{section.3562}{\376\377\000V\000E\0004\0006\0008\000:\000\040\000A\000M\000A\000T\000O\000R\000I\000\040\000A\000T\000L\000.\000C\000H\000I\000R\000I\000G\000N\000A\000G\000O}{}% 3562
\BOOKMARK [1][]{section.3563}{\376\377\000V\000E\0004\0007\0000\000:\000\040\000V\000E\000N\000E\000Z\000I\000A\000\040\000R\000U\000N\000N\000E\000R\000S\000\040\000A\000T\000L\000.\000M\000U\000R\000A\000N\000O}{}% 3563
\BOOKMARK [1][]{section.3564}{\376\377\000V\000E\0004\0007\0001\000:\000\040\000A\000S\000D\000\040\000A\000T\000L\000E\000T\000I\000C\000A\000\040\000M\000A\000R\000C\000O\000N}{}% 3564
\BOOKMARK [1][]{section.3565}{\376\377\000V\000E\0004\0007\0002\000:\000\040\000L\000A\000\040\000F\000E\000N\000I\000C\000E\000\040\0001\0009\0002\0003\000\040\000M\000E\000S\000T\000R\000E}{}% 3565
\BOOKMARK [1][]{section.3566}{\376\377\000V\000E\0004\0007\0003\000:\000\040\000A\000T\000L\000E\000T\000I\000C\000A\000\040\000R\000I\000V\000I\000E\000R\000A\000\040\000D\000E\000L\000\040\000B\000R\000E\000N\000T\000A}{}% 3566
\BOOKMARK [1][]{section.3567}{\376\377\000V\000E\0004\0007\0004\000:\000\040\000G\000A\000\040\000A\000R\000I\000S\000T\000I\000D\000E\000\040\000C\000O\000I\000N\000\040\000V\000E\000N\000E\000Z\000I\000A\000\040\0001\0009\0004\0009}{}% 3567
\BOOKMARK [1][]{section.3568}{\376\377\000V\000E\0004\0007\0005\000:\000\040\000A\000T\000L\000.\000J\000E\000S\000O\000L\000O\000\040\000T\000U\000R\000I\000S\000M\000O}{}% 3568
\BOOKMARK [1][]{section.3569}{\376\377\000V\000E\0004\0007\0008\000:\000\040\000C\000.\000G\000.\000S\000.\000M\000A\000R\000I\000S\000P\000O\000R\000T\000\040\000M\000O\000R\000O\000S\000I\000N\000I}{}% 3569
\BOOKMARK [1][]{section.3570}{\376\377\000V\000E\0004\0007\0009\000:\000\040\000P\000O\000L\000.\000C\000A\000O\000R\000L\000E}{}% 3570
\BOOKMARK [1][]{section.3571}{\376\377\000V\000E\0004\0008\0000\000:\000\040\000A\000S\000D\000\040\000V\000E\000N\000E\000Z\000I\000A\000\040\000T\000R\000I\000A\000T\000H\000L\000O\000N}{}% 3571
\BOOKMARK [1][]{section.3572}{\376\377\000V\000E\0004\0008\0002\000:\000\040\000C\000R\000A\000G\000E\000N\000E\000R\000A\000L\000I\000\040\000A\000S\000D}{}% 3572
\BOOKMARK [1][]{section.3573}{\376\377\000V\000E\0004\0008\0003\000:\000\040\000A\000T\000L\000E\000T\000I\000C\000A\000\040\000A\000S\000I\000\040\000V\000E\000N\000E\000T\000O}{}% 3573
\BOOKMARK [1][]{section.3574}{\376\377\000V\000E\0004\0008\0006\000:\000\040\000A\000S\000D\000\040\000B\000A\000R\000I\000Z\000Z\000A\000\040\000S\000P\000O\000R\000T}{}% 3574
\BOOKMARK [1][]{section.3575}{\376\377\000V\000E\0004\0008\0008\000:\000\040\000V\000I\000G\000I\000L\000I\000\040\000D\000E\000L\000\040\000F\000U\000O\000C\000O\000\040\000V\000E\000N\000E\000Z\000I\000A}{}% 3575
\BOOKMARK [1][]{section.3576}{\376\377\000V\000E\0004\0009\0000\000:\000\040\000A\000I\000L\000A\000T\000A\000N}{}% 3576
\BOOKMARK [1][]{section.3577}{\376\377\000V\000E\0004\0009\0001\000:\000\040\000E\000S\000S\000E\000T\000R\000E\000\040\000R\000U\000N\000N\000I\000N\000G}{}% 3577
\BOOKMARK [1][]{section.3578}{\376\377\000V\000E\0004\0009\0002\000:\000\040\000A\000T\000L\000E\000T\000I\000C\000A\000\040\000S\000A\000N\000\040\000M\000A\000R\000C\000O\000\040\000V\000E\000N\000E\000Z\000I\000A}{}% 3578
\BOOKMARK [1][]{section.3579}{\376\377\000V\000E\0004\0009\0005\000:\000\040\000M\000A\000R\000T\000E\000L\000L\000A\000G\000O\000\040\000R\000U\000N\000N\000I\000N\000G\000\040\000T\000E\000A\000M}{}% 3579
\BOOKMARK [1][]{section.3580}{\376\377\000V\000E\0004\0009\0009\000:\000\040\000M\000A\000R\000A\000T\000O\000N\000E\000T\000I\000\040\000E\000R\000A\000C\000L\000E\000A}{}% 3580
\BOOKMARK [1][]{section.3581}{\376\377\000V\000E\0005\0000\0000\000:\000\040\000A\000T\000L\000.\000M\000I\000R\000A\000F\000I\000O\000R\000I}{}% 3581
\BOOKMARK [1][]{section.3582}{\376\377\000V\000E\0005\0000\0002\000:\000\040\000A\000S\000D\000\040\000A\000T\000L\000\040\000L\000I\000B\000\040\000M\000I\000R\000A\000N\000O}{}% 3582
\BOOKMARK [1][]{section.3583}{\376\377\000V\000E\0005\0000\0004\000:\000\040\000G\000.\000S\000.\000A\000.\000\040\000V\000E\000N\000E\000Z\000I\000A}{}% 3583
\BOOKMARK [1][]{section.3584}{\376\377\000V\000E\0005\0000\0006\000:\000\040\000S\000P\000O\000T\000O\000R\000N\000I\000\040\000R\000U\000N}{}% 3584
\BOOKMARK [1][]{section.3585}{\376\377\000V\000E\0005\0000\0007\000:\000\040\000V\000E\000N\000I\000C\000E\000M\000A\000R\000A\000T\000H\000O\000N\000\040\000C\000L\000U\000B}{}% 3585
\BOOKMARK [1][]{section.3586}{\376\377\000V\000E\0005\0000\0008\000:\000\040\000A\000S\000D\000\040\000M\000A\000R\000A\000T\000H\000O\000N\000\040\000C\000A\000V\000A\000L\000L\000I\000\040\000M\000A\000R\000I\000N\000I}{}% 3586
\BOOKMARK [1][]{section.3587}{\376\377\000V\000E\0005\0001\0002\000:\000\040\000A\000S\000D\000\040\000V\000O\000L\000T\000A\000N}{}% 3587
\BOOKMARK [1][]{section.3588}{\376\377\000V\000E\0005\0001\0003\000:\000\040\000D\000L\000\040\000G\000R\000.\000P\000O\000D\000.\000\040\000E\000N\000I\000C\000H\000E\000M}{}% 3588
\BOOKMARK [1][]{section.3589}{\376\377\000V\000E\0005\0001\0004\000:\000\040\000A\000T\000L\000E\000T\000I\000C\000O\000\040\000S\000A\000L\000A}{}% 3589
\BOOKMARK [1][]{section.3590}{\376\377\000V\000E\0005\0001\0006\000:\000\040\000A\000S\000D\000\040\000R\000U\000N\000N\000E\000R\000S\000\040\000C\000L\000U\000B\000\040\000A\000G\000G\000G\000R\000E\000D\000I\000R\000E}{}% 3590
\BOOKMARK [1][]{section.3591}{\376\377\000V\000E\0005\0001\0009\000:\000\040\000A\000T\000L\000.\000\040\000D\000U\000E\000\040\000T\000O\000R\000R\000I\000\040\000S\000P\000O\000R\000T\000I\000N\000G\000\040\000N\000O\000A\000L\000E}{}% 3591
\BOOKMARK [1][]{section.3592}{\376\377\000V\000E\0005\0002\0000\000:\000\040\000A\000T\000L\000E\000T\000I\000C\000A\000\040\000B\000I\000B\000I\000O\000N\000E}{}% 3592
\BOOKMARK [1][]{section.3593}{\376\377\000V\000E\0005\0002\0002\000:\000\040\000A\000.\000S\000.\000D\000.\000\040\000A\000T\000L\000E\000T\000I\000C\000A\000\040\000S\000A\000N\000\040\000R\000O\000C\000C\000O}{}% 3593
\BOOKMARK [1][]{section.3594}{\376\377\000V\000E\0005\0002\0008\000:\000\040\000A\000T\000L\000E\000T\000I\000C\000A\000\040\000S\000A\000N\000\040\000D\000O\000N\000A\000'\000\040\000-\000\040\000E\000R\000A\000C\000L\000E\000A}{}% 3594
\BOOKMARK [1][]{section.3595}{\376\377\000V\000E\0005\0002\0009\000:\000\040\000R\000U\000N\000N\000I\000N\000G\000\040\000T\000E\000A\000M\000\040\000M\000E\000S\000T\000R\000E}{}% 3595
\BOOKMARK [1][]{section.3596}{\376\377\000V\000E\0005\0003\0000\000:\000\040\000L\000I\000G\000E\000R\000\040\000T\000E\000A\000M\000\040\000R\000U\000N\000N\000I\000N\000G}{}% 3596
\BOOKMARK [1][]{section.3597}{\376\377\000V\000E\0005\0003\0001\000:\000\040\000A\000S\000D\000\040\000A\000T\000L\000E\000T\000I\000C\000A\000\040\000S\000P\000E\000R\000A\000N\000Z\000A}{}% 3597
\BOOKMARK [1][]{section.3598}{\376\377\000V\000E\0005\0003\0002\000:\000\040\000A\000T\000L\000E\000T\000I\000C\000A\000\040\000A\000L\000B\000O\000R\000E\000\040\000M\000A\000R\000T\000E\000L\000L\000A\000G\000O}{}% 3598
\BOOKMARK [1][]{section.3599}{\376\377\000V\000E\0005\0003\0004\000:\000\040\000R\000U\000N\000\040\000S\000P\000I\000N\000E\000A\000\040\000R\000U\000N\000\040\000A\000.\000S\000.\000D\000.}{}% 3599
\BOOKMARK [1][]{section.3600}{\376\377\000V\000E\0005\0003\0005\000:\000\040\000T\000O\000R\000N\000A\000D\000O}{}% 3600
\BOOKMARK [1][]{section.3601}{\376\377\000V\000E\0005\0003\0006\000:\000\040\000R\000U\000N\000N\000I\000N\000G\000\040\000C\000L\000U\000B\000\040\000V\000E\000N\000E\000Z\000I\000A\000\040\000A\000.\000S\000.\000D\000.}{}% 3601
\BOOKMARK [1][]{section.3602}{\376\377\000V\000E\0005\0003\0009\000:\000\040\000P\000O\000L\000.\000G\000A\000Z\000Z\000E\000R\000A\000\040\000O\000L\000I\000M\000P\000I\000A\000\040\000C\000H\000I\000R\000I\000G\000N\000A\000G\000O}{}% 3602
\BOOKMARK [1][]{section.3603}{\376\377\000V\000E\0005\0004\0000\000:\000\040\000C\000A\000J\000G\000O\000\040\000R\000U\000N\000N\000E\000R\000S\000\040\000V\000E\000N\000E\000Z\000I\000A\000\040\000A\000S\000D}{}% 3603
\BOOKMARK [1][]{section.3604}{\376\377\000V\000E\0005\0004\0002\000:\000\040\000A\000S\000D\000\040\000B\000U\000N\000K\000E\000R\000\040\000S\000P\000O\000R\000T}{}% 3604
\BOOKMARK [1][]{section.3605}{\376\377\000V\000E\0005\0004\0004\000:\000\040\000V\000E\000N\000I\000C\000E\000M\000A\000R\000A\000T\000H\000O\000N\000\040\000S\000S\000D\000\040\000A\000\040\000R\000.\000L\000.}{}% 3605
\BOOKMARK [1][]{section.3606}{\376\377\000V\000E\0005\0004\0006\000:\000\040\000V\000E\000N\000E\000Z\000I\000A\000\040\000A\000T\000L\000E\000T\000I\000C\000A\000\040\000A\000S\000D}{}% 3606
\BOOKMARK [1][]{section.3607}{\376\377\000V\000E\0005\0005\0001\000:\000\040\000M\000A\000R\000A\000T\000O\000N\000E\000L\000L\000A\000\040\000A\000S\000D}{}% 3607
\BOOKMARK [1][]{section.3608}{\376\377\000V\000E\0005\0005\0002\000:\000\040\000A\000.\000S\000.\000D\000.\000\040\000J\000E\000S\000O\000L\000O\000\040\000T\000R\000I\000A\000T\000H\000L\000O\000N}{}% 3608
\BOOKMARK [1][]{section.3609}{\376\377\000V\000E\0005\0005\0003\000:\000\040\000U\000I\000S\000P\000\040\000M\000A\000R\000G\000H\000E\000R\000A\000\040\000A\000T\000L\000E\000T\000I\000C\000A}{}% 3609
\BOOKMARK [1][]{section.3610}{\376\377\000V\000E\0005\0005\0004\000:\000\040\000U\000M\000F\000\040\000V\000E\000N\000I\000C\000E\000\040\000T\000E\000A\000M\000\040\000A\000S\000D}{}% 3610
\BOOKMARK [1][]{section.3611}{\376\377\000V\000E\0005\0005\0005\000:\000\040\000A\000S\000D\000\040\000O\000L\000L\000\040\000S\000C\000A\000R\000S}{}% 3611
\BOOKMARK [1][]{section.3612}{\376\377\000V\000E\0005\0005\0008\000:\000\040\000P\000O\000R\000T\000O\000G\000R\000U\000A\000R\000O\000\040\000R\000U\000N\000N\000E\000R\000S}{}% 3612
\BOOKMARK [1][]{section.3613}{\376\377\000V\000E\0005\0005\0009\000:\000\040\000V\000E\000N\000E\000T\000O\000\040\000S\000P\000E\000C\000I\000A\000L\000\040\000S\000P\000O\000R\000T\000\040\000S\000S\000D\000\040\000A\000R\000L}{}% 3613
\BOOKMARK [1][]{section.3614}{\376\377\000V\000E\0005\0006\0001\000:\000\040\000P\000.\000G\000.\000S\000.\000\040\000H\000Y\000A\000D\000E\000S\000\040\000P\000A\000L\000L\000A\000V\000O\000L\000O\000\040\000K\000A\000R\000A\000T\000E}{}% 3614
\BOOKMARK [1][]{section.3615}{\376\377\000V\000I\0006\0001\0003\000:\000\040\000A\000T\000L\000E\000T\000I\000C\000A\000\040\000S\000C\000H\000I\000O}{}% 3615
\BOOKMARK [1][]{section.3616}{\376\377\000V\000I\0006\0001\0004\000:\000\040\000G\000R\000U\000P\000P\000O\000\040\000A\000T\000L\000E\000T\000I\000C\000O\000\040\000B\000A\000S\000S\000A\000N\000O\000\040\0001\0009\0004\0008}{}% 3616
\BOOKMARK [1][]{section.3617}{\376\377\000V\000I\0006\0001\0005\000:\000\040\000U\000.\000S\000.\000\040\000S\000U\000M\000M\000A\000N\000O}{}% 3617
\BOOKMARK [1][]{section.3618}{\376\377\000V\000I\0006\0001\0006\000:\000\040\000A\000T\000L\000.\000\040\000M\000A\000R\000O\000S\000T\000I\000C\000A\000\040\000V\000I\000M\000A\000R}{}% 3618
\BOOKMARK [1][]{section.3619}{\376\377\000V\000I\0006\0001\0007\000:\000\040\000N\000O\000V\000A\000T\000L\000E\000T\000I\000C\000A\000\040\000C\000I\000T\000T\000A\000\040\000D\000I\000\040\000S\000C\000H\000I\000O\000\040\000A\000S\000D}{}% 3619
\BOOKMARK [1][]{section.3620}{\376\377\000V\000I\0006\0001\0008\000:\000\040\000P\000O\000L\000.\000M\000O\000N\000T\000E\000C\000C\000H\000I\000O\000\040\000P\000R\000E\000C\000A\000L\000C\000I\000N\000O\000\040\000A\000S\000D}{}% 3620
\BOOKMARK [1][]{section.3621}{\376\377\000V\000I\0006\0001\0009\000:\000\040\000A\000S\000I\000\040\000A\000T\000L\000E\000T\000I\000C\000A\000\040\000B\000R\000E\000G\000A\000N\000Z\000E}{}% 3621
\BOOKMARK [1][]{section.3622}{\376\377\000V\000I\0006\0002\0000\000:\000\040\000G\000.\000S\000.\000\040\000L\000E\000O\000N\000I\000C\000E\000N\000A}{}% 3622
\BOOKMARK [1][]{section.3623}{\376\377\000V\000I\0006\0002\0001\000:\000\040\000P\000O\000L\000I\000S\000P\000O\000R\000T\000I\000V\000A\000\040\000D\000U\000E\000V\000I\000L\000L\000E}{}% 3623
\BOOKMARK [1][]{section.3624}{\376\377\000V\000I\0006\0002\0002\000:\000\040\000C\000S\000I\000\040\000A\000T\000L\000.\000\040\000P\000R\000O\000V\000I\000N\000C\000I\000A\000\040\000D\000I\000\040\000V\000I\000C\000E\000N\000Z\000A}{}% 3624
\BOOKMARK [1][]{section.3625}{\376\377\000V\000I\0006\0002\0003\000:\000\040\000A\000S\000S\000O\000C\000I\000A\000Z\000I\000O\000N\000E\000\040\000A\000T\000L\000E\000T\000I\000C\000A\000\040\000N\000.\000E\000.\000V\000I\000.}{}% 3625
\BOOKMARK [1][]{section.3626}{\376\377\000V\000I\0006\0002\0004\000:\000\040\000A\000.\000S\000.\000D\000.\000\040\000R\000I\000S\000O\000R\000G\000I\000V\000E\000\040\000A\000P\000S}{}% 3626
\BOOKMARK [1][]{section.3627}{\376\377\000V\000I\0006\0002\0006\000:\000\040\000A\000T\000L\000.\000V\000I\000C\000E\000N\000T\000I\000N\000A}{}% 3627
\BOOKMARK [1][]{section.3628}{\376\377\000V\000I\0006\0003\0001\000:\000\040\000S\000S\000\040\000A\000T\000L\000\040\000A\000R\000Z\000I\000G\000N\000A\000N\000O}{}% 3628
\BOOKMARK [1][]{section.3629}{\376\377\000V\000I\0006\0003\0002\000:\000\040\000G\000R\000.\000S\000P\000.\000D\000I\000L\000.\000S\000C\000O\000L\000\040\000M\000A\000R\000C\000O\000N\000I\000\040\000C\000A\000S\000S\000O\000L\000A}{}% 3629
\BOOKMARK [1][]{section.3630}{\376\377\000V\000I\0006\0003\0005\000:\000\040\000T\000E\000A\000M\000\040\000I\000T\000A\000L\000I\000A\000\040\000R\000O\000A\000D\000\040\000R\000U\000N\000N\000E\000R\000S}{}% 3630
\BOOKMARK [1][]{section.3631}{\376\377\000V\000I\0006\0004\0002\000:\000\040\000A\000T\000L\000.\000S\000C\000H\000I\000O\000\040\000M\000A\000R\000I\000O\000\040\000L\000A\000N\000Z\000I}{}% 3631
\BOOKMARK [1][]{section.3632}{\376\377\000V\000I\0006\0004\0003\000:\000\040\000R\000U\000N\000N\000E\000R\000S\000\040\000T\000E\000A\000M\000\040\000Z\000A\000N\000E\000'}{}% 3632
\BOOKMARK [1][]{section.3633}{\376\377\000V\000I\0006\0004\0004\000:\000\040\000P\000O\000L\000I\000S\000P\000O\000R\000T\000I\000V\000A\000\040\000V\000A\000L\000D\000A\000G\000N\000O}{}% 3633
\BOOKMARK [1][]{section.3634}{\376\377\000V\000I\0006\0004\0006\000:\000\040\000A\000.\000A\000.\000A\000.\000M\000A\000L\000O}{}% 3634
\BOOKMARK [1][]{section.3635}{\376\377\000V\000I\0006\0004\0009\000:\000\040\000A\000.\000N\000.\000A\000.\000\040\000V\000I\000C\000E\000N\000Z\000A}{}% 3635
\BOOKMARK [1][]{section.3636}{\376\377\000V\000I\0006\0005\0000\000:\000\040\000M\000A\000S\000T\000E\000R\000A\000T\000L\000E\000T\000I\000C\000A}{}% 3636
\BOOKMARK [1][]{section.3637}{\376\377\000V\000I\0006\0005\0002\000:\000\040\000A\000S\000D\000\040\000A\000T\000L\000E\000T\000I\000C\000A\000\040\000I\000R\000O\000N\000\040\000G\000Y\000M}{}% 3637
\BOOKMARK [1][]{section.3638}{\376\377\000V\000I\0006\0005\0004\000:\000\040\000V\000I\000C\000E\000N\000Z\000A\000\040\000R\000U\000N\000N\000E\000R\000S}{}% 3638
\BOOKMARK [1][]{section.3639}{\376\377\000V\000I\0006\0005\0006\000:\000\040\000A\000S\000D\000\040\000A\000T\000L\000E\000T\000I\000C\000A\000\040\000O\000V\000E\000S\000T\000\040\000V\000I\000C\000E\000N\000T\000I\000N\000O}{}% 3639
\BOOKMARK [1][]{section.3640}{\376\377\000V\000I\0006\0005\0009\000:\000\040\000E\000M\000M\000E\000\040\000R\000U\000N\000N\000I\000N\000G\000\040\000T\000E\000A\000M}{}% 3640
\BOOKMARK [1][]{section.3641}{\376\377\000V\000I\0006\0006\0000\000:\000\040\000V\000I\000C\000E\000N\000Z\000A\000\040\000M\000A\000R\000A\000T\000H\000O\000N}{}% 3641
\BOOKMARK [1][]{section.3642}{\376\377\000V\000I\0006\0006\0001\000:\000\040\000T\000E\000R\000Z\000O\000\040\000T\000E\000M\000P\000O}{}% 3642
\BOOKMARK [1][]{section.3643}{\376\377\000V\000I\0006\0006\0002\000:\000\040\000L\000A\000\040\000F\000U\000L\000M\000I\000N\000E\000A\000\040\000R\000U\000N\000N\000I\000N\000G\000\040\000T\000E\000A\000M\000\040\000S\000I\000N\000C\000E}{}% 3643
\BOOKMARK [1][]{section.3644}{\376\377\000V\000I\0006\0006\0003\000:\000\040\000P\000O\000L\000I\000S\000P\000O\000R\000T\000I\000V\000A\000\040\000A\000U\000R\000O\000R\000A\000\040\0007\0006\000\040\000A\000S\000D}{}% 3644
\BOOKMARK [1][]{section.3645}{\376\377\000V\000I\0006\0006\0004\000:\000\040\000A\000T\000L\000E\000T\000I\000C\000A\000\040\000S\000E\000R\000E\000N\000I\000S\000S\000I\000M\000A\000\040\000A\000S\000D}{}% 3645
\BOOKMARK [1][]{section.3646}{\376\377\000V\000I\0006\0006\0006\000:\000\040\000A\000S\000D\000\040\000N\000I\000C\000O\000\040\000R\000U\000N\000N\000E\000R\000S}{}% 3646
\BOOKMARK [1][]{section.3647}{\376\377\000V\000I\0006\0006\0007\000:\000\040\000S\000P\000O\000R\000T\000\040\000R\000A\000C\000E\000\040\000A\000.\000S\000.\000D\000.}{}% 3647
\BOOKMARK [1][]{section.3648}{\376\377\000V\000I\0006\0006\0009\000:\000\040\000A\000F\000V\000\040\000B\000E\000L\000T\000R\000A\000M\000E}{}% 3648
\BOOKMARK [1][]{section.3649}{\376\377\000V\000I\0006\0007\0000\000:\000\040\000G\000R\000\040\000S\000P\000O\000R\000T\000I\000V\000O\000\040\000A\000L\000P\000I\000N\000I\000\040\000V\000I\000C\000E\000N\000Z\000A\000\040\000A\000S\000D}{}% 3649
\BOOKMARK [1][]{section.3650}{\376\377\000V\000I\0006\0007\0006\000:\000\040\000M\000A\000R\000U\000N\000N\000E\000R\000S}{}% 3650
\BOOKMARK [1][]{section.3651}{\376\377\000V\000I\0006\0007\0009\000:\000\040\000A\000S\000D\000\040\000G\000R\000U\000M\000O\000L\000O}{}% 3651
\BOOKMARK [1][]{section.3652}{\376\377\000V\000I\0006\0008\0000\000:\000\040\000S\000K\000Y\000R\000U\000N\000N\000E\000R\000S\000\040\000L\000E\000\040\000V\000I\000G\000N\000E\000\040\000V\000I\000C\000E\000N\000Z\000A}{}% 3652
\BOOKMARK [1][]{section.3653}{\376\377\000V\000I\0006\0008\0001\000:\000\040\000A\000.\000S\000.\000D\000.\000\040\000M\000A\000C\000U\000R\000I\000\040\000T\000E\000A\000M}{}% 3653
\BOOKMARK [1][]{section.3654}{\376\377\000V\000I\0006\0008\0002\000:\000\040\000A\000S\000D\000\040\000P\000O\000L\000I\000S\000P\000O\000R\000T\000I\000V\000A\000\040\000F\000U\000L\000G\000O\000R\000\040\000T\000H\000I\000E\000N\000E}{}% 3654
\BOOKMARK [1][]{section.3655}{\376\377\000V\000I\0006\0008\0003\000:\000\040\000A\000S\000D\000\040\000D\000E\000L\000T\000A\000\040\000S\000P\000O\000R\000T\000\040\000P\000E\000R\000F\000O\000R\000M\000A\000N\000C\000E}{}% 3655
\BOOKMARK [1][]{section.3656}{\376\377\000V\000I\0006\0008\0004\000:\000\040\000V\000A\000L\000L\000E\000Y\000\040\000A\000T\000H\000L\000E\000T\000I\000C\000S\000\040\000T\000E\000A\000M\000\040\000A\000.\000S\000.\000D\000.}{}% 3656
\BOOKMARK [1][]{section.3657}{\376\377\000V\000I\0006\0008\0006\000:\000\040\000A\000T\000L\000E\000T\000I\000C\000A\000\040\000P\000E\000D\000E\000M\000O\000N\000T\000A\000N\000A\000\040\000V\000E\000N\000E\000T\000A}{}% 3657
\BOOKMARK [1][]{section.3658}{\376\377\000V\000R\0007\0006\0001\000:\000\040\000A\000T\000L\000.\000\040\000I\000N\000S\000I\000E\000M\000E\000\040\000V\000E\000R\000O\000N\000A}{}% 3658
\BOOKMARK [1][]{section.3659}{\376\377\000V\000R\0007\0006\0002\000:\000\040\000A\000T\000L\000.\000\040\000V\000R\000\040\000A\000S\000D\000\040\000P\000I\000N\000D\000E\000M\000O\000N\000T\000E}{}% 3659
\BOOKMARK [1][]{section.3660}{\376\377\000V\000R\0007\0006\0004\000:\000\040\000U\000.\000S\000.\000\040\000S\000A\000N\000\040\000M\000A\000R\000T\000I\000N\000O\000\040\000B\000.\000\040\000A\000.}{}% 3660
\BOOKMARK [1][]{section.3661}{\376\377\000V\000R\0007\0006\0009\000:\000\040\000P\000O\000L\000.\000\040\000L\000I\000B\000E\000R\000T\000A\000S\000\040\000L\000U\000P\000A\000T\000O\000T\000I\000N\000A}{}% 3661
\BOOKMARK [1][]{section.3662}{\376\377\000V\000R\0007\0007\0000\000:\000\040\000G\000.\000S\000.\000\040\000L\000U\000G\000A\000G\000N\000A\000N\000O}{}% 3662
\BOOKMARK [1][]{section.3663}{\376\377\000V\000R\0007\0007\0005\000:\000\040\000A\000T\000L\000E\000T\000I\000C\000A\000\040\000B\000O\000V\000O\000L\000O\000N\000E}{}% 3663
\BOOKMARK [1][]{section.3664}{\376\377\000V\000R\0007\0007\0006\000:\000\040\000A\000T\000L\000E\000T\000I\000C\000A\000\040\000P\000R\000I\000S\000M\000A\000\040\000S\000P\000E\000D\000I\000Z\000I\000O\000N\000I}{}% 3664
\BOOKMARK [1][]{section.3665}{\376\377\000V\000R\0007\0007\0007\000:\000\040\000U\000.\000S\000.\000\040\000I\000N\000T\000R\000E\000P\000I\000D\000A}{}% 3665
\BOOKMARK [1][]{section.3666}{\376\377\000V\000R\0007\0008\0001\000:\000\040\000A\000.\000S\000.\000D\000.\000\040\000A\000T\000L\000E\000T\000I\000C\000A\000\040\000V\000A\000L\000P\000O\000L\000I\000C\000E\000L\000L\000A}{}% 3666
\BOOKMARK [1][]{section.3667}{\376\377\000V\000R\0007\0008\0003\000:\000\040\000A\000S\000D\000\040\000S\000.\000\040\000P\000A\000O\000L\000O\000\040\000V\000A\000L\000E\000G\000G\000I\000O}{}% 3667
\BOOKMARK [1][]{section.3668}{\376\377\000V\000R\0007\0008\0004\000:\000\040\000F\000O\000N\000D\000A\000Z\000I\000O\000N\000E\000\040\000M\000.\000\040\000B\000E\000N\000T\000E\000G\000O\000D\000I}{}% 3668
\BOOKMARK [1][]{section.3669}{\376\377\000V\000R\0007\0008\0005\000:\000\040\000A\000S\000D\000\040\000V\000A\000L\000D\000A\000L\000P\000O\000N\000E}{}% 3669
\BOOKMARK [1][]{section.3670}{\376\377\000V\000R\0007\0009\0005\000:\000\040\000G\000.\000S\000.\000D\000.\000\040\000G\000.\000\040\000B\000I\000A\000S\000I\000N\000\040\000I\000L\000L\000A\000S\000I}{}% 3670
\BOOKMARK [1][]{section.3671}{\376\377\000V\000R\0007\0009\0008\000:\000\040\000A\000S\000D\000\040\000A\000T\000L\000E\000T\000I\000C\000A\000\040\000C\000E\000R\000E\000A}{}% 3671
\BOOKMARK [1][]{section.3672}{\376\377\000V\000R\0007\0009\0009\000:\000\040\000G\000.\000S\000.\000D\000I\000L\000.\000\040\000G\000U\000A\000R\000I\000N\000O}{}% 3672
\BOOKMARK [1][]{section.3673}{\376\377\000V\000R\0008\0000\0000\000:\000\040\000A\000.\000S\000.\000D\000.\000\040\000A\000T\000L\000E\000T\000I\000C\000A\000\040\000L\000U\000P\000A\000T\000O\000T\000I\000N\000A}{}% 3673
\BOOKMARK [1][]{section.3674}{\376\377\000V\000R\0008\0000\0002\000:\000\040\000G\000.\000S\000.\000D\000.\000\040\000M\000O\000M\000B\000O\000C\000A\000R}{}% 3674
\BOOKMARK [1][]{section.3675}{\376\377\000V\000R\0008\0001\0005\000:\000\040\000P\000O\000L\000.\000\040\000A\000D\000I\000G\000E\000\040\000B\000U\000O\000N\000\040\000P\000A\000S\000T\000O\000R\000E}{}% 3675
\BOOKMARK [1][]{section.3676}{\376\377\000V\000R\0008\0002\0000\000:\000\040\000P\000S\000G\000\040\000F\000O\000V\000E\000R\000\040\000V\000I\000L\000L\000A\000F\000R\000A\000N\000C\000A\000\040\000V\000R}{}% 3676
\BOOKMARK [1][]{section.3677}{\376\377\000V\000R\0008\0002\0001\000:\000\040\000A\000T\000L\000.\000\040\000B\000A\000L\000D\000O\000-\000G\000A\000R\000D\000A\000\040\000C\000A\000P\000R\000I\000N\000O\000\040\000V\000.\000S\000E}{}% 3677
\BOOKMARK [1][]{section.3678}{\376\377\000V\000R\0008\0002\0005\000:\000\040\000C\000.\000U\000.\000S\000.\000\040\000V\000E\000R\000O\000N\000A\000\040\000S\000E\000Z\000.\000\040\000A\000T\000L\000E\000T\000I\000C\000A}{}% 3678
\BOOKMARK [1][]{section.3679}{\376\377\000V\000R\0008\0002\0006\000:\000\040\000A\000T\000L\000E\000T\000I\000C\000A\000\040\000L\000E\000G\000N\000A\000G\000O}{}% 3679
\BOOKMARK [1][]{section.3680}{\376\377\000V\000R\0008\0002\0008\000:\000\040\000A\000S\000D\000\040\000M\000A\000R\000A\000T\000H\000O\000N\000\040\000L\000E\000G\000N\000A\000G\000O}{}% 3680
\BOOKMARK [1][]{section.3681}{\376\377\000V\000R\0008\0003\0000\000:\000\040\000G\000.\000A\000.\000A\000.\000C\000.\000\040\0002\0000\0000\0007\000\040\000V\000E\000R\000O\000N\000A\000M\000A\000R\000A\000T\000H\000O\000N}{}% 3681
\BOOKMARK [1][]{section.3682}{\376\377\000V\000R\0008\0003\0001\000:\000\040\000A\000S\000D\000\040\000A\000T\000L\000E\000T\000I\000C\000A\000\040\000V\000I\000L\000L\000A\000F\000R\000A\000N\000C\000A\000\040\000V\000R}{}% 3682
\BOOKMARK [1][]{section.3683}{\376\377\000V\000R\0008\0003\0002\000:\000\040\000A\000.\000S\000.\000D\000.\000\040\000L\000A\000\040\000R\000U\000S\000T\000I\000C\000A\000\040\000P\000E\000S\000C\000A\000N\000T\000I\000N\000A}{}% 3683
\BOOKMARK [1][]{section.3684}{\376\377\000V\000R\0008\0003\0003\000:\000\040\000L\000I\000B\000.\000\040\000V\000A\000L\000P\000O\000L\000I\000C\000E\000L\000L\000A\000\040\000L\000U\000P\000A\000T\000O\000T\000I\000N\000A}{}% 3684
\BOOKMARK [1][]{section.3685}{\376\377\000V\000R\0008\0003\0005\000:\000\040\000A\000.\000S\000.\000D\000.\000\040\000T\000E\000A\000M\000\040\000K\000M\000\040\000S\000P\000O\000R\000T}{}% 3685
\BOOKMARK [1][]{section.3686}{\376\377\000V\000R\0008\0003\0006\000:\000\040\000G\000I\000A\000N\000C\000A\000R\000L\000O\000\040\000B\000I\000A\000S\000I\000N\000\040\000I\000L\000L\000A\000S\000I\000\040\000A\000S\000D}{}% 3686
\BOOKMARK [1][]{section.3687}{\376\377\000V\000R\0008\0003\0007\000:\000\040\000A\000T\000L\000E\000T\000I\000C\000A\000\040\000A\000D\000I\000G\000E}{}% 3687
\BOOKMARK [1][]{section.3688}{\376\377\000V\000R\0008\0003\0009\000:\000\040\000A\000T\000L\000E\000T\000I\000C\000A\000\040\000P\000R\000I\000S\000M\000A\000\040\000L\000O\000G\000I\000S\000T\000I\000C\000S\000\040\000A\000S\000D}{}% 3688
\BOOKMARK [1][]{section.3689}{\376\377\000V\000R\0008\0004\0000\000:\000\040\000W\000O\000M\000A\000N\000\040\000T\000R\000I\000A\000T\000H\000L\000O\000N\000\040\000I\000T\000A\000L\000I\000A\000\040\000A\000.\000S\000.\000D\000.}{}% 3689
\BOOKMARK [1][]{section.3690}{\376\377\000V\000R\0008\0004\0002\000:\000\040\000T\000R\000A\000G\000U\000A\000R\000D\000O\000\040\000V\000O\000L\000A\000N\000T\000E\000\040\000R\000A\000C\000I\000N\000G}{}% 3690
\BOOKMARK [1][]{section.3691}{\376\377\000V\000R\0008\0004\0004\000:\000\040\000B\000O\000S\000C\000A\000I\000N\000I\000\040\000R\000U\000N\000N\000E\000R\000S}{}% 3691
\BOOKMARK [1][]{section.3692}{\376\377\000V\000R\0008\0004\0005\000:\000\040\000A\000S\000S\000O\000C\000I\000A\000Z\000I\000O\000N\000E\000\040\000S\000T\000R\000A\000V\000E\000R\000O\000N\000A\000\040\000A\000S\000D}{}% 3692
\BOOKMARK [1][]{section.3693}{\376\377\000V\000R\0008\0004\0006\000:\000\040\000A\000S\000D\000\040\000A\000T\000L\000E\000T\000I\000C\000A\000\040\000S\000B\000V}{}% 3693
\BOOKMARK [1][]{section.3694}{\376\377\000V\000R\0008\0004\0007\000:\000\040\000V\000E\000R\000O\000N\000A\000\040\000R\000U\000N\000N\000E\000R\000\040\000T\000O\000G\000E\000T\000H\000E\000R\000\040\000F\000R\000E\000E}{}% 3694
\BOOKMARK [1][]{section.3695}{\376\377\000V\000R\0008\0004\0008\000:\000\040\000A\000S\000D\000\040\000R\000E\000V\000E\000L\000O}{}% 3695
\BOOKMARK [1][]{section.3696}{\376\377\000V\000R\0008\0004\0009\000:\000\040\000T\000R\000I\000A\000T\000H\000L\000O\000N\000\040\000\046\000\040\000T\000R\000A\000I\000N\000I\000N\000G\000\040\000S\000S\000D}{}% 3696
\BOOKMARK [1][]{section.3697}{\376\377\000V\000R\0008\0005\0000\000:\000\040\000B\000L\000A\000C\000K\000\040\000W\000A\000R\000R\000I\000O\000R\000S\000\040\000A\000S\000D}{}% 3697
\BOOKMARK [1][]{section.3698}{\376\377\000V\000R\0008\0005\0001\000:\000\040\000V\000R\000M\000\040\000T\000E\000A\000M\000\040\000A\000S\000D}{}% 3698
\BOOKMARK [1][]{section.3699}{\376\377\000V\000R\0008\0005\0002\000:\000\040\000E\000S\000E\000R\000C\000I\000T\000O\000-\0004\000\040\000R\000E\000G\000G\000.\000\040\000A\000L\000P\000I\000N\000I\000\040\000P\000A\000R\000A\000C\000.}{}% 3699
\BOOKMARK [1][]{section.3700}{\376\377\000V\000R\0008\0005\0006\000:\000\040\000M\000Y\000P\000A\000C\000E\000\040\000R\000U\000N\000N\000I\000N\000G\000\040\000T\000E\000A\000M}{}% 3700
\BOOKMARK [1][]{section.3701}{\376\377\000V\000R\0008\0005\0007\000:\000\040\000H\000O\000P\000\040\000S\000T\000E\000P\000\040\000J\000U\000M\000P\000\040\000V\000A\000L\000E\000G\000G\000I\000O\000\040\000A\000T\000L\000E\000T\000I\000C}{}% 3701
\BOOKMARK [1][]{section.3702}{\376\377\000V\000R\0008\0005\0008\000:\000\040\000A\000.\000S\000.\000D\000.\000\040\000V\000E\000R\000O\000N\000A\000\040\000T\000R\000A\000I\000L\000\040\000R\000U\000N\000N\000E\000R\000S}{}% 3702
\BOOKMARK [1][]{section.3703}{\376\377\000V\000T\0000\0000\0004\000:\000\040\000P\000O\000L\000I\000S\000P\000O\000R\000T\000I\000V\000A\000\040\000M\000O\000N\000T\000A\000L\000T\000O\000\040\000A\000S\000D}{}% 3703
\BOOKMARK [1][]{section.3704}{\376\377\000V\000T\0000\0000\0008\000:\000\040\000P\000O\000L\000.\000\040\000V\000I\000T\000O\000R\000C\000H\000I\000A\000N\000E\000S\000E}{}% 3704
\BOOKMARK [1][]{section.3705}{\376\377\000V\000T\0000\0001\0004\000:\000\040\000A\000T\000L\000E\000T\000I\000C\000A\000\040\000O\000R\000T\000E}{}% 3705
\BOOKMARK [1][]{section.3706}{\376\377\000V\000T\0000\0001\0005\000:\000\040\000A\000.\000S\000.\000D\000.\000\040\000V\000I\000T\000E\000R\000B\000O\000\040\000R\000U\000N\000N\000E\000R\000S}{}% 3706
\BOOKMARK [1][]{section.3707}{\376\377\000V\000T\0000\0002\0000\000:\000\040\000A\000.\000S\000.\000D\000.\000\040\000A\000T\000L\000E\000T\000I\000C\000A\000\040\000V\000E\000T\000R\000A\000L\000L\000A}{}% 3707
\BOOKMARK [1][]{section.3708}{\376\377\000V\000T\0000\0005\0000\000:\000\040\000A\000.\000S\000.\000D\000.\000\040\000A\000T\000\040\000R\000U\000N\000N\000I\000N\000G}{}% 3708
\BOOKMARK [1][]{section.3709}{\376\377\000V\000T\0002\0000\0000\000:\000\040\000A\000S\000D\000\040\000B\000O\000L\000S\000E\000N\000A\000\040\000F\000O\000R\000U\000M\000\040\000S\000P\000O\000R\000T}{}% 3709
\BOOKMARK [1][]{section.3710}{\376\377\000V\000T\0002\0000\0007\000:\000\040\000A\000S\000D\000\040\000A\000T\000L\000E\000T\000I\000C\000A\000\040\000V\000I\000T\000E\000R\000B\000O}{}% 3710
\BOOKMARK [1][]{section.3711}{\376\377\000V\000T\0002\0001\0005\000:\000\040\000A\000T\000L\000.\000\040\000F\000U\000L\000G\000U\000R\000\040\000T\000U\000S\000C\000A\000N\000I\000A}{}% 3711
\BOOKMARK [1][]{section.3712}{\376\377\000V\000T\0002\0002\0002\000:\000\040\000A\000T\000L\000.\000\040\0009\0000\000\040\000T\000A\000R\000Q\000U\000I\000N\000I\000A}{}% 3712
\BOOKMARK [1][]{section.3713}{\376\377\000V\000T\0003\0000\0000\000:\000\040\000A\000.\000S\000.\000D\000.\000\040\000A\000T\000L\000E\000T\000I\000C\000A\000\040\000O\000R\000T\000E}{}% 3713
\BOOKMARK [1][]{section.3714}{\376\377\000V\000T\0005\0000\0001\000:\000\040\000A\000L\000T\000O\000\040\000L\000A\000Z\000I\000O\000\040\000A\000.\000S\000.\000D\000.}{}% 3714
\BOOKMARK [1][]{section.3715}{\376\377\000V\000T\0005\0000\0005\000:\000\040\000A\000.\000S\000.\000D\000.\000\040\000A\000T\000L\000E\000T\000I\000C\000A\000\040\000N\000E\000P\000I}{}% 3715
\BOOKMARK [1][]{section.3716}{\376\377\000V\000T\0005\0001\0000\000:\000\040\000R\000U\000N\000N\000E\000R\000S\000\040\000C\000A\000N\000I\000N\000O\000\040\000A\000S\000D}{}% 3716
\BOOKMARK [1][]{section.3717}{\376\377\000V\000T\0005\0001\0004\000:\000\040\000A\000T\000L\000.\000\040\000D\000I\000\040\000M\000A\000R\000C\000O\000\040\000S\000P\000O\000R\000T}{}% 3717
\BOOKMARK [1][]{section.3718}{\376\377\000V\000T\0005\0008\0005\000:\000\040\000A\000S\000D\000\040\000N\000I\000S\000S\000O\000L\000I\000N\000O\000\040\000A\000T\000L\000E\000T\000I\000C\000A\000\040\000T\000U\000S\000C\000I\000A}{}% 3718
\BOOKMARK [1][]{section.3719}{\376\377\000V\000V\0002\0008\0007\000:\000\040\000A\000T\000L\000.\000P\000I\000Z\000Z\000O\000\040\0009\0007}{}% 3719
\BOOKMARK [1][]{section.3720}{\376\377\000V\000V\0003\0005\0001\000:\000\040\000A\000T\000L\000E\000T\000I\000C\000A\000\040\000V\000I\000B\000O\000\040\000V\000A\000L\000E\000N\000T\000I\000A}{}% 3720
\BOOKMARK [1][]{section.3721}{\376\377\000V\000V\0003\0006\0003\000:\000\040\000M\000I\000L\000E\000T\000O\000\040\000M\000A\000R\000A\000T\000H\000O\000N}{}% 3721
\BOOKMARK [1][]{section.3722}{\376\377\000V\000V\0003\0006\0009\000:\000\040\000C\000O\000N\000O\000S\000C\000E\000R\000E\000\040\000J\000O\000N\000A\000D\000I}{}% 3722
\BOOKMARK [1][]{section.3723}{\376\377\000V\000V\0003\0007\0003\000:\000\040\000A\000.\000S\000.\000D\000.\000\040\000A\000T\000L\000E\000T\000I\000C\000A\000\040\000S\000A\000N\000\040\000C\000O\000S\000T\000A\000N\000T\000I\000N\000O}{}% 3723
\BOOKMARK [1][]{section.3724}{\376\377\000V\000V\0004\0002\0005\000:\000\040\000F\000I\000L\000A\000D\000E\000L\000F\000I\000A\000T\000L\000E\000T\000I\000C\000A}{}% 3724
